/*
 * gh_sprites.c
 * Sprites del Guitar Hero (estilo retrowave), generados automáticamente.
 * Formato: RGB565, 2 bytes por píxel, byte alto primero (lo que esperan LCD_BitmapFast / LCD_SpriteFast).
 * Los arreglos NO son const -> el enlazador los coloca en RAM (.data), igual que megaman[] en Bitmaps.h.
 * Fondo de los sprites: negro (0x0000), así que se dibujan opacos y rápidos sobre fondo negro.
 * Total en RAM: 98304 bytes.
 */
#include "gh_sprites.h"

/* Hoja botón green: 144x48, 3 cuadros de 48x48 (0=reposo, 1=presionado, 2=sostenido) */
uint8_t btn_green[13824] = {
  0x00, 0x00, 0x00, 0x00, 0x00, 0x00, 0x00, 0x00, 0x00, 0x00, 0x00, 0x00, 0x00, 0x00, 0x00, 0x00, 0x00, 0x00, 0x00, 0x00, 0x00, 0x00, 0x00, 0x00,
  0x00, 0x00, 0x00, 0x00, 0x00, 0x00, 0x00, 0x00, 0x00, 0x00, 0x00, 0x00, 0x00, 0x00, 0x00, 0x00, 0x00, 0x00, 0x00, 0x00, 0x00, 0x00, 0x00, 0x00,
  0x00, 0x00, 0x00, 0x00, 0x00, 0x00, 0x00, 0x00, 0x00, 0x00, 0x00, 0x00, 0x00, 0x00, 0x00, 0x00, 0x00, 0x00, 0x00, 0x00, 0x00, 0x00, 0x00, 0x00,
  0x00, 0x00, 0x00, 0x00, 0x00, 0x00, 0x00, 0x00, 0x00, 0x00, 0x00, 0x00, 0x00, 0x00, 0x00, 0x00, 0x00, 0x00, 0x00, 0x00, 0x00, 0x00, 0x00, 0x00,
  0x00, 0x00, 0x00, 0x00, 0x00, 0x00, 0x00, 0x00, 0x00, 0x00, 0x00, 0x00, 0x00, 0x00, 0x00, 0x00, 0x00, 0x00, 0x00, 0x00, 0x00, 0x00, 0x00, 0x00,
  0x00, 0x00, 0x00, 0x00, 0x00, 0x00, 0x00, 0x00, 0x00, 0x00, 0x00, 0x00, 0x00, 0x00, 0x00, 0x00, 0x00, 0x00, 0x00, 0x00, 0x00, 0x00, 0x00, 0x00,
  0x00, 0x00, 0x00, 0x00, 0x00, 0x00, 0x00, 0x00, 0x00, 0x00, 0x00, 0x00, 0x00, 0x00, 0x00, 0x00, 0x00, 0x00, 0x00, 0x00, 0x00, 0x00, 0x00, 0x00,
  0x00, 0x00, 0x00, 0x00, 0x00, 0x00, 0x00, 0x00, 0x00, 0x00, 0x00, 0x00, 0x00, 0x00, 0x00, 0x00, 0x00, 0x00, 0x00, 0x00, 0x00, 0x00, 0x00, 0x00,
  0x00, 0x00, 0x00, 0x00, 0x00, 0x00, 0x00, 0x00, 0x00, 0x00, 0x02, 0x64, 0x02, 0x64, 0x02, 0x64, 0x02, 0x64, 0x02, 0x64, 0x02, 0x64, 0x02, 0x64,
  0x02, 0x64, 0x02, 0x64, 0x02, 0x64, 0x02, 0x64, 0x02, 0x64, 0x02, 0x64, 0x02, 0x64, 0x02, 0x64, 0x02, 0x64, 0x02, 0x64, 0x02, 0x64, 0x02, 0x64,
  0x02, 0x64, 0x02, 0x64, 0x02, 0x64, 0x02, 0x64, 0x02, 0x64, 0x02, 0x64, 0x02, 0x64, 0x02, 0x64, 0x02, 0x64, 0x02, 0x64, 0x02, 0x64, 0x02, 0x64,
  0x02, 0x64, 0x02, 0x64, 0x02, 0x64, 0x02, 0x64, 0x02, 0x64, 0x02, 0x64, 0x02, 0x64, 0x00, 0x00, 0x00, 0x00, 0x00, 0x00, 0x00, 0x00, 0x00, 0x00,
  0x00, 0x00, 0x00, 0x00, 0x00, 0x00, 0x00, 0x00, 0x00, 0x00, 0x00, 0x00, 0x00, 0x00, 0x00, 0x00, 0x00, 0x00, 0x00, 0x00, 0x00, 0x00, 0x00, 0x00,
  0x00, 0x00, 0x00, 0x00, 0x00, 0x00, 0x00, 0x00, 0x00, 0x00, 0x00, 0x00, 0x00, 0x00, 0x00, 0x00, 0x00, 0x00, 0x00, 0x00, 0x00, 0x00, 0x00, 0x00,
  0x00, 0x00, 0x00, 0x00, 0x00, 0x00, 0x00, 0x00, 0x00, 0x00, 0x00, 0x00, 0x00, 0x00, 0x00, 0x00, 0x00, 0x00, 0x00, 0x00, 0x00, 0x00, 0x00, 0x00,
  0x00, 0x00, 0x00, 0x00, 0x00, 0x00, 0x00, 0x00, 0x00, 0x00, 0x00, 0x00, 0x00, 0x00, 0x00, 0x00, 0x00, 0x00, 0x00, 0x00, 0x00, 0x00, 0x00, 0x00,
  0x00, 0x00, 0x00, 0x00, 0x00, 0x00, 0x00, 0x00, 0x00, 0x00, 0x00, 0x00, 0x00, 0x00, 0x00, 0x00, 0x00, 0x00, 0x00, 0x00, 0x00, 0x00, 0x00, 0x00,
  0x00, 0x00, 0x00, 0x00, 0x00, 0x00, 0x00, 0x00, 0x00, 0x00, 0x00, 0x00, 0x00, 0x00, 0x00, 0x00, 0x00, 0x00, 0x00, 0x00, 0x00, 0x00, 0x00, 0x00,
  0x00, 0x00, 0x00, 0x00, 0x00, 0x00, 0x00, 0x00, 0x00, 0x00, 0x00, 0x00, 0x00, 0x00, 0x00, 0x00, 0x00, 0x00, 0x00, 0x00, 0x00, 0x00, 0x00, 0x00,
  0x00, 0x00, 0x00, 0x00, 0x00, 0x00, 0x00, 0x00, 0x00, 0x00, 0x00, 0x00, 0x00, 0x00, 0x00, 0x00, 0x00, 0x00, 0x00, 0x00, 0x00, 0x00, 0x00, 0x00,
  0x00, 0x00, 0x00, 0x00, 0x00, 0x00, 0x02, 0x64, 0x02, 0x64, 0x04, 0xC9, 0x04, 0xC9, 0x04, 0xC9, 0x04, 0xC9, 0x04, 0xC9, 0x04, 0xC9, 0x04, 0xC9,
  0x04, 0xC9, 0x04, 0xC9, 0x04, 0xC9, 0x04, 0xC9, 0x04, 0xC9, 0x04, 0xC9, 0x04, 0xC9, 0x04, 0xC9, 0x04, 0xC9, 0x04, 0xC9, 0x04, 0xC9, 0x04, 0xC9,
  0x04, 0xC9, 0x04, 0xC9, 0x04, 0xC9, 0x04, 0xC9, 0x04, 0xC9, 0x04, 0xC9, 0x04, 0xC9, 0x04, 0xC9, 0x04, 0xC9, 0x04, 0xC9, 0x04, 0xC9, 0x04, 0xC9,
  0x04, 0xC9, 0x04, 0xC9, 0x04, 0xC9, 0x04, 0xC9, 0x04, 0xC9, 0x04, 0xC9, 0x04, 0xC9, 0x02, 0x64, 0x02, 0x64, 0x00, 0x00, 0x00, 0x00, 0x00, 0x00,
  0x00, 0x00, 0x00, 0x00, 0x00, 0x00, 0x00, 0x00, 0x00, 0x00, 0x00, 0x00, 0x00, 0x00, 0x00, 0x00, 0x00, 0x00, 0x00, 0x00, 0x00, 0x00, 0x00, 0x00,
  0x00, 0x00, 0x00, 0x00, 0x00, 0x00, 0x00, 0x00, 0x00, 0x00, 0x00, 0x00, 0x00, 0x00, 0x00, 0x00, 0x00, 0x00, 0x00, 0x00, 0x00, 0x00, 0x00, 0x00,
  0x00, 0x00, 0x00, 0x00, 0x00, 0x00, 0x00, 0x00, 0x00, 0x00, 0x00, 0x00, 0x00, 0x00, 0x00, 0x00, 0x00, 0x00, 0x00, 0x00, 0x00, 0x00, 0x00, 0x00,
  0x00, 0x00, 0x00, 0x00, 0x00, 0x00, 0x00, 0x00, 0x00, 0x00, 0x00, 0x00, 0x00, 0x00, 0x00, 0x00, 0x00, 0x00, 0x00, 0x00, 0x00, 0x00, 0x00, 0x00,
  0x00, 0x00, 0x00, 0x00, 0x00, 0x00, 0x00, 0x00, 0x00, 0x00, 0x00, 0x00, 0x00, 0x00, 0x00, 0x00, 0x00, 0x00, 0x00, 0x00, 0x00, 0x00, 0x00, 0x00,
  0x00, 0x00, 0x00, 0x00, 0x00, 0x00, 0x00, 0x00, 0x00, 0x00, 0x00, 0x00, 0x00, 0x00, 0x00, 0x00, 0x00, 0x00, 0x00, 0x00, 0x00, 0x00, 0x00, 0x00,
  0x00, 0x00, 0x00, 0x00, 0x00, 0x00, 0x00, 0x00, 0x00, 0x00, 0x00, 0x00, 0x00, 0x00, 0x00, 0x00, 0x00, 0x00, 0x00, 0x00, 0x00, 0x00, 0x00, 0x00,
  0x00, 0x00, 0x00, 0x00, 0x00, 0x00, 0x00, 0x00, 0x00, 0x00, 0x00, 0x00, 0x00, 0x00, 0x00, 0x00, 0x00, 0x00, 0x00, 0x00, 0x00, 0x00, 0x00, 0x00,
  0x00, 0x00, 0x00, 0x00, 0x02, 0x64, 0x02, 0x64, 0x04, 0xC9, 0x04, 0xC9, 0x04, 0xC9, 0x04, 0xC9, 0x04, 0xC9, 0x04, 0xC9, 0x04, 0xC9, 0x04, 0xC9,
  0x04, 0xC9, 0x04, 0xC9, 0x04, 0xC9, 0x04, 0xC9, 0x04, 0xC9, 0x04, 0xC9, 0x04, 0xC9, 0x04, 0xC9, 0x04, 0xC9, 0x04, 0xC9, 0x04, 0xC9, 0x04, 0xC9,
  0x04, 0xC9, 0x04, 0xC9, 0x04, 0xC9, 0x04, 0xC9, 0x04, 0xC9, 0x04, 0xC9, 0x04, 0xC9, 0x04, 0xC9, 0x04, 0xC9, 0x04, 0xC9, 0x04, 0xC9, 0x04, 0xC9,
  0x04, 0xC9, 0x04, 0xC9, 0x04, 0xC9, 0x04, 0xC9, 0x04, 0xC9, 0x04, 0xC9, 0x04, 0xC9, 0x04, 0xC9, 0x02, 0x64, 0x02, 0x64, 0x00, 0x00, 0x00, 0x00,
  0x00, 0x00, 0x00, 0x00, 0x00, 0x00, 0x00, 0x00, 0x00, 0x00, 0x00, 0x00, 0x07, 0xF0, 0x07, 0xF0, 0x07, 0xF0, 0x07, 0xF0, 0x07, 0xF0, 0x07, 0xF0,
  0x07, 0xF0, 0x07, 0xF0, 0x07, 0xF0, 0x07, 0xF0, 0x07, 0xF0, 0x07, 0xF0, 0x07, 0xF0, 0x07, 0xF0, 0x07, 0xF0, 0x07, 0xF0, 0x07, 0xF0, 0x07, 0xF0,
  0x07, 0xF0, 0x07, 0xF0, 0x07, 0xF0, 0x07, 0xF0, 0x07, 0xF0, 0x07, 0xF0, 0x07, 0xF0, 0x07, 0xF0, 0x07, 0xF0, 0x07, 0xF0, 0x07, 0xF0, 0x07, 0xF0,
  0x07, 0xF0, 0x07, 0xF0, 0x07, 0xF0, 0x07, 0xF0, 0x07, 0xF0, 0x07, 0xF0, 0x00, 0x00, 0x00, 0x00, 0x00, 0x00, 0x00, 0x00, 0x00, 0x00, 0x00, 0x00,
  0x00, 0x00, 0x00, 0x00, 0x00, 0x00, 0x00, 0x00, 0x00, 0x00, 0x00, 0x00, 0x07, 0xF0, 0x07, 0xF0, 0x07, 0xF0, 0x07, 0xF0, 0x07, 0xF0, 0x07, 0xF0,
  0x07, 0xF0, 0x07, 0xF0, 0x07, 0xF0, 0x07, 0xF0, 0x07, 0xF0, 0x07, 0xF0, 0x07, 0xF0, 0x07, 0xF0, 0x07, 0xF0, 0x07, 0xF0, 0x07, 0xF0, 0x07, 0xF0,
  0x07, 0xF0, 0x07, 0xF0, 0x07, 0xF0, 0x07, 0xF0, 0x07, 0xF0, 0x07, 0xF0, 0x07, 0xF0, 0x07, 0xF0, 0x07, 0xF0, 0x07, 0xF0, 0x07, 0xF0, 0x07, 0xF0,
  0x07, 0xF0, 0x07, 0xF0, 0x07, 0xF0, 0x07, 0xF0, 0x07, 0xF0, 0x07, 0xF0, 0x00, 0x00, 0x00, 0x00, 0x00, 0x00, 0x00, 0x00, 0x00, 0x00, 0x00, 0x00,
  0x00, 0x00, 0x02, 0x64, 0x02, 0x64, 0x04, 0xC9, 0x04, 0xC9, 0x04, 0xC9, 0x07, 0xF0, 0x07, 0xF0, 0x07, 0xF0, 0x07, 0xF0, 0x07, 0xF0, 0x07, 0xF0,
  0x07, 0xF0, 0x07, 0xF0, 0x07, 0xF0, 0x07, 0xF0, 0x07, 0xF0, 0x07, 0xF0, 0x07, 0xF0, 0x07, 0xF0, 0x07, 0xF0, 0x07, 0xF0, 0x07, 0xF0, 0x07, 0xF0,
  0x07, 0xF0, 0x07, 0xF0, 0x07, 0xF0, 0x07, 0xF0, 0x07, 0xF0, 0x07, 0xF0, 0x07, 0xF0, 0x07, 0xF0, 0x07, 0xF0, 0x07, 0xF0, 0x07, 0xF0, 0x07, 0xF0,
  0x07, 0xF0, 0x07, 0xF0, 0x07, 0xF0, 0x07, 0xF0, 0x07, 0xF0, 0x07, 0xF0, 0x04, 0xC9, 0x04, 0xC9, 0x04, 0xC9, 0x02, 0x64, 0x02, 0x64, 0x00, 0x00,
  0x00, 0x00, 0x00, 0x00, 0x00, 0x00, 0x00, 0x00, 0x00, 0x00, 0x07, 0xF0, 0x07, 0xF0, 0x08, 0x22, 0x08, 0x22, 0x08, 0x22, 0x08, 0x22, 0x08, 0x22,
  0x08, 0x22, 0x08, 0x22, 0x08, 0x22, 0x08, 0x22, 0x08, 0x22, 0x08, 0x22, 0x08, 0x22, 0x08, 0x22, 0x08, 0x22, 0x08, 0x22, 0x08, 0x22, 0x08, 0x22,
  0x08, 0x22, 0x08, 0x22, 0x08, 0x22, 0x08, 0x22, 0x08, 0x22, 0x08, 0x22, 0x08, 0x22, 0x08, 0x22, 0x08, 0x22, 0x08, 0x22, 0x08, 0x22, 0x08, 0x22,
  0x08, 0x22, 0x08, 0x22, 0x08, 0x22, 0x08, 0x22, 0x08, 0x22, 0x07, 0xF0, 0x07, 0xF0, 0x00, 0x00, 0x00, 0x00, 0x00, 0x00, 0x00, 0x00, 0x00, 0x00,
  0x00, 0x00, 0x00, 0x00, 0x00, 0x00, 0x00, 0x00, 0x00, 0x00, 0x07, 0xF0, 0x07, 0xF0, 0x08, 0x22, 0x08, 0x22, 0x08, 0x22, 0x08, 0x22, 0x08, 0x22,
  0x08, 0x22, 0x08, 0x22, 0x08, 0x22, 0x08, 0x22, 0x08, 0x22, 0x08, 0x22, 0x08, 0x22, 0x08, 0x22, 0x08, 0x22, 0x08, 0x22, 0x08, 0x22, 0x08, 0x22,
  0x08, 0x22, 0x08, 0x22, 0x08, 0x22, 0x08, 0x22, 0x08, 0x22, 0x08, 0x22, 0x08, 0x22, 0x08, 0x22, 0x08, 0x22, 0x08, 0x22, 0x08, 0x22, 0x08, 0x22,
  0x08, 0x22, 0x08, 0x22, 0x08, 0x22, 0x08, 0x22, 0x08, 0x22, 0x07, 0xF0, 0x07, 0xF0, 0x00, 0x00, 0x00, 0x00, 0x00, 0x00, 0x00, 0x00, 0x00, 0x00,
  0x00, 0x00, 0x02, 0x64, 0x04, 0xC9, 0x04, 0xC9, 0x04, 0xC9, 0x07, 0xF0, 0x07, 0xF0, 0x08, 0x22, 0x08, 0x22, 0x08, 0x22, 0x08, 0x22, 0x08, 0x22,
  0x08, 0x22, 0x08, 0x22, 0x08, 0x22, 0x08, 0x22, 0x08, 0x22, 0x08, 0x22, 0x08, 0x22, 0x08, 0x22, 0x08, 0x22, 0x08, 0x22, 0x08, 0x22, 0x08, 0x22,
  0x08, 0x22, 0x08, 0x22, 0x08, 0x22, 0x08, 0x22, 0x08, 0x22, 0x08, 0x22, 0x08, 0x22, 0x08, 0x22, 0x08, 0x22, 0x08, 0x22, 0x08, 0x22, 0x08, 0x22,
  0x08, 0x22, 0x08, 0x22, 0x08, 0x22, 0x08, 0x22, 0x08, 0x22, 0x07, 0xF0, 0x07, 0xF0, 0x04, 0xC9, 0x04, 0xC9, 0x04, 0xC9, 0x02, 0x64, 0x00, 0x00,
  0x00, 0x00, 0x00, 0x00, 0x00, 0x00, 0x00, 0x00, 0x07, 0xF0, 0x08, 0x22, 0x08, 0x22, 0x08, 0x22, 0xEF, 0x7E, 0xEF, 0x7E, 0xEF, 0x7E, 0xEF, 0x7E,
  0xEF, 0x7E, 0xEF, 0x7E, 0xEF, 0x7E, 0xEF, 0x7E, 0xEF, 0x7E, 0xEF, 0x7E, 0xEF, 0x7E, 0xEF, 0x7E, 0xEF, 0x7E, 0xEF, 0x7E, 0xEF, 0x7E, 0xEF, 0x7E,
  0xEF, 0x7E, 0xEF, 0x7E, 0xEF, 0x7E, 0xEF, 0x7E, 0xEF, 0x7E, 0xEF, 0x7E, 0xEF, 0x7E, 0xEF, 0x7E, 0xEF, 0x7E, 0xEF, 0x7E, 0xEF, 0x7E, 0xEF, 0x7E,
  0xEF, 0x7E, 0xEF, 0x7E, 0xEF, 0x7E, 0xEF, 0x7E, 0x08, 0x22, 0x08, 0x22, 0x08, 0x22, 0x07, 0xF0, 0x00, 0x00, 0x00, 0x00, 0x00, 0x00, 0x00, 0x00,
  0x00, 0x00, 0x00, 0x00, 0x00, 0x00, 0x00, 0x00, 0x07, 0xF0, 0x08, 0x22, 0x08, 0x22, 0x08, 0x22, 0xEF, 0x7E, 0xEF, 0x7E, 0xEF, 0x7E, 0xEF, 0x7E,
  0xEF, 0x7E, 0xEF, 0x7E, 0xEF, 0x7E, 0xEF, 0x7E, 0xEF, 0x7E, 0xEF, 0x7E, 0xEF, 0x7E, 0xEF, 0x7E, 0xEF, 0x7E, 0xEF, 0x7E, 0xEF, 0x7E, 0xEF, 0x7E,
  0xEF, 0x7E, 0xEF, 0x7E, 0xEF, 0x7E, 0xEF, 0x7E, 0xEF, 0x7E, 0xEF, 0x7E, 0xEF, 0x7E, 0xEF, 0x7E, 0xEF, 0x7E, 0xEF, 0x7E, 0xEF, 0x7E, 0xEF, 0x7E,
  0xEF, 0x7E, 0xEF, 0x7E, 0xEF, 0x7E, 0xEF, 0x7E, 0x08, 0x22, 0x08, 0x22, 0x08, 0x22, 0x07, 0xF0, 0x00, 0x00, 0x00, 0x00, 0x00, 0x00, 0x00, 0x00,
  0x02, 0x64, 0x04, 0xC9, 0x04, 0xC9, 0x04, 0xC9, 0x07, 0xF0, 0x08, 0x22, 0x08, 0x22, 0x08, 0x22, 0xEF, 0x7E, 0xEF, 0x7E, 0xEF, 0x7E, 0xEF, 0x7E,
  0xEF, 0x7E, 0xEF, 0x7E, 0xEF, 0x7E, 0xEF, 0x7E, 0xEF, 0x7E, 0xEF, 0x7E, 0xEF, 0x7E, 0xEF, 0x7E, 0xEF, 0x7E, 0xEF, 0x7E, 0xEF, 0x7E, 0xEF, 0x7E,
  0xEF, 0x7E, 0xEF, 0x7E, 0xEF, 0x7E, 0xEF, 0x7E, 0xEF, 0x7E, 0xEF, 0x7E, 0xEF, 0x7E, 0xEF, 0x7E, 0xEF, 0x7E, 0xEF, 0x7E, 0xEF, 0x7E, 0xEF, 0x7E,
  0xEF, 0x7E, 0xEF, 0x7E, 0xEF, 0x7E, 0xEF, 0x7E, 0x08, 0x22, 0x08, 0x22, 0x08, 0x22, 0x07, 0xF0, 0x04, 0xC9, 0x04, 0xC9, 0x04, 0xC9, 0x02, 0x64,
  0x00, 0x00, 0x00, 0x00, 0x00, 0x00, 0x07, 0xF0, 0x07, 0xF0, 0x08, 0x22, 0xE7, 0x5E, 0xE7, 0x5E, 0xE7, 0x5E, 0xE7, 0x5E, 0xE7, 0x5E, 0xE7, 0x5E,
  0xE7, 0x5E, 0xE7, 0x5E, 0xE7, 0x5E, 0xE7, 0x5E, 0xE7, 0x5E, 0xE7, 0x5E, 0xE7, 0x5E, 0xE7, 0x5E, 0xE7, 0x5E, 0xE7, 0x5E, 0xE7, 0x5E, 0xE7, 0x5E,
  0xE7, 0x5E, 0xE7, 0x5E, 0xE7, 0x5E, 0xE7, 0x5E, 0xE7, 0x5E, 0xE7, 0x5E, 0xE7, 0x5E, 0xE7, 0x5E, 0xE7, 0x5E, 0xE7, 0x5E, 0xE7, 0x5E, 0xE7, 0x5E,
  0xE7, 0x5E, 0xE7, 0x5E, 0xE7, 0x5E, 0xE7, 0x5E, 0xE7, 0x5E, 0xE7, 0x5E, 0x08, 0x22, 0x07, 0xF0, 0x07, 0xF0, 0x00, 0x00, 0x00, 0x00, 0x00, 0x00,
  0x00, 0x00, 0x00, 0x00, 0x00, 0x00, 0x07, 0xF0, 0x07, 0xF0, 0x08, 0x22, 0xE7, 0x5E, 0xE7, 0x5E, 0xE7, 0x5E, 0xE7, 0x5E, 0xE7, 0x5E, 0xE7, 0x5E,
  0xE7, 0x5E, 0xE7, 0x5E, 0xE7, 0x5E, 0xE7, 0x5E, 0xE7, 0x5E, 0xE7, 0x5E, 0xE7, 0x5E, 0xE7, 0x5E, 0xE7, 0x5E, 0xE7, 0x5E, 0xE7, 0x5E, 0xE7, 0x5E,
  0xE7, 0x5E, 0xE7, 0x5E, 0xE7, 0x5E, 0xE7, 0x5E, 0xE7, 0x5E, 0xE7, 0x5E, 0xE7, 0x5E, 0xE7, 0x5E, 0xE7, 0x5E, 0xE7, 0x5E, 0xE7, 0x5E, 0xE7, 0x5E,
  0xE7, 0x5E, 0xE7, 0x5E, 0xE7, 0x5E, 0xE7, 0x5E, 0xE7, 0x5E, 0xE7, 0x5E, 0x08, 0x22, 0x07, 0xF0, 0x07, 0xF0, 0x00, 0x00, 0x00, 0x00, 0x00, 0x00,
  0x02, 0x64, 0x04, 0xC9, 0x04, 0xC9, 0x07, 0xF0, 0x07, 0xF0, 0x08, 0x22, 0xE7, 0x5E, 0xE7, 0x5E, 0xE7, 0x5E, 0xE7, 0x5E, 0xE7, 0x5E, 0xE7, 0x5E,
  0xE7, 0x5E, 0xE7, 0x5E, 0xE7, 0x5E, 0xE7, 0x5E, 0xE7, 0x5E, 0xE7, 0x5E, 0xE7, 0x5E, 0xE7, 0x5E, 0xE7, 0x5E, 0xE7, 0x5E, 0xE7, 0x5E, 0xE7, 0x5E,
  0xE7, 0x5E, 0xE7, 0x5E, 0xE7, 0x5E, 0xE7, 0x5E, 0xE7, 0x5E, 0xE7, 0x5E, 0xE7, 0x5E, 0xE7, 0x5E, 0xE7, 0x5E, 0xE7, 0x5E, 0xE7, 0x5E, 0xE7, 0x5E,
  0xE7, 0x5E, 0xE7, 0x5E, 0xE7, 0x5E, 0xE7, 0x5E, 0xE7, 0x5E, 0xE7, 0x5E, 0x08, 0x22, 0x07, 0xF0, 0x07, 0xF0, 0x04, 0xC9, 0x04, 0xC9, 0x02, 0x64,
  0x00, 0x00, 0x00, 0x00, 0x00, 0x00, 0x07, 0xF0, 0x08, 0x22, 0x08, 0x22, 0xE7, 0x3D, 0xE7, 0x3D, 0xE7, 0x3D, 0x08, 0x02, 0x08, 0x02, 0x08, 0x02,
  0x08, 0x02, 0x08, 0x02, 0x08, 0x02, 0x08, 0x02, 0x08, 0x02, 0x08, 0x02, 0x08, 0x02, 0x08, 0x02, 0x08, 0x02, 0x08, 0x02, 0x08, 0x02, 0x08, 0x02,
  0x08, 0x02, 0x08, 0x02, 0x08, 0x02, 0x08, 0x02, 0x08, 0x02, 0x08, 0x02, 0x08, 0x02, 0x08, 0x02, 0x08, 0x02, 0x08, 0x02, 0x08, 0x02, 0x08, 0x02,
  0x08, 0x02, 0x08, 0x02, 0x08, 0x02, 0xE7, 0x3D, 0xE7, 0x3D, 0xE7, 0x3D, 0x08, 0x22, 0x08, 0x22, 0x07, 0xF0, 0x00, 0x00, 0x00, 0x00, 0x00, 0x00,
  0x00, 0x00, 0x00, 0x00, 0x00, 0x00, 0x07, 0xF0, 0x08, 0x22, 0x08, 0x22, 0xE7, 0x3D, 0xE7, 0x3D, 0xE7, 0x3D, 0x08, 0x02, 0x08, 0x02, 0x08, 0x02,
  0x08, 0x02, 0x08, 0x02, 0x08, 0x02, 0x08, 0x02, 0x08, 0x02, 0x08, 0x02, 0x08, 0x02, 0x08, 0x02, 0x08, 0x02, 0x08, 0x02, 0x08, 0x02, 0x08, 0x02,
  0x08, 0x02, 0x08, 0x02, 0x08, 0x02, 0x08, 0x02, 0x08, 0x02, 0x08, 0x02, 0x08, 0x02, 0x08, 0x02, 0x08, 0x02, 0x08, 0x02, 0x08, 0x02, 0x08, 0x02,
  0x08, 0x02, 0x08, 0x02, 0x08, 0x02, 0xE7, 0x3D, 0xE7, 0x3D, 0xE7, 0x3D, 0x08, 0x22, 0x08, 0x22, 0x07, 0xF0, 0x00, 0x00, 0x00, 0x00, 0x00, 0x00,
  0x02, 0x64, 0x04, 0xC9, 0x04, 0xC9, 0x07, 0xF0, 0x08, 0x22, 0x08, 0x22, 0xE7, 0x3D, 0xE7, 0x3D, 0xE7, 0x3D, 0x08, 0x02, 0x08, 0x02, 0x08, 0x02,
  0x08, 0x02, 0x08, 0x02, 0x08, 0x02, 0x08, 0x02, 0x08, 0x02, 0x08, 0x02, 0x08, 0x02, 0x08, 0x02, 0x08, 0x02, 0x08, 0x02, 0x08, 0x02, 0x08, 0x02,
  0x08, 0x02, 0x08, 0x02, 0x08, 0x02, 0x08, 0x02, 0x08, 0x02, 0x08, 0x02, 0x08, 0x02, 0x08, 0x02, 0x08, 0x02, 0x08, 0x02, 0x08, 0x02, 0x08, 0x02,
  0x08, 0x02, 0x08, 0x02, 0x08, 0x02, 0xE7, 0x3D, 0xE7, 0x3D, 0xE7, 0x3D, 0x08, 0x22, 0x08, 0x22, 0x07, 0xF0, 0x04, 0xC9, 0x04, 0xC9, 0x02, 0x64,
  0x00, 0x00, 0x00, 0x00, 0x00, 0x00, 0x07, 0xF0, 0x08, 0x22, 0xDE, 0xFC, 0xDE, 0xFC, 0xDE, 0xFC, 0x08, 0x02, 0x08, 0x02, 0x08, 0x02, 0x08, 0x02,
  0x08, 0x02, 0x08, 0x02, 0x08, 0x02, 0x08, 0x02, 0x08, 0x02, 0x08, 0x02, 0x08, 0x02, 0x08, 0x02, 0x08, 0x02, 0x08, 0x02, 0x08, 0x02, 0x08, 0x02,
  0x08, 0x02, 0x08, 0x02, 0x08, 0x02, 0x08, 0x02, 0x08, 0x02, 0x08, 0x02, 0x08, 0x02, 0x08, 0x02, 0x08, 0x02, 0x08, 0x02, 0x08, 0x02, 0x08, 0x02,
  0x08, 0x02, 0x08, 0x02, 0x08, 0x02, 0x08, 0x02, 0xDE, 0xFC, 0xDE, 0xFC, 0xDE, 0xFC, 0x08, 0x22, 0x07, 0xF0, 0x00, 0x00, 0x00, 0x00, 0x00, 0x00,
  0x00, 0x00, 0x00, 0x00, 0x00, 0x00, 0x07, 0xF0, 0x08, 0x22, 0xDE, 0xFC, 0xDE, 0xFC, 0xDE, 0xFC, 0x08, 0x02, 0x08, 0x02, 0x08, 0x02, 0x08, 0x02,
  0x08, 0x02, 0x08, 0x02, 0x08, 0x02, 0x08, 0x02, 0x08, 0x02, 0x08, 0x02, 0x08, 0x02, 0x08, 0x02, 0x08, 0x02, 0x08, 0x02, 0x08, 0x02, 0x08, 0x02,
  0x08, 0x02, 0x08, 0x02, 0x08, 0x02, 0x08, 0x02, 0x08, 0x02, 0x08, 0x02, 0x08, 0x02, 0x08, 0x02, 0x08, 0x02, 0x08, 0x02, 0x08, 0x02, 0x08, 0x02,
  0x08, 0x02, 0x08, 0x02, 0x08, 0x02, 0x08, 0x02, 0xDE, 0xFC, 0xDE, 0xFC, 0xDE, 0xFC, 0x08, 0x22, 0x07, 0xF0, 0x00, 0x00, 0x00, 0x00, 0x00, 0x00,
  0x02, 0x64, 0x04, 0xC9, 0x04, 0xC9, 0x07, 0xF0, 0x08, 0x22, 0xDE, 0xFC, 0xDE, 0xFC, 0xDE, 0xFC, 0x08, 0x02, 0x08, 0x02, 0x08, 0x02, 0x08, 0x02,
  0x08, 0x02, 0x08, 0x02, 0x08, 0x02, 0x08, 0x02, 0x08, 0x02, 0x08, 0x02, 0x08, 0x02, 0x08, 0x02, 0x08, 0x02, 0x08, 0x02, 0x08, 0x02, 0x08, 0x02,
  0x08, 0x02, 0x08, 0x02, 0x08, 0x02, 0x08, 0x02, 0x08, 0x02, 0x08, 0x02, 0x08, 0x02, 0x08, 0x02, 0x08, 0x02, 0x08, 0x02, 0x08, 0x02, 0x08, 0x02,
  0x08, 0x02, 0x08, 0x02, 0x08, 0x02, 0x08, 0x02, 0xDE, 0xFC, 0xDE, 0xFC, 0xDE, 0xFC, 0x08, 0x22, 0x07, 0xF0, 0x04, 0xC9, 0x04, 0xC9, 0x02, 0x64,
  0x00, 0x00, 0x00, 0x00, 0x00, 0x00, 0x07, 0xF0, 0x08, 0x22, 0xD6, 0xDC, 0xD6, 0xDC, 0x08, 0x22, 0x08, 0x22, 0x08, 0x22, 0x05, 0x2A, 0x05, 0x2A,
  0x05, 0x2A, 0x05, 0x2A, 0x05, 0x2A, 0x05, 0x2A, 0x05, 0x2A, 0x05, 0x2A, 0x05, 0x2A, 0x05, 0x2A, 0x05, 0x2A, 0x05, 0x2A, 0x05, 0x2A, 0x05, 0x2A,
  0x05, 0x2A, 0x05, 0x2A, 0x05, 0x2A, 0x05, 0x2A, 0x05, 0x2A, 0x05, 0x2A, 0x05, 0x2A, 0x05, 0x2A, 0x05, 0x2A, 0x05, 0x2A, 0x05, 0x2A, 0x05, 0x2A,
  0x05, 0x2A, 0x05, 0x2A, 0x08, 0x22, 0x08, 0x22, 0x08, 0x22, 0xD6, 0xDC, 0xD6, 0xDC, 0x08, 0x22, 0x07, 0xF0, 0x00, 0x00, 0x00, 0x00, 0x00, 0x00,
  0x00, 0x00, 0x00, 0x00, 0x00, 0x00, 0x07, 0xF0, 0x08, 0x22, 0xD6, 0xDC, 0xD6, 0xDC, 0x08, 0x22, 0x08, 0x22, 0x00, 0x02, 0x9F, 0x17, 0x9F, 0x17,
  0x9F, 0x17, 0x9F, 0x17, 0x9F, 0x17, 0x9F, 0x17, 0x9F, 0x17, 0x9F, 0x17, 0x9F, 0x17, 0x9F, 0x17, 0x9F, 0x17, 0x9F, 0x17, 0x9F, 0x17, 0x9F, 0x17,
  0x9F, 0x17, 0x9F, 0x17, 0x9F, 0x17, 0x9F, 0x17, 0x9F, 0x17, 0x9F, 0x17, 0x9F, 0x17, 0x9F, 0x17, 0x9F, 0x17, 0x9F, 0x17, 0x9F, 0x17, 0x9F, 0x17,
  0x9F, 0x17, 0x9F, 0x17, 0x00, 0x02, 0x08, 0x22, 0x08, 0x22, 0xD6, 0xDC, 0xD6, 0xDC, 0x08, 0x22, 0x07, 0xF0, 0x00, 0x00, 0x00, 0x00, 0x00, 0x00,
  0x02, 0x64, 0x04, 0xC9, 0x04, 0xC9, 0x07, 0xF0, 0x08, 0x22, 0xD6, 0xDC, 0xD6, 0xDC, 0x08, 0x22, 0x08, 0x22, 0x00, 0x02, 0x9F, 0x17, 0x9F, 0x17,
  0x9F, 0x17, 0x9F, 0x17, 0x9F, 0x17, 0x9F, 0x17, 0x9F, 0x17, 0x9F, 0x17, 0x9F, 0x17, 0x9F, 0x17, 0x9F, 0x17, 0x9F, 0x17, 0x9F, 0x17, 0x9F, 0x17,
  0x9F, 0x17, 0x9F, 0x17, 0x9F, 0x17, 0x9F, 0x17, 0x9F, 0x17, 0x9F, 0x17, 0x9F, 0x17, 0x9F, 0x17, 0x9F, 0x17, 0x9F, 0x17, 0x9F, 0x17, 0x9F, 0x17,
  0x9F, 0x17, 0x9F, 0x17, 0x00, 0x02, 0x08, 0x22, 0x08, 0x22, 0xD6, 0xDC, 0xD6, 0xDC, 0x08, 0x22, 0x07, 0xF0, 0x04, 0xC9, 0x04, 0xC9, 0x02, 0x64,
  0x00, 0x00, 0x00, 0x00, 0x00, 0x00, 0x07, 0xF0, 0x08, 0x22, 0xD6, 0xBB, 0xD6, 0xBB, 0x08, 0x22, 0x08, 0x22, 0x05, 0x2A, 0x04, 0x48, 0x10, 0x24,
  0x10, 0x24, 0x10, 0x24, 0x10, 0x24, 0x10, 0x24, 0x10, 0x24, 0x10, 0x24, 0x10, 0x24, 0x10, 0x24, 0x10, 0x24, 0x10, 0x24, 0x10, 0x24, 0x10, 0x24,
  0x10, 0x24, 0x10, 0x24, 0x10, 0x24, 0x10, 0x24, 0x10, 0x24, 0x10, 0x24, 0x10, 0x24, 0x10, 0x24, 0x10, 0x24, 0x10, 0x24, 0x10, 0x24, 0x10, 0x24,
  0x10, 0x24, 0x04, 0x48, 0x05, 0x2A, 0x08, 0x22, 0x08, 0x22, 0xD6, 0xBB, 0xD6, 0xBB, 0x08, 0x22, 0x07, 0xF0, 0x00, 0x00, 0x00, 0x00, 0x00, 0x00,
  0x00, 0x00, 0x00, 0x00, 0x00, 0x00, 0x07, 0xF0, 0x08, 0x22, 0xD6, 0xBB, 0xD6, 0xBB, 0x08, 0x22, 0x08, 0x22, 0xA7, 0xFA, 0xA7, 0xFA, 0xD7, 0xFD,
  0xD7, 0xFD, 0xD7, 0xFD, 0xD7, 0xFD, 0xD7, 0xFD, 0xD7, 0xFD, 0xD7, 0xFD, 0xD7, 0xFD, 0xD7, 0xFD, 0xD7, 0xFD, 0xD7, 0xFD, 0xD7, 0xFD, 0xD7, 0xFD,
  0xD7, 0xFD, 0xD7, 0xFD, 0xD7, 0xFD, 0xD7, 0xFD, 0xD7, 0xFD, 0xD7, 0xFD, 0xD7, 0xFD, 0xD7, 0xFD, 0xD7, 0xFD, 0xD7, 0xFD, 0xD7, 0xFD, 0xD7, 0xFD,
  0xD7, 0xFD, 0xA7, 0xFA, 0xA7, 0xFA, 0x08, 0x22, 0x08, 0x22, 0xD6, 0xBB, 0xD6, 0xBB, 0x08, 0x22, 0x07, 0xF0, 0x00, 0x00, 0x00, 0x00, 0x00, 0x00,
  0x02, 0x64, 0x04, 0xC9, 0x04, 0xC9, 0x07, 0xF0, 0x08, 0x22, 0xD6, 0xBB, 0xD6, 0xBB, 0x08, 0x22, 0x08, 0x22, 0xA7, 0xFA, 0xA7, 0xFA, 0xD7, 0xFD,
  0xD7, 0xFD, 0xD7, 0xFD, 0xD7, 0xFD, 0xD7, 0xFD, 0xD7, 0xFD, 0xD7, 0xFD, 0xD7, 0xFD, 0xD7, 0xFD, 0xD7, 0xFD, 0xD7, 0xFD, 0xD7, 0xFD, 0xD7, 0xFD,
  0xD7, 0xFD, 0xD7, 0xFD, 0xD7, 0xFD, 0xD7, 0xFD, 0xD7, 0xFD, 0xD7, 0xFD, 0xD7, 0xFD, 0xD7, 0xFD, 0xD7, 0xFD, 0xD7, 0xFD, 0xD7, 0xFD, 0xD7, 0xFD,
  0xD7, 0xFD, 0xA7, 0xFA, 0xA7, 0xFA, 0x08, 0x22, 0x08, 0x22, 0xD6, 0xBB, 0xD6, 0xBB, 0x08, 0x22, 0x07, 0xF0, 0x04, 0xC9, 0x04, 0xC9, 0x02, 0x64,
  0x00, 0x00, 0x00, 0x00, 0x00, 0x00, 0x07, 0xF0, 0x08, 0x22, 0xCE, 0x9B, 0xCE, 0x9B, 0x08, 0x22, 0x08, 0x22, 0x05, 0x2A, 0x10, 0x45, 0x10, 0x45,
  0x10, 0x45, 0x10, 0x45, 0x10, 0x45, 0x10, 0x45, 0x10, 0x45, 0x10, 0x45, 0x10, 0x45, 0x10, 0x45, 0x10, 0x45, 0x10, 0x45, 0x10, 0x45, 0x10, 0x45,
  0x10, 0x45, 0x10, 0x45, 0x10, 0x45, 0x10, 0x45, 0x10, 0x45, 0x10, 0x45, 0x10, 0x45, 0x10, 0x45, 0x10, 0x45, 0x10, 0x45, 0x10, 0x45, 0x10, 0x45,
  0x10, 0x45, 0x10, 0x45, 0x05, 0x2A, 0x08, 0x22, 0x08, 0x22, 0xCE, 0x9B, 0xCE, 0x9B, 0x08, 0x22, 0x07, 0xF0, 0x00, 0x00, 0x00, 0x00, 0x00, 0x00,
  0x00, 0x00, 0x00, 0x00, 0x00, 0x00, 0x07, 0xF0, 0x08, 0x22, 0xCE, 0x9B, 0xCE, 0x9B, 0x08, 0x22, 0x08, 0x22, 0x9F, 0xF9, 0xC7, 0xFC, 0xC7, 0xFC,
  0xC7, 0xFC, 0xC7, 0xFC, 0xC7, 0xFC, 0xC7, 0xFC, 0xC7, 0xFC, 0xC7, 0xFC, 0xC7, 0xFC, 0xC7, 0xFC, 0xC7, 0xFC, 0xC7, 0xFC, 0xC7, 0xFC, 0xC7, 0xFC,
  0xC7, 0xFC, 0xC7, 0xFC, 0xC7, 0xFC, 0xC7, 0xFC, 0xC7, 0xFC, 0xC7, 0xFC, 0xC7, 0xFC, 0xC7, 0xFC, 0xC7, 0xFC, 0xC7, 0xFC, 0xC7, 0xFC, 0xC7, 0xFC,
  0xC7, 0xFC, 0xC7, 0xFC, 0x9F, 0xF9, 0x08, 0x22, 0x08, 0x22, 0xCE, 0x9B, 0xCE, 0x9B, 0x08, 0x22, 0x07, 0xF0, 0x00, 0x00, 0x00, 0x00, 0x00, 0x00,
  0x02, 0x64, 0x04, 0xC9, 0x04, 0xC9, 0x07, 0xF0, 0x08, 0x22, 0xCE, 0x9B, 0xCE, 0x9B, 0x08, 0x22, 0x08, 0x22, 0x9F, 0xF9, 0xC7, 0xFC, 0xC7, 0xFC,
  0xC7, 0xFC, 0xC7, 0xFC, 0xC7, 0xFC, 0xC7, 0xFC, 0xC7, 0xFC, 0xC7, 0xFC, 0xC7, 0xFC, 0xC7, 0xFC, 0xC7, 0xFC, 0xC7, 0xFC, 0xC7, 0xFC, 0xC7, 0xFC,
  0xC7, 0xFC, 0xC7, 0xFC, 0xC7, 0xFC, 0xC7, 0xFC, 0xC7, 0xFC, 0xC7, 0xFC, 0xC7, 0xFC, 0xC7, 0xFC, 0xC7, 0xFC, 0xC7, 0xFC, 0xC7, 0xFC, 0xC7, 0xFC,
  0xC7, 0xFC, 0xC7, 0xFC, 0x9F, 0xF9, 0x08, 0x22, 0x08, 0x22, 0xCE, 0x9B, 0xCE, 0x9B, 0x08, 0x22, 0x07, 0xF0, 0x04, 0xC9, 0x04, 0xC9, 0x02, 0x64,
  0x00, 0x00, 0x00, 0x00, 0x00, 0x00, 0x07, 0xF0, 0x08, 0x22, 0xC6, 0x5A, 0xC6, 0x5A, 0x08, 0x22, 0x08, 0x22, 0x05, 0x2A, 0x18, 0x45, 0x18, 0x45,
  0x18, 0x45, 0x18, 0x45, 0x18, 0x45, 0x18, 0x45, 0x18, 0x45, 0x18, 0x45, 0x18, 0x45, 0x18, 0x45, 0x18, 0x45, 0x18, 0x45, 0x18, 0x45, 0x18, 0x45,
  0x18, 0x45, 0x18, 0x45, 0x18, 0x45, 0x18, 0x45, 0x18, 0x45, 0x18, 0x45, 0x18, 0x45, 0x18, 0x45, 0x18, 0x45, 0x18, 0x45, 0x18, 0x45, 0x18, 0x45,
  0x18, 0x45, 0x18, 0x45, 0x05, 0x2A, 0x08, 0x22, 0x08, 0x22, 0xC6, 0x5A, 0xC6, 0x5A, 0x08, 0x22, 0x07, 0xF0, 0x00, 0x00, 0x00, 0x00, 0x00, 0x00,
  0x00, 0x00, 0x00, 0x00, 0x00, 0x00, 0x07, 0xF0, 0x08, 0x22, 0xC6, 0x5A, 0xC6, 0x5A, 0x08, 0x22, 0x08, 0x22, 0x7F, 0x15, 0xB7, 0x79, 0xB7, 0x79,
  0xB7, 0x79, 0xB7, 0x79, 0xB7, 0x79, 0xB7, 0x79, 0xB7, 0x79, 0xB7, 0x79, 0xB7, 0x79, 0xB7, 0x79, 0xB7, 0x79, 0xB7, 0x79, 0xB7, 0x79, 0xB7, 0x79,
  0xB7, 0x79, 0xB7, 0x79, 0xB7, 0x79, 0xB7, 0x79, 0xB7, 0x79, 0xB7, 0x79, 0xB7, 0x79, 0xB7, 0x79, 0xB7, 0x79, 0xB7, 0x79, 0xB7, 0x79, 0xB7, 0x79,
  0xB7, 0x79, 0xB7, 0x79, 0x7F, 0x15, 0x08, 0x22, 0x08, 0x22, 0xC6, 0x5A, 0xC6, 0x5A, 0x08, 0x22, 0x07, 0xF0, 0x00, 0x00, 0x00, 0x00, 0x00, 0x00,
  0x02, 0x64, 0x04, 0xC9, 0x04, 0xC9, 0x07, 0xF0, 0x08, 0x22, 0xC6, 0x5A, 0xC6, 0x5A, 0x08, 0x22, 0x08, 0x22, 0x7F, 0x15, 0xB7, 0x79, 0xB7, 0x79,
  0xB7, 0x79, 0xB7, 0x79, 0xB7, 0x79, 0xB7, 0x79, 0xB7, 0x79, 0xB7, 0x79, 0xB7, 0x79, 0xB7, 0x79, 0xB7, 0x79, 0xB7, 0x79, 0xB7, 0x79, 0xB7, 0x79,
  0xB7, 0x79, 0xB7, 0x79, 0xB7, 0x79, 0xB7, 0x79, 0xB7, 0x79, 0xB7, 0x79, 0xB7, 0x79, 0xB7, 0x79, 0xB7, 0x79, 0xB7, 0x79, 0xB7, 0x79, 0xB7, 0x79,
  0xB7, 0x79, 0xB7, 0x79, 0x7F, 0x15, 0x08, 0x22, 0x08, 0x22, 0xC6, 0x5A, 0xC6, 0x5A, 0x08, 0x22, 0x07, 0xF0, 0x04, 0xC9, 0x04, 0xC9, 0x02, 0x64,
  0x00, 0x00, 0x00, 0x00, 0x00, 0x00, 0x07, 0xF0, 0x08, 0x22, 0xC6, 0x3A, 0xC6, 0x3A, 0x08, 0x23, 0x08, 0x23, 0x05, 0x2A, 0x10, 0x24, 0x10, 0x24,
  0x10, 0x24, 0x10, 0x24, 0x10, 0x24, 0x10, 0x24, 0x10, 0x24, 0x10, 0x24, 0x10, 0x24, 0x10, 0x24, 0x10, 0x24, 0x10, 0x24, 0x10, 0x24, 0x10, 0x24,
  0x10, 0x24, 0x10, 0x24, 0x10, 0x24, 0x10, 0x24, 0x10, 0x24, 0x10, 0x24, 0x10, 0x24, 0x10, 0x24, 0x10, 0x24, 0x10, 0x24, 0x10, 0x24, 0x10, 0x24,
  0x10, 0x24, 0x10, 0x24, 0x05, 0x2A, 0x08, 0x23, 0x08, 0x23, 0xC6, 0x3A, 0xC6, 0x3A, 0x08, 0x22, 0x07, 0xF0, 0x00, 0x00, 0x00, 0x00, 0x00, 0x00,
  0x00, 0x00, 0x00, 0x00, 0x00, 0x00, 0x07, 0xF0, 0x08, 0x22, 0xC6, 0x3A, 0xC6, 0x3A, 0x08, 0x23, 0x08, 0x23, 0x87, 0xF8, 0xAF, 0xFA, 0xAF, 0xFA,
  0xAF, 0xFA, 0xAF, 0xFA, 0xAF, 0xFA, 0xAF, 0xFA, 0xAF, 0xFA, 0xAF, 0xFA, 0xAF, 0xFA, 0xAF, 0xFA, 0xAF, 0xFA, 0xAF, 0xFA, 0xAF, 0xFA, 0xAF, 0xFA,
  0xAF, 0xFA, 0xAF, 0xFA, 0xAF, 0xFA, 0xAF, 0xFA, 0xAF, 0xFA, 0xAF, 0xFA, 0xAF, 0xFA, 0xAF, 0xFA, 0xAF, 0xFA, 0xAF, 0xFA, 0xAF, 0xFA, 0xAF, 0xFA,
  0xAF, 0xFA, 0xAF, 0xFA, 0x87, 0xF8, 0x08, 0x23, 0x08, 0x23, 0xC6, 0x3A, 0xC6, 0x3A, 0x08, 0x22, 0x07, 0xF0, 0x00, 0x00, 0x00, 0x00, 0x00, 0x00,
  0x02, 0x64, 0x04, 0xC9, 0x04, 0xC9, 0x07, 0xF0, 0x08, 0x22, 0xC6, 0x3A, 0xC6, 0x3A, 0x08, 0x23, 0x08, 0x23, 0x87, 0xF8, 0xAF, 0xFA, 0xAF, 0xFA,
  0xAF, 0xFA, 0xAF, 0xFA, 0xAF, 0xFA, 0xAF, 0xFA, 0xAF, 0xFA, 0xAF, 0xFA, 0xAF, 0xFA, 0xAF, 0xFA, 0xAF, 0xFA, 0xAF, 0xFA, 0xAF, 0xFA, 0xAF, 0xFA,
  0xAF, 0xFA, 0xAF, 0xFA, 0xAF, 0xFA, 0xAF, 0xFA, 0xAF, 0xFA, 0xAF, 0xFA, 0xAF, 0xFA, 0xAF, 0xFA, 0xAF, 0xFA, 0xAF, 0xFA, 0xAF, 0xFA, 0xAF, 0xFA,
  0xAF, 0xFA, 0xAF, 0xFA, 0x87, 0xF8, 0x08, 0x23, 0x08, 0x23, 0xC6, 0x3A, 0xC6, 0x3A, 0x08, 0x22, 0x07, 0xF0, 0x04, 0xC9, 0x04, 0xC9, 0x02, 0x64,
  0x00, 0x00, 0x00, 0x00, 0x00, 0x00, 0x07, 0xF0, 0x08, 0x22, 0xBE, 0x19, 0xBE, 0x19, 0x08, 0x23, 0x08, 0x23, 0x05, 0x2A, 0x18, 0x45, 0x18, 0x45,
  0x18, 0x45, 0x18, 0x45, 0x18, 0x45, 0x18, 0x45, 0x18, 0x45, 0x18, 0x45, 0x18, 0x45, 0x18, 0x45, 0x18, 0x45, 0x18, 0x45, 0x18, 0x45, 0x18, 0x45,
  0x18, 0x45, 0x18, 0x45, 0x18, 0x45, 0x18, 0x45, 0x18, 0x45, 0x18, 0x45, 0x18, 0x45, 0x18, 0x45, 0x18, 0x45, 0x18, 0x45, 0x18, 0x45, 0x18, 0x45,
  0x18, 0x45, 0x18, 0x45, 0x05, 0x2A, 0x08, 0x23, 0x08, 0x23, 0xBE, 0x19, 0xBE, 0x19, 0x08, 0x22, 0x07, 0xF0, 0x00, 0x00, 0x00, 0x00, 0x00, 0x00,
  0x00, 0x00, 0x00, 0x00, 0x00, 0x00, 0x07, 0xF0, 0x08, 0x22, 0xBE, 0x19, 0xBE, 0x19, 0x08, 0x23, 0x08, 0x23, 0x77, 0xF7, 0x9F, 0xFA, 0x9F, 0xFA,
  0x9F, 0xFA, 0x9F, 0xFA, 0x9F, 0xFA, 0x9F, 0xFA, 0x9F, 0xFA, 0x9F, 0xFA, 0x9F, 0xFA, 0x9F, 0xFA, 0x9F, 0xFA, 0x9F, 0xFA, 0x9F, 0xFA, 0x9F, 0xFA,
  0x9F, 0xFA, 0x9F, 0xFA, 0x9F, 0xFA, 0x9F, 0xFA, 0x9F, 0xFA, 0x9F, 0xFA, 0x9F, 0xFA, 0x9F, 0xFA, 0x9F, 0xFA, 0x9F, 0xFA, 0x9F, 0xFA, 0x9F, 0xFA,
  0x9F, 0xFA, 0x9F, 0xFA, 0x77, 0xF7, 0x08, 0x23, 0x08, 0x23, 0xBE, 0x19, 0xBE, 0x19, 0x08, 0x22, 0x07, 0xF0, 0x00, 0x00, 0x00, 0x00, 0x00, 0x00,
  0x02, 0x64, 0x04, 0xC9, 0x04, 0xC9, 0x07, 0xF0, 0x08, 0x22, 0xBE, 0x19, 0xBE, 0x19, 0x08, 0x23, 0x08, 0x23, 0x77, 0xF7, 0x9F, 0xFA, 0x9F, 0xFA,
  0x9F, 0xFA, 0x9F, 0xFA, 0x9F, 0xFA, 0x9F, 0xFA, 0x9F, 0xFA, 0x9F, 0xFA, 0x9F, 0xFA, 0x9F, 0xFA, 0x9F, 0xFA, 0x9F, 0xFA, 0x9F, 0xFA, 0x9F, 0xFA,
  0x9F, 0xFA, 0x9F, 0xFA, 0x9F, 0xFA, 0x9F, 0xFA, 0x9F, 0xFA, 0x9F, 0xFA, 0x9F, 0xFA, 0x9F, 0xFA, 0x9F, 0xFA, 0x9F, 0xFA, 0x9F, 0xFA, 0x9F, 0xFA,
  0x9F, 0xFA, 0x9F, 0xFA, 0x77, 0xF7, 0x08, 0x23, 0x08, 0x23, 0xBE, 0x19, 0xBE, 0x19, 0x08, 0x22, 0x07, 0xF0, 0x04, 0xC9, 0x04, 0xC9, 0x02, 0x64,
  0x00, 0x00, 0x00, 0x00, 0x00, 0x00, 0x07, 0xF0, 0x08, 0x22, 0xBD, 0xF9, 0xBD, 0xF9, 0x08, 0x23, 0x08, 0x23, 0x05, 0x2A, 0x18, 0x45, 0x18, 0x45,
  0x18, 0x45, 0x18, 0x45, 0x18, 0x45, 0x18, 0x45, 0x18, 0x45, 0x18, 0x45, 0x18, 0x45, 0x18, 0x45, 0x18, 0x45, 0x18, 0x45, 0x18, 0x45, 0x18, 0x45,
  0x18, 0x45, 0x18, 0x45, 0x18, 0x45, 0x18, 0x45, 0x18, 0x45, 0x18, 0x45, 0x18, 0x45, 0x18, 0x45, 0x18, 0x45, 0x18, 0x45, 0x18, 0x45, 0x18, 0x45,
  0x18, 0x45, 0x18, 0x45, 0x05, 0x2A, 0x08, 0x23, 0x08, 0x23, 0xBD, 0xF9, 0xBD, 0xF9, 0x08, 0x22, 0x07, 0xF0, 0x00, 0x00, 0x00, 0x00, 0x00, 0x00,
  0x00, 0x00, 0x00, 0x00, 0x00, 0x00, 0x07, 0xF0, 0x08, 0x22, 0xBD, 0xF9, 0xBD, 0xF9, 0x08, 0x23, 0x08, 0x23, 0x5F, 0x13, 0x87, 0x57, 0x87, 0x57,
  0x87, 0x57, 0x87, 0x57, 0x87, 0x57, 0x87, 0x57, 0x08, 0x22, 0x08, 0x22, 0x08, 0x22, 0x08, 0x22, 0x08, 0x22, 0x08, 0x22, 0x08, 0x22, 0x08, 0x22,
  0x08, 0x22, 0x08, 0x22, 0x08, 0x22, 0x08, 0x22, 0x08, 0x22, 0x08, 0x22, 0x08, 0x22, 0x08, 0x22, 0x87, 0x57, 0x87, 0x57, 0x87, 0x57, 0x87, 0x57,
  0x87, 0x57, 0x87, 0x57, 0x5F, 0x13, 0x08, 0x23, 0x08, 0x23, 0xBD, 0xF9, 0xBD, 0xF9, 0x08, 0x22, 0x07, 0xF0, 0x00, 0x00, 0x00, 0x00, 0x00, 0x00,
  0x02, 0x64, 0x04, 0xC9, 0x04, 0xC9, 0x07, 0xF0, 0x08, 0x22, 0xBD, 0xF9, 0xBD, 0xF9, 0x08, 0x23, 0x08, 0x23, 0x5F, 0x13, 0x87, 0x57, 0x87, 0x57,
  0x87, 0x57, 0x87, 0x57, 0x87, 0x57, 0x87, 0x57, 0x08, 0x22, 0x08, 0x22, 0x08, 0x22, 0x08, 0x22, 0x08, 0x22, 0x08, 0x22, 0x08, 0x22, 0x08, 0x22,
  0x08, 0x22, 0x08, 0x22, 0x08, 0x22, 0x08, 0x22, 0x08, 0x22, 0x08, 0x22, 0x08, 0x22, 0x08, 0x22, 0x87, 0x57, 0x87, 0x57, 0x87, 0x57, 0x87, 0x57,
  0x87, 0x57, 0x87, 0x57, 0x5F, 0x13, 0x08, 0x23, 0x08, 0x23, 0xBD, 0xF9, 0xBD, 0xF9, 0x08, 0x22, 0x07, 0xF0, 0x04, 0xC9, 0x04, 0xC9, 0x02, 0x64,
  0x00, 0x00, 0x00, 0x00, 0x00, 0x00, 0x07, 0xF0, 0x08, 0x22, 0xB5, 0xB8, 0xB5, 0xB8, 0x08, 0x23, 0x08, 0x23, 0x05, 0x2A, 0x10, 0x44, 0x10, 0x44,
  0x10, 0x44, 0x10, 0x44, 0x10, 0x44, 0x10, 0x44, 0x10, 0x44, 0x10, 0x44, 0x10, 0x44, 0x10, 0x44, 0x10, 0x44, 0x10, 0x44, 0x10, 0x44, 0x10, 0x44,
  0x10, 0x44, 0x10, 0x44, 0x10, 0x44, 0x10, 0x44, 0x10, 0x44, 0x10, 0x44, 0x10, 0x44, 0x10, 0x44, 0x10, 0x44, 0x10, 0x44, 0x10, 0x44, 0x10, 0x44,
  0x10, 0x44, 0x10, 0x44, 0x05, 0x2A, 0x08, 0x23, 0x08, 0x23, 0xB5, 0xB8, 0xB5, 0xB8, 0x08, 0x22, 0x07, 0xF0, 0x00, 0x00, 0x00, 0x00, 0x00, 0x00,
  0x00, 0x00, 0x00, 0x00, 0x00, 0x00, 0x07, 0xF0, 0x08, 0x22, 0xB5, 0xB8, 0xB5, 0xB8, 0x08, 0x23, 0x08, 0x23, 0x5F, 0xF5, 0x7F, 0xF8, 0x7F, 0xF8,
  0x7F, 0xF8, 0x7F, 0xF8, 0x7F, 0xF8, 0x08, 0x22, 0x08, 0x22, 0xFF, 0xFF, 0xFF, 0xFF, 0xFF, 0xFF, 0xFF, 0xFF, 0xFF, 0xFF, 0xFF, 0xFF, 0xFF, 0xFF,
  0xFF, 0xFF, 0xFF, 0xFF, 0xFF, 0xFF, 0xFF, 0xFF, 0xFF, 0xFF, 0xFF, 0xFF, 0xFF, 0xFF, 0x08, 0x22, 0x08, 0x22, 0x7F, 0xF8, 0x7F, 0xF8, 0x7F, 0xF8,
  0x7F, 0xF8, 0x7F, 0xF8, 0x5F, 0xF5, 0x08, 0x23, 0x08, 0x23, 0xB5, 0xB8, 0xB5, 0xB8, 0x08, 0x22, 0x07, 0xF0, 0x00, 0x00, 0x00, 0x00, 0x00, 0x00,
  0x02, 0x64, 0x04, 0xC9, 0x04, 0xC9, 0x07, 0xF0, 0x08, 0x22, 0xB5, 0xB8, 0xB5, 0xB8, 0x08, 0x23, 0x08, 0x23, 0x5F, 0xF5, 0x7F, 0xF8, 0x7F, 0xF8,
  0x7F, 0xF8, 0x7F, 0xF8, 0x7F, 0xF8, 0x08, 0x22, 0x08, 0x22, 0xFF, 0xFF, 0xFF, 0xFF, 0xFF, 0xFF, 0xFF, 0xFF, 0xFF, 0xFF, 0xFF, 0xFF, 0xFF, 0xFF,
  0xFF, 0xFF, 0xFF, 0xFF, 0xFF, 0xFF, 0xFF, 0xFF, 0xFF, 0xFF, 0xFF, 0xFF, 0xFF, 0xFF, 0x08, 0x22, 0x08, 0x22, 0x7F, 0xF8, 0x7F, 0xF8, 0x7F, 0xF8,
  0x7F, 0xF8, 0x7F, 0xF8, 0x5F, 0xF5, 0x08, 0x23, 0x08, 0x23, 0xB5, 0xB8, 0xB5, 0xB8, 0x08, 0x22, 0x07, 0xF0, 0x04, 0xC9, 0x04, 0xC9, 0x02, 0x64,
  0x00, 0x00, 0x00, 0x00, 0x00, 0x00, 0x07, 0xF0, 0x08, 0x22, 0xAD, 0x97, 0xAD, 0x97, 0x08, 0x23, 0x08, 0x23, 0x05, 0x2A, 0x18, 0x46, 0x18, 0x46,
  0x18, 0x46, 0x18, 0x46, 0x18, 0x46, 0x18, 0x46, 0x18, 0x46, 0x18, 0x46, 0x18, 0x46, 0x18, 0x46, 0x18, 0x46, 0x18, 0x46, 0x18, 0x46, 0x18, 0x46,
  0x18, 0x46, 0x18, 0x46, 0x18, 0x46, 0x18, 0x46, 0x18, 0x46, 0x18, 0x46, 0x18, 0x46, 0x18, 0x46, 0x18, 0x46, 0x18, 0x46, 0x18, 0x46, 0x18, 0x46,
  0x18, 0x46, 0x18, 0x46, 0x05, 0x2A, 0x08, 0x23, 0x08, 0x23, 0xAD, 0x97, 0xAD, 0x97, 0x08, 0x22, 0x07, 0xF0, 0x00, 0x00, 0x00, 0x00, 0x00, 0x00,
  0x00, 0x00, 0x00, 0x00, 0x00, 0x00, 0x07, 0xF0, 0x08, 0x22, 0xAD, 0x97, 0xAD, 0x97, 0x08, 0x23, 0x08, 0x23, 0x4F, 0xF5, 0x6F, 0xF7, 0x6F, 0xF7,
  0x6F, 0xF7, 0x6F, 0xF7, 0x6F, 0xF7, 0x08, 0x22, 0xF7, 0xFF, 0xF7, 0xFF, 0xF7, 0xFF, 0xF7, 0xFF, 0xF7, 0xFF, 0xF7, 0xFF, 0xF7, 0xFF, 0xF7, 0xFF,
  0xF7, 0xFF, 0xF7, 0xFF, 0xF7, 0xFF, 0xF7, 0xFF, 0xF7, 0xFF, 0xF7, 0xFF, 0xF7, 0xFF, 0xF7, 0xFF, 0x08, 0x22, 0x6F, 0xF7, 0x6F, 0xF7, 0x6F, 0xF7,
  0x6F, 0xF7, 0x6F, 0xF7, 0x4F, 0xF5, 0x08, 0x23, 0x08, 0x23, 0xAD, 0x97, 0xAD, 0x97, 0x08, 0x22, 0x07, 0xF0, 0x00, 0x00, 0x00, 0x00, 0x00, 0x00,
  0x02, 0x64, 0x04, 0xC9, 0x04, 0xC9, 0x07, 0xF0, 0x08, 0x22, 0xAD, 0x97, 0xAD, 0x97, 0x08, 0x23, 0x08, 0x23, 0x4F, 0xF5, 0x6F, 0xF7, 0x6F, 0xF7,
  0x6F, 0xF7, 0x6F, 0xF7, 0x6F, 0xF7, 0x08, 0x22, 0xF7, 0xFF, 0xF7, 0xFF, 0xF7, 0xFF, 0xF7, 0xFF, 0xF7, 0xFF, 0xF7, 0xFF, 0xF7, 0xFF, 0xF7, 0xFF,
  0xF7, 0xFF, 0xF7, 0xFF, 0xF7, 0xFF, 0xF7, 0xFF, 0xF7, 0xFF, 0xF7, 0xFF, 0xF7, 0xFF, 0xF7, 0xFF, 0x08, 0x22, 0x6F, 0xF7, 0x6F, 0xF7, 0x6F, 0xF7,
  0x6F, 0xF7, 0x6F, 0xF7, 0x4F, 0xF5, 0x08, 0x23, 0x08, 0x23, 0xAD, 0x97, 0xAD, 0x97, 0x08, 0x22, 0x07, 0xF0, 0x04, 0xC9, 0x04, 0xC9, 0x02, 0x64,
  0x00, 0x00, 0x00, 0x00, 0x00, 0x00, 0x07, 0xF0, 0x08, 0x22, 0xAD, 0x77, 0xAD, 0x77, 0x08, 0x23, 0x08, 0x23, 0x05, 0x2A, 0x18, 0x46, 0x18, 0x46,
  0x18, 0x46, 0x18, 0x46, 0x18, 0x46, 0x18, 0x46, 0x18, 0x46, 0x18, 0x46, 0x18, 0x46, 0x18, 0x46, 0x18, 0x46, 0x18, 0x46, 0x18, 0x46, 0x18, 0x46,
  0x18, 0x46, 0x18, 0x46, 0x18, 0x46, 0x18, 0x46, 0x18, 0x46, 0x18, 0x46, 0x18, 0x46, 0x18, 0x46, 0x18, 0x46, 0x18, 0x46, 0x18, 0x46, 0x18, 0x46,
  0x18, 0x46, 0x18, 0x46, 0x05, 0x2A, 0x08, 0x23, 0x08, 0x23, 0xAD, 0x77, 0xAD, 0x77, 0x08, 0x22, 0x07, 0xF0, 0x00, 0x00, 0x00, 0x00, 0x00, 0x00,
  0x00, 0x00, 0x00, 0x00, 0x00, 0x00, 0x07, 0xF0, 0x08, 0x22, 0xAD, 0x77, 0xAD, 0x77, 0x08, 0x23, 0x08, 0x23, 0x3F, 0x11, 0x57, 0x33, 0x57, 0x33,
  0x57, 0x33, 0x57, 0x33, 0x57, 0x33, 0x08, 0x22, 0xEF, 0xFE, 0xEF, 0xFE, 0xEF, 0xFE, 0xEF, 0xFE, 0xEF, 0xFE, 0xEF, 0xFE, 0xEF, 0xFE, 0xEF, 0xFE,
  0xEF, 0xFE, 0xEF, 0xFE, 0xEF, 0xFE, 0xEF, 0xFE, 0xEF, 0xFE, 0xEF, 0xFE, 0xEF, 0xFE, 0xEF, 0xFE, 0x08, 0x22, 0x57, 0x33, 0x57, 0x33, 0x57, 0x33,
  0x57, 0x33, 0x57, 0x33, 0x3F, 0x11, 0x08, 0x23, 0x08, 0x23, 0xAD, 0x77, 0xAD, 0x77, 0x08, 0x22, 0x07, 0xF0, 0x00, 0x00, 0x00, 0x00, 0x00, 0x00,
  0x02, 0x64, 0x04, 0xC9, 0x04, 0xC9, 0x07, 0xF0, 0x08, 0x22, 0xAD, 0x77, 0xAD, 0x77, 0x08, 0x23, 0x08, 0x23, 0x3F, 0x11, 0x57, 0x33, 0x57, 0x33,
  0x57, 0x33, 0x57, 0x33, 0x57, 0x33, 0x08, 0x22, 0xEF, 0xFE, 0xEF, 0xFE, 0xEF, 0xFE, 0xEF, 0xFE, 0xEF, 0xFE, 0xEF, 0xFE, 0xEF, 0xFE, 0xEF, 0xFE,
  0xEF, 0xFE, 0xEF, 0xFE, 0xEF, 0xFE, 0xEF, 0xFE, 0xEF, 0xFE, 0xEF, 0xFE, 0xEF, 0xFE, 0xEF, 0xFE, 0x08, 0x22, 0x57, 0x33, 0x57, 0x33, 0x57, 0x33,
  0x57, 0x33, 0x57, 0x33, 0x3F, 0x11, 0x08, 0x23, 0x08, 0x23, 0xAD, 0x77, 0xAD, 0x77, 0x08, 0x22, 0x07, 0xF0, 0x04, 0xC9, 0x04, 0xC9, 0x02, 0x64,
  0x00, 0x00, 0x00, 0x00, 0x00, 0x00, 0x07, 0xF0, 0x08, 0x22, 0xA5, 0x56, 0xA5, 0x56, 0x10, 0x23, 0x10, 0x23, 0x05, 0x2A, 0x10, 0x45, 0x10, 0x45,
  0x10, 0x45, 0x10, 0x45, 0x10, 0x45, 0x10, 0x45, 0x10, 0x45, 0x10, 0x45, 0x10, 0x45, 0x10, 0x45, 0x03, 0x46, 0x03, 0x46, 0x03, 0x46, 0x03, 0x46,
  0x03, 0x46, 0x03, 0x46, 0x03, 0x46, 0x03, 0x46, 0x10, 0x45, 0x10, 0x45, 0x10, 0x45, 0x10, 0x45, 0x10, 0x45, 0x10, 0x45, 0x10, 0x45, 0x10, 0x45,
  0x10, 0x45, 0x10, 0x45, 0x05, 0x2A, 0x10, 0x23, 0x10, 0x23, 0xA5, 0x56, 0xA5, 0x56, 0x08, 0x22, 0x07, 0xF0, 0x00, 0x00, 0x00, 0x00, 0x00, 0x00,
  0x00, 0x00, 0x00, 0x00, 0x00, 0x00, 0x07, 0xF0, 0x08, 0x22, 0xA5, 0x56, 0xA5, 0x56, 0x10, 0x23, 0x10, 0x23, 0x37, 0xF3, 0x4F, 0xF4, 0x4F, 0xF4,
  0x4F, 0xF4, 0x4F, 0xF4, 0x4F, 0xF4, 0x08, 0x22, 0xE7, 0xFE, 0xE7, 0xFE, 0xE7, 0xFE, 0xE7, 0xFE, 0xE7, 0xFE, 0xE7, 0xFE, 0xE7, 0xFE, 0xE7, 0xFE,
  0xE7, 0xFE, 0xE7, 0xFE, 0xE7, 0xFE, 0xE7, 0xFE, 0xE7, 0xFE, 0xE7, 0xFE, 0xE7, 0xFE, 0xE7, 0xFE, 0x08, 0x22, 0x4F, 0xF4, 0x4F, 0xF4, 0x4F, 0xF4,
  0x4F, 0xF4, 0x4F, 0xF4, 0x37, 0xF3, 0x10, 0x23, 0x10, 0x23, 0xA5, 0x56, 0xA5, 0x56, 0x08, 0x22, 0x07, 0xF0, 0x00, 0x00, 0x00, 0x00, 0x00, 0x00,
  0x02, 0x64, 0x04, 0xC9, 0x04, 0xC9, 0x07, 0xF0, 0x08, 0x22, 0xA5, 0x56, 0xA5, 0x56, 0x10, 0x23, 0x10, 0x23, 0x37, 0xF3, 0x4F, 0xF4, 0x4F, 0xF4,
  0x4F, 0xF4, 0x4F, 0xF4, 0x4F, 0xF4, 0x08, 0x22, 0xE7, 0xFE, 0xE7, 0xFE, 0xE7, 0xFE, 0xE7, 0xFE, 0xE7, 0xFE, 0xE7, 0xFE, 0xE7, 0xFE, 0xE7, 0xFE,
  0xE7, 0xFE, 0xE7, 0xFE, 0xE7, 0xFE, 0xE7, 0xFE, 0xE7, 0xFE, 0xE7, 0xFE, 0xE7, 0xFE, 0xE7, 0xFE, 0x08, 0x22, 0x4F, 0xF4, 0x4F, 0xF4, 0x4F, 0xF4,
  0x4F, 0xF4, 0x4F, 0xF4, 0x37, 0xF3, 0x10, 0x23, 0x10, 0x23, 0xA5, 0x56, 0xA5, 0x56, 0x08, 0x22, 0x07, 0xF0, 0x04, 0xC9, 0x04, 0xC9, 0x02, 0x64,
  0x00, 0x00, 0x00, 0x00, 0x00, 0x00, 0x07, 0xF0, 0x08, 0x22, 0x9D, 0x16, 0x9D, 0x16, 0x10, 0x23, 0x10, 0x23, 0x05, 0x2A, 0x18, 0x66, 0x18, 0x66,
  0x18, 0x66, 0x18, 0x66, 0x18, 0x66, 0x18, 0x66, 0x18, 0x66, 0x18, 0x66, 0x18, 0x66, 0x04, 0x08, 0x04, 0x08, 0x04, 0x08, 0x04, 0x08, 0x04, 0x08,
  0x04, 0x08, 0x04, 0x08, 0x04, 0x08, 0x04, 0x08, 0x04, 0x08, 0x18, 0x66, 0x18, 0x66, 0x18, 0x66, 0x18, 0x66, 0x18, 0x66, 0x18, 0x66, 0x18, 0x66,
  0x18, 0x66, 0x18, 0x66, 0x05, 0x2A, 0x10, 0x23, 0x10, 0x23, 0x9D, 0x16, 0x9D, 0x16, 0x08, 0x22, 0x07, 0xF0, 0x00, 0x00, 0x00, 0x00, 0x00, 0x00,
  0x00, 0x00, 0x00, 0x00, 0x00, 0x00, 0x07, 0xF0, 0x08, 0x22, 0x9D, 0x16, 0x9D, 0x16, 0x10, 0x23, 0x10, 0x23, 0x2F, 0xF2, 0x2F, 0xF2, 0x37, 0xF3,
  0x37, 0xF3, 0x37, 0xF3, 0x37, 0xF3, 0x08, 0x22, 0xDF, 0xFD, 0xDF, 0xFD, 0xDF, 0xFD, 0xDF, 0xFD, 0xDF, 0xFD, 0xDF, 0xFD, 0xDF, 0xFD, 0xDF, 0xFD,
  0xDF, 0xFD, 0xDF, 0xFD, 0xDF, 0xFD, 0xDF, 0xFD, 0xDF, 0xFD, 0xDF, 0xFD, 0xDF, 0xFD, 0xDF, 0xFD, 0x08, 0x22, 0x37, 0xF3, 0x37, 0xF3, 0x37, 0xF3,
  0x37, 0xF3, 0x2F, 0xF2, 0x2F, 0xF2, 0x10, 0x23, 0x10, 0x23, 0x9D, 0x16, 0x9D, 0x16, 0x08, 0x22, 0x07, 0xF0, 0x00, 0x00, 0x00, 0x00, 0x00, 0x00,
  0x02, 0x64, 0x04, 0xC9, 0x04, 0xC9, 0x07, 0xF0, 0x08, 0x22, 0x9D, 0x16, 0x9D, 0x16, 0x10, 0x23, 0x10, 0x23, 0x2F, 0xF2, 0x2F, 0xF2, 0x37, 0xF3,
  0x37, 0xF3, 0x37, 0xF3, 0x37, 0xF3, 0x08, 0x22, 0xDF, 0xFD, 0xDF, 0xFD, 0xDF, 0xFD, 0xDF, 0xFD, 0xDF, 0xFD, 0xDF, 0xFD, 0xDF, 0xFD, 0xDF, 0xFD,
  0xDF, 0xFD, 0xDF, 0xFD, 0xDF, 0xFD, 0xDF, 0xFD, 0xDF, 0xFD, 0xDF, 0xFD, 0xDF, 0xFD, 0xDF, 0xFD, 0x08, 0x22, 0x37, 0xF3, 0x37, 0xF3, 0x37, 0xF3,
  0x37, 0xF3, 0x2F, 0xF2, 0x2F, 0xF2, 0x10, 0x23, 0x10, 0x23, 0x9D, 0x16, 0x9D, 0x16, 0x08, 0x22, 0x07, 0xF0, 0x04, 0xC9, 0x04, 0xC9, 0x02, 0x64,
  0x00, 0x00, 0x00, 0x00, 0x00, 0x00, 0x07, 0xF0, 0x08, 0x22, 0x9C, 0xF5, 0x9C, 0xF5, 0x10, 0x24, 0x10, 0x24, 0x05, 0x2A, 0x18, 0x66, 0x18, 0x66,
  0x18, 0x66, 0x18, 0x66, 0x18, 0x66, 0x18, 0x66, 0x18, 0x66, 0x18, 0x66, 0x18, 0x66, 0x04, 0x08, 0x04, 0x08, 0x04, 0x08, 0x04, 0x08, 0x04, 0x08,
  0x04, 0x08, 0x04, 0x08, 0x04, 0x08, 0x04, 0x08, 0x04, 0x08, 0x18, 0x66, 0x18, 0x66, 0x18, 0x66, 0x18, 0x66, 0x18, 0x66, 0x18, 0x66, 0x18, 0x66,
  0x18, 0x66, 0x18, 0x66, 0x05, 0x2A, 0x10, 0x24, 0x10, 0x24, 0x9C, 0xF5, 0x9C, 0xF5, 0x08, 0x22, 0x07, 0xF0, 0x00, 0x00, 0x00, 0x00, 0x00, 0x00,
  0x00, 0x00, 0x00, 0x00, 0x00, 0x00, 0x07, 0xF0, 0x08, 0x22, 0x9C, 0xF5, 0x9C, 0xF5, 0x10, 0x24, 0x10, 0x24, 0x1F, 0x0F, 0x1F, 0x0F, 0x1F, 0x0F,
  0x1F, 0x0F, 0x1F, 0x0F, 0x1F, 0x0F, 0x08, 0x22, 0xD7, 0xFD, 0xD7, 0xFD, 0xD7, 0xFD, 0xD7, 0xFD, 0xD7, 0xFD, 0xD7, 0xFD, 0x07, 0xF0, 0x07, 0xF0,
  0x07, 0xF0, 0x07, 0xF0, 0xD7, 0xFD, 0xD7, 0xFD, 0xD7, 0xFD, 0xD7, 0xFD, 0xD7, 0xFD, 0xD7, 0xFD, 0x08, 0x22, 0x1F, 0x0F, 0x1F, 0x0F, 0x1F, 0x0F,
  0x1F, 0x0F, 0x1F, 0x0F, 0x1F, 0x0F, 0x10, 0x24, 0x10, 0x24, 0x9C, 0xF5, 0x9C, 0xF5, 0x08, 0x22, 0x07, 0xF0, 0x00, 0x00, 0x00, 0x00, 0x00, 0x00,
  0x02, 0x64, 0x04, 0xC9, 0x04, 0xC9, 0x07, 0xF0, 0x08, 0x22, 0x9C, 0xF5, 0x9C, 0xF5, 0x10, 0x24, 0x10, 0x24, 0x1F, 0x0F, 0x1F, 0x0F, 0x1F, 0x0F,
  0x1F, 0x0F, 0x1F, 0x0F, 0x1F, 0x0F, 0x08, 0x22, 0xD7, 0xFD, 0xD7, 0xFD, 0xD7, 0xFD, 0xD7, 0xFD, 0xD7, 0xFD, 0xD7, 0xFD, 0x07, 0xF0, 0x07, 0xF0,
  0x07, 0xF0, 0x07, 0xF0, 0xD7, 0xFD, 0xD7, 0xFD, 0xD7, 0xFD, 0xD7, 0xFD, 0xD7, 0xFD, 0xD7, 0xFD, 0x08, 0x22, 0x1F, 0x0F, 0x1F, 0x0F, 0x1F, 0x0F,
  0x1F, 0x0F, 0x1F, 0x0F, 0x1F, 0x0F, 0x10, 0x24, 0x10, 0x24, 0x9C, 0xF5, 0x9C, 0xF5, 0x08, 0x22, 0x07, 0xF0, 0x04, 0xC9, 0x04, 0xC9, 0x02, 0x64,
  0x00, 0x00, 0x00, 0x00, 0x00, 0x00, 0x07, 0xF0, 0x08, 0x22, 0x94, 0xD5, 0x94, 0xD5, 0x10, 0x24, 0x10, 0x24, 0x05, 0x2A, 0x18, 0x45, 0x18, 0x45,
  0x18, 0x45, 0x18, 0x45, 0x18, 0x45, 0x18, 0x45, 0x18, 0x45, 0x18, 0x45, 0x18, 0x45, 0x03, 0x46, 0x03, 0x46, 0x03, 0x46, 0x03, 0x46, 0x03, 0x46,
  0x03, 0x46, 0x03, 0x46, 0x03, 0x46, 0x03, 0x46, 0x03, 0x46, 0x18, 0x45, 0x18, 0x45, 0x18, 0x45, 0x18, 0x45, 0x18, 0x45, 0x18, 0x45, 0x18, 0x45,
  0x18, 0x45, 0x18, 0x45, 0x05, 0x2A, 0x10, 0x24, 0x10, 0x24, 0x94, 0xD5, 0x94, 0xD5, 0x08, 0x22, 0x07, 0xF0, 0x00, 0x00, 0x00, 0x00, 0x00, 0x00,
  0x00, 0x00, 0x00, 0x00, 0x00, 0x00, 0x07, 0xF0, 0x08, 0x22, 0x94, 0xD5, 0x94, 0xD5, 0x10, 0x24, 0x10, 0x24, 0x0F, 0xF1, 0x0F, 0xF1, 0x0F, 0xF1,
  0x0F, 0xF1, 0x0F, 0xF1, 0x0F, 0xF1, 0x08, 0x22, 0xCF, 0xFC, 0xCF, 0xFC, 0xCF, 0xFC, 0xCF, 0xFC, 0xCF, 0xFC, 0x07, 0xF0, 0x07, 0xF0, 0x07, 0xF0,
  0x07, 0xF0, 0x07, 0xF0, 0x07, 0xF0, 0xCF, 0xFC, 0xCF, 0xFC, 0xCF, 0xFC, 0xCF, 0xFC, 0xCF, 0xFC, 0x08, 0x22, 0x0F, 0xF1, 0x0F, 0xF1, 0x0F, 0xF1,
  0x0F, 0xF1, 0x0F, 0xF1, 0x0F, 0xF1, 0x10, 0x24, 0x10, 0x24, 0x94, 0xD5, 0x94, 0xD5, 0x08, 0x22, 0x07, 0xF0, 0x00, 0x00, 0x00, 0x00, 0x00, 0x00,
  0x02, 0x64, 0x04, 0xC9, 0x04, 0xC9, 0x07, 0xF0, 0x08, 0x22, 0x94, 0xD5, 0x94, 0xD5, 0x10, 0x24, 0x10, 0x24, 0x0F, 0xF1, 0x0F, 0xF1, 0x0F, 0xF1,
  0x0F, 0xF1, 0x0F, 0xF1, 0x0F, 0xF1, 0x08, 0x22, 0xCF, 0xFC, 0xCF, 0xFC, 0xCF, 0xFC, 0xCF, 0xFC, 0xCF, 0xFC, 0x07, 0xF0, 0x07, 0xF0, 0x07, 0xF0,
  0x07, 0xF0, 0x07, 0xF0, 0x07, 0xF0, 0xCF, 0xFC, 0xCF, 0xFC, 0xCF, 0xFC, 0xCF, 0xFC, 0xCF, 0xFC, 0x08, 0x22, 0x0F, 0xF1, 0x0F, 0xF1, 0x0F, 0xF1,
  0x0F, 0xF1, 0x0F, 0xF1, 0x0F, 0xF1, 0x10, 0x24, 0x10, 0x24, 0x94, 0xD5, 0x94, 0xD5, 0x08, 0x22, 0x07, 0xF0, 0x04, 0xC9, 0x04, 0xC9, 0x02, 0x64,
  0x00, 0x00, 0x00, 0x00, 0x00, 0x00, 0x07, 0xF0, 0x08, 0x22, 0x94, 0xB4, 0x94, 0xB4, 0x10, 0x24, 0x10, 0x24, 0x05, 0x2A, 0x20, 0x66, 0x20, 0x66,
  0x20, 0x66, 0x20, 0x66, 0x20, 0x66, 0x20, 0x66, 0x20, 0x66, 0x20, 0x66, 0x20, 0x66, 0x04, 0x08, 0x04, 0x08, 0x04, 0x08, 0x04, 0x08, 0x04, 0x08,
  0x04, 0x08, 0x04, 0x08, 0x04, 0x08, 0x04, 0x08, 0x04, 0x08, 0x20, 0x66, 0x20, 0x66, 0x20, 0x66, 0x20, 0x66, 0x20, 0x66, 0x20, 0x66, 0x20, 0x66,
  0x20, 0x66, 0x20, 0x66, 0x05, 0x2A, 0x10, 0x24, 0x10, 0x24, 0x94, 0xB4, 0x94, 0xB4, 0x08, 0x22, 0x07, 0xF0, 0x00, 0x00, 0x00, 0x00, 0x00, 0x00,
  0x00, 0x00, 0x00, 0x00, 0x00, 0x00, 0x07, 0xF0, 0x08, 0x22, 0x94, 0xB4, 0x94, 0xB4, 0x10, 0x24, 0x10, 0x24, 0x07, 0xF0, 0x07, 0xF0, 0x07, 0xF0,
  0x07, 0xF0, 0x07, 0xF0, 0x07, 0xF0, 0x08, 0x22, 0xC7, 0xFC, 0xC7, 0xFC, 0xC7, 0xFC, 0xC7, 0xFC, 0xC7, 0xFC, 0x07, 0xF0, 0x07, 0xF0, 0x07, 0xF0,
  0x07, 0xF0, 0x07, 0xF0, 0x07, 0xF0, 0xC7, 0xFC, 0xC7, 0xFC, 0xC7, 0xFC, 0xC7, 0xFC, 0xC7, 0xFC, 0x08, 0x22, 0x07, 0xF0, 0x07, 0xF0, 0x07, 0xF0,
  0x07, 0xF0, 0x07, 0xF0, 0x07, 0xF0, 0x10, 0x24, 0x10, 0x24, 0x94, 0xB4, 0x94, 0xB4, 0x08, 0x22, 0x07, 0xF0, 0x00, 0x00, 0x00, 0x00, 0x00, 0x00,
  0x02, 0x64, 0x04, 0xC9, 0x04, 0xC9, 0x07, 0xF0, 0x08, 0x22, 0x94, 0xB4, 0x94, 0xB4, 0x10, 0x24, 0x10, 0x24, 0x07, 0xF0, 0x07, 0xF0, 0x07, 0xF0,
  0x07, 0xF0, 0x07, 0xF0, 0x07, 0xF0, 0x08, 0x22, 0xC7, 0xFC, 0xC7, 0xFC, 0xC7, 0xFC, 0xC7, 0xFC, 0xC7, 0xFC, 0x07, 0xF0, 0x07, 0xF0, 0x07, 0xF0,
  0x07, 0xF0, 0x07, 0xF0, 0x07, 0xF0, 0xC7, 0xFC, 0xC7, 0xFC, 0xC7, 0xFC, 0xC7, 0xFC, 0xC7, 0xFC, 0x08, 0x22, 0x07, 0xF0, 0x07, 0xF0, 0x07, 0xF0,
  0x07, 0xF0, 0x07, 0xF0, 0x07, 0xF0, 0x10, 0x24, 0x10, 0x24, 0x94, 0xB4, 0x94, 0xB4, 0x08, 0x22, 0x07, 0xF0, 0x04, 0xC9, 0x04, 0xC9, 0x02, 0x64,
  0x00, 0x00, 0x00, 0x00, 0x00, 0x00, 0x07, 0xF0, 0x08, 0x22, 0x8C, 0x94, 0x8C, 0x94, 0x10, 0x44, 0x10, 0x44, 0x05, 0x2A, 0x20, 0x67, 0x20, 0x67,
  0x20, 0x67, 0x20, 0x67, 0x20, 0x67, 0x20, 0x67, 0x20, 0x67, 0x20, 0x67, 0x20, 0x67, 0x04, 0x08, 0x04, 0x08, 0x04, 0x08, 0x04, 0x08, 0x04, 0x08,
  0x04, 0x08, 0x04, 0x08, 0x04, 0x08, 0x04, 0x08, 0x04, 0x08, 0x20, 0x67, 0x20, 0x67, 0x20, 0x67, 0x20, 0x67, 0x20, 0x67, 0x20, 0x67, 0x20, 0x67,
  0x20, 0x67, 0x20, 0x67, 0x05, 0x2A, 0x10, 0x44, 0x10, 0x44, 0x8C, 0x94, 0x8C, 0x94, 0x08, 0x22, 0x07, 0xF0, 0x00, 0x00, 0x00, 0x00, 0x00, 0x00,
  0x00, 0x00, 0x00, 0x00, 0x00, 0x00, 0x07, 0xF0, 0x08, 0x22, 0x8C, 0x94, 0x8C, 0x94, 0x10, 0x44, 0x10, 0x44, 0x03, 0xE8, 0x03, 0xE8, 0x03, 0xE8,
  0x03, 0xE8, 0x03, 0xE8, 0x03, 0xE8, 0x08, 0x22, 0xBF, 0xFB, 0xBF, 0xFB, 0xBF, 0xFB, 0xBF, 0xFB, 0xBF, 0xFB, 0x07, 0xF0, 0x07, 0xF0, 0x07, 0xF0,
  0x07, 0xF0, 0x07, 0xF0, 0x07, 0xF0, 0xBF, 0xFB, 0xBF, 0xFB, 0xBF, 0xFB, 0xBF, 0xFB, 0xBF, 0xFB, 0x08, 0x22, 0x03, 0xE8, 0x03, 0xE8, 0x03, 0xE8,
  0x03, 0xE8, 0x03, 0xE8, 0x03, 0xE8, 0x10, 0x44, 0x10, 0x44, 0x8C, 0x94, 0x8C, 0x94, 0x08, 0x22, 0x07, 0xF0, 0x00, 0x00, 0x00, 0x00, 0x00, 0x00,
  0x02, 0x64, 0x04, 0xC9, 0x04, 0xC9, 0x07, 0xF0, 0x08, 0x22, 0x8C, 0x94, 0x8C, 0x94, 0x10, 0x44, 0x10, 0x44, 0x03, 0xE8, 0x03, 0xE8, 0x03, 0xE8,
  0x03, 0xE8, 0x03, 0xE8, 0x03, 0xE8, 0x08, 0x22, 0xBF, 0xFB, 0xBF, 0xFB, 0xBF, 0xFB, 0xBF, 0xFB, 0xBF, 0xFB, 0x07, 0xF0, 0x07, 0xF0, 0x07, 0xF0,
  0x07, 0xF0, 0x07, 0xF0, 0x07, 0xF0, 0xBF, 0xFB, 0xBF, 0xFB, 0xBF, 0xFB, 0xBF, 0xFB, 0xBF, 0xFB, 0x08, 0x22, 0x03, 0xE8, 0x03, 0xE8, 0x03, 0xE8,
  0x03, 0xE8, 0x03, 0xE8, 0x03, 0xE8, 0x10, 0x44, 0x10, 0x44, 0x8C, 0x94, 0x8C, 0x94, 0x08, 0x22, 0x07, 0xF0, 0x04, 0xC9, 0x04, 0xC9, 0x02, 0x64,
  0x00, 0x00, 0x00, 0x00, 0x00, 0x00, 0x07, 0xF0, 0x08, 0x22, 0x8C, 0x73, 0x8C, 0x73, 0x10, 0x44, 0x10, 0x44, 0x05, 0x2A, 0x18, 0x45, 0x18, 0x45,
  0x18, 0x45, 0x18, 0x45, 0x18, 0x45, 0x18, 0x45, 0x18, 0x45, 0x18, 0x45, 0x18, 0x45, 0x03, 0x46, 0x03, 0x46, 0x03, 0x46, 0x03, 0x46, 0x03, 0x46,
  0x03, 0x46, 0x03, 0x46, 0x03, 0x46, 0x03, 0x46, 0x03, 0x46, 0x18, 0x45, 0x18, 0x45, 0x18, 0x45, 0x18, 0x45, 0x18, 0x45, 0x18, 0x45, 0x18, 0x45,
  0x18, 0x45, 0x18, 0x45, 0x05, 0x2A, 0x10, 0x44, 0x10, 0x44, 0x8C, 0x73, 0x8C, 0x73, 0x08, 0x22, 0x07, 0xF0, 0x00, 0x00, 0x00, 0x00, 0x00, 0x00,
  0x00, 0x00, 0x00, 0x00, 0x00, 0x00, 0x07, 0xF0, 0x08, 0x22, 0x8C, 0x73, 0x8C, 0x73, 0x10, 0x44, 0x10, 0x44, 0x04, 0xA9, 0x04, 0xA9, 0x04, 0xA9,
  0x04, 0xA9, 0x04, 0xA9, 0x04, 0xA9, 0x08, 0x22, 0xB7, 0xFB, 0xB7, 0xFB, 0xB7, 0xFB, 0xB7, 0xFB, 0xB7, 0xFB, 0x07, 0xF0, 0x07, 0xF0, 0x07, 0xF0,
  0x07, 0xF0, 0x07, 0xF0, 0x07, 0xF0, 0xB7, 0xFB, 0xB7, 0xFB, 0xB7, 0xFB, 0xB7, 0xFB, 0xB7, 0xFB, 0x08, 0x22, 0x04, 0xA9, 0x04, 0xA9, 0x04, 0xA9,
  0x04, 0xA9, 0x04, 0xA9, 0x04, 0xA9, 0x10, 0x44, 0x10, 0x44, 0x8C, 0x73, 0x8C, 0x73, 0x08, 0x22, 0x07, 0xF0, 0x00, 0x00, 0x00, 0x00, 0x00, 0x00,
  0x02, 0x64, 0x04, 0xC9, 0x04, 0xC9, 0x07, 0xF0, 0x08, 0x22, 0x8C, 0x73, 0x8C, 0x73, 0x10, 0x44, 0x10, 0x44, 0x04, 0xA9, 0x04, 0xA9, 0x04, 0xA9,
  0x04, 0xA9, 0x04, 0xA9, 0x04, 0xA9, 0x08, 0x22, 0xB7, 0xFB, 0xB7, 0xFB, 0xB7, 0xFB, 0xB7, 0xFB, 0xB7, 0xFB, 0x07, 0xF0, 0x07, 0xF0, 0x07, 0xF0,
  0x07, 0xF0, 0x07, 0xF0, 0x07, 0xF0, 0xB7, 0xFB, 0xB7, 0xFB, 0xB7, 0xFB, 0xB7, 0xFB, 0xB7, 0xFB, 0x08, 0x22, 0x04, 0xA9, 0x04, 0xA9, 0x04, 0xA9,
  0x04, 0xA9, 0x04, 0xA9, 0x04, 0xA9, 0x10, 0x44, 0x10, 0x44, 0x8C, 0x73, 0x8C, 0x73, 0x08, 0x22, 0x07, 0xF0, 0x04, 0xC9, 0x04, 0xC9, 0x02, 0x64,
  0x00, 0x00, 0x00, 0x00, 0x00, 0x00, 0x07, 0xF0, 0x08, 0x22, 0x84, 0x53, 0x84, 0x53, 0x10, 0x44, 0x10, 0x44, 0x05, 0x2A, 0x20, 0x67, 0x20, 0x67,
  0x20, 0x67, 0x20, 0x67, 0x20, 0x67, 0x20, 0x67, 0x20, 0x67, 0x20, 0x67, 0x20, 0x67, 0x04, 0x08, 0x04, 0x08, 0x04, 0x08, 0x04, 0x08, 0x04, 0x08,
  0x04, 0x08, 0x04, 0x08, 0x04, 0x08, 0x04, 0x08, 0x04, 0x08, 0x20, 0x67, 0x20, 0x67, 0x20, 0x67, 0x20, 0x67, 0x20, 0x67, 0x20, 0x67, 0x20, 0x67,
  0x20, 0x67, 0x20, 0x67, 0x05, 0x2A, 0x10, 0x44, 0x10, 0x44, 0x84, 0x53, 0x84, 0x53, 0x08, 0x22, 0x07, 0xF0, 0x00, 0x00, 0x00, 0x00, 0x00, 0x00,
  0x00, 0x00, 0x00, 0x00, 0x00, 0x00, 0x07, 0xF0, 0x08, 0x22, 0x84, 0x53, 0x84, 0x53, 0x10, 0x44, 0x10, 0x44, 0x04, 0xEA, 0x04, 0xEA, 0x04, 0xEA,
  0x04, 0xEA, 0x04, 0xEA, 0x04, 0xEA, 0x08, 0x22, 0xAF, 0xFA, 0xAF, 0xFA, 0xAF, 0xFA, 0xAF, 0xFA, 0xAF, 0xFA, 0xAF, 0xFA, 0x07, 0xF0, 0x07, 0xF0,
  0x07, 0xF0, 0x07, 0xF0, 0xAF, 0xFA, 0xAF, 0xFA, 0xAF, 0xFA, 0xAF, 0xFA, 0xAF, 0xFA, 0xAF, 0xFA, 0x08, 0x22, 0x04, 0xEA, 0x04, 0xEA, 0x04, 0xEA,
  0x04, 0xEA, 0x04, 0xEA, 0x04, 0xEA, 0x10, 0x44, 0x10, 0x44, 0x84, 0x53, 0x84, 0x53, 0x08, 0x22, 0x07, 0xF0, 0x00, 0x00, 0x00, 0x00, 0x00, 0x00,
  0x02, 0x64, 0x04, 0xC9, 0x04, 0xC9, 0x07, 0xF0, 0x08, 0x22, 0x84, 0x53, 0x84, 0x53, 0x10, 0x44, 0x10, 0x44, 0x04, 0xEA, 0x04, 0xEA, 0x04, 0xEA,
  0x04, 0xEA, 0x04, 0xEA, 0x04, 0xEA, 0x08, 0x22, 0xAF, 0xFA, 0xAF, 0xFA, 0xAF, 0xFA, 0xAF, 0xFA, 0xAF, 0xFA, 0xAF, 0xFA, 0x07, 0xF0, 0x07, 0xF0,
  0x07, 0xF0, 0x07, 0xF0, 0xAF, 0xFA, 0xAF, 0xFA, 0xAF, 0xFA, 0xAF, 0xFA, 0xAF, 0xFA, 0xAF, 0xFA, 0x08, 0x22, 0x04, 0xEA, 0x04, 0xEA, 0x04, 0xEA,
  0x04, 0xEA, 0x04, 0xEA, 0x04, 0xEA, 0x10, 0x44, 0x10, 0x44, 0x84, 0x53, 0x84, 0x53, 0x08, 0x22, 0x07, 0xF0, 0x04, 0xC9, 0x04, 0xC9, 0x02, 0x64,
  0x00, 0x00, 0x00, 0x00, 0x00, 0x00, 0x07, 0xF0, 0x08, 0x22, 0x84, 0x32, 0x84, 0x32, 0x10, 0x44, 0x10, 0x44, 0x05, 0x2A, 0x20, 0x67, 0x20, 0x67,
  0x20, 0x67, 0x20, 0x67, 0x20, 0x67, 0x20, 0x67, 0x20, 0x67, 0x20, 0x67, 0x20, 0x67, 0x04, 0x08, 0x04, 0x08, 0x04, 0x08, 0x04, 0x08, 0x04, 0x08,
  0x04, 0x08, 0x04, 0x08, 0x04, 0x08, 0x04, 0x08, 0x04, 0x08, 0x20, 0x67, 0x20, 0x67, 0x20, 0x67, 0x20, 0x67, 0x20, 0x67, 0x20, 0x67, 0x20, 0x67,
  0x20, 0x67, 0x20, 0x67, 0x05, 0x2A, 0x10, 0x44, 0x10, 0x44, 0x84, 0x32, 0x84, 0x32, 0x08, 0x22, 0x07, 0xF0, 0x00, 0x00, 0x00, 0x00, 0x00, 0x00,
  0x00, 0x00, 0x00, 0x00, 0x00, 0x00, 0x07, 0xF0, 0x08, 0x22, 0x84, 0x32, 0x84, 0x32, 0x10, 0x44, 0x10, 0x44, 0x04, 0x89, 0x04, 0x89, 0x04, 0x89,
  0x04, 0x89, 0x04, 0x89, 0x04, 0x89, 0x08, 0x22, 0xA7, 0xFA, 0xA7, 0xFA, 0xA7, 0xFA, 0xA7, 0xFA, 0xA7, 0xFA, 0xA7, 0xFA, 0xA7, 0xFA, 0xA7, 0xFA,
  0xA7, 0xFA, 0xA7, 0xFA, 0xA7, 0xFA, 0xA7, 0xFA, 0xA7, 0xFA, 0xA7, 0xFA, 0xA7, 0xFA, 0xA7, 0xFA, 0x08, 0x22, 0x04, 0x89, 0x04, 0x89, 0x04, 0x89,
  0x04, 0x89, 0x04, 0x89, 0x04, 0x89, 0x10, 0x44, 0x10, 0x44, 0x84, 0x32, 0x84, 0x32, 0x08, 0x22, 0x07, 0xF0, 0x00, 0x00, 0x00, 0x00, 0x00, 0x00,
  0x02, 0x64, 0x04, 0xC9, 0x04, 0xC9, 0x07, 0xF0, 0x08, 0x22, 0x84, 0x32, 0x84, 0x32, 0x10, 0x44, 0x10, 0x44, 0x04, 0x89, 0x04, 0x89, 0x04, 0x89,
  0x04, 0x89, 0x04, 0x89, 0x04, 0x89, 0x08, 0x22, 0xA7, 0xFA, 0xA7, 0xFA, 0xA7, 0xFA, 0xA7, 0xFA, 0xA7, 0xFA, 0xA7, 0xFA, 0xA7, 0xFA, 0xA7, 0xFA,
  0xA7, 0xFA, 0xA7, 0xFA, 0xA7, 0xFA, 0xA7, 0xFA, 0xA7, 0xFA, 0xA7, 0xFA, 0xA7, 0xFA, 0xA7, 0xFA, 0x08, 0x22, 0x04, 0x89, 0x04, 0x89, 0x04, 0x89,
  0x04, 0x89, 0x04, 0x89, 0x04, 0x89, 0x10, 0x44, 0x10, 0x44, 0x84, 0x32, 0x84, 0x32, 0x08, 0x22, 0x07, 0xF0, 0x04, 0xC9, 0x04, 0xC9, 0x02, 0x64,
  0x00, 0x00, 0x00, 0x00, 0x00, 0x00, 0x07, 0xF0, 0x08, 0x22, 0x7C, 0x12, 0x7C, 0x12, 0x10, 0x45, 0x10, 0x45, 0x05, 0x2A, 0x18, 0x66, 0x18, 0x66,
  0x18, 0x66, 0x18, 0x66, 0x18, 0x66, 0x18, 0x66, 0x18, 0x66, 0x18, 0x66, 0x18, 0x66, 0x18, 0x66, 0x03, 0x46, 0x03, 0x46, 0x03, 0x46, 0x03, 0x46,
  0x03, 0x46, 0x03, 0x46, 0x03, 0x46, 0x03, 0x46, 0x18, 0x66, 0x18, 0x66, 0x18, 0x66, 0x18, 0x66, 0x18, 0x66, 0x18, 0x66, 0x18, 0x66, 0x18, 0x66,
  0x18, 0x66, 0x18, 0x66, 0x05, 0x2A, 0x10, 0x45, 0x10, 0x45, 0x7C, 0x12, 0x7C, 0x12, 0x08, 0x22, 0x07, 0xF0, 0x00, 0x00, 0x00, 0x00, 0x00, 0x00,
  0x00, 0x00, 0x00, 0x00, 0x00, 0x00, 0x07, 0xF0, 0x08, 0x22, 0x7C, 0x12, 0x7C, 0x12, 0x10, 0x45, 0x10, 0x45, 0x05, 0x6B, 0x05, 0x6B, 0x05, 0x6B,
  0x05, 0x6B, 0x05, 0x6B, 0x05, 0x6B, 0x08, 0x22, 0x9F, 0xF9, 0x9F, 0xF9, 0x9F, 0xF9, 0x9F, 0xF9, 0x9F, 0xF9, 0x9F, 0xF9, 0x9F, 0xF9, 0x9F, 0xF9,
  0x9F, 0xF9, 0x9F, 0xF9, 0x9F, 0xF9, 0x9F, 0xF9, 0x9F, 0xF9, 0x9F, 0xF9, 0x9F, 0xF9, 0x9F, 0xF9, 0x08, 0x22, 0x05, 0x6B, 0x05, 0x6B, 0x05, 0x6B,
  0x05, 0x6B, 0x05, 0x6B, 0x05, 0x6B, 0x10, 0x45, 0x10, 0x45, 0x7C, 0x12, 0x7C, 0x12, 0x08, 0x22, 0x07, 0xF0, 0x00, 0x00, 0x00, 0x00, 0x00, 0x00,
  0x02, 0x64, 0x04, 0xC9, 0x04, 0xC9, 0x07, 0xF0, 0x08, 0x22, 0x7C, 0x12, 0x7C, 0x12, 0x10, 0x45, 0x10, 0x45, 0x05, 0x6B, 0x05, 0x6B, 0x05, 0x6B,
  0x05, 0x6B, 0x05, 0x6B, 0x05, 0x6B, 0x08, 0x22, 0x9F, 0xF9, 0x9F, 0xF9, 0x9F, 0xF9, 0x9F, 0xF9, 0x9F, 0xF9, 0x9F, 0xF9, 0x9F, 0xF9, 0x9F, 0xF9,
  0x9F, 0xF9, 0x9F, 0xF9, 0x9F, 0xF9, 0x9F, 0xF9, 0x9F, 0xF9, 0x9F, 0xF9, 0x9F, 0xF9, 0x9F, 0xF9, 0x08, 0x22, 0x05, 0x6B, 0x05, 0x6B, 0x05, 0x6B,
  0x05, 0x6B, 0x05, 0x6B, 0x05, 0x6B, 0x10, 0x45, 0x10, 0x45, 0x7C, 0x12, 0x7C, 0x12, 0x08, 0x22, 0x07, 0xF0, 0x04, 0xC9, 0x04, 0xC9, 0x02, 0x64,
  0x00, 0x00, 0x00, 0x00, 0x00, 0x00, 0x07, 0xF0, 0x08, 0x22, 0x7B, 0xF1, 0x7B, 0xF1, 0x10, 0x45, 0x10, 0x45, 0x05, 0x2A, 0x20, 0x67, 0x20, 0x67,
  0x20, 0x67, 0x20, 0x67, 0x20, 0x67, 0x20, 0x67, 0x20, 0x67, 0x20, 0x67, 0x20, 0x67, 0x20, 0x67, 0x20, 0x67, 0x20, 0x67, 0x20, 0x67, 0x20, 0x67,
  0x20, 0x67, 0x20, 0x67, 0x20, 0x67, 0x20, 0x67, 0x20, 0x67, 0x20, 0x67, 0x20, 0x67, 0x20, 0x67, 0x20, 0x67, 0x20, 0x67, 0x20, 0x67, 0x20, 0x67,
  0x20, 0x67, 0x20, 0x67, 0x05, 0x2A, 0x10, 0x45, 0x10, 0x45, 0x7B, 0xF1, 0x7B, 0xF1, 0x08, 0x22, 0x07, 0xF0, 0x00, 0x00, 0x00, 0x00, 0x00, 0x00,
  0x00, 0x00, 0x00, 0x00, 0x00, 0x00, 0x07, 0xF0, 0x08, 0x22, 0x7B, 0xF1, 0x7B, 0xF1, 0x10, 0x45, 0x10, 0x45, 0x05, 0x8B, 0x05, 0x8B, 0x05, 0x8B,
  0x05, 0x8B, 0x05, 0x8B, 0x05, 0x8B, 0x08, 0x22, 0x97, 0xF9, 0x97, 0xF9, 0x97, 0xF9, 0x97, 0xF9, 0x97, 0xF9, 0x97, 0xF9, 0x97, 0xF9, 0x97, 0xF9,
  0x97, 0xF9, 0x97, 0xF9, 0x97, 0xF9, 0x97, 0xF9, 0x97, 0xF9, 0x97, 0xF9, 0x97, 0xF9, 0x97, 0xF9, 0x08, 0x22, 0x05, 0x8B, 0x05, 0x8B, 0x05, 0x8B,
  0x05, 0x8B, 0x05, 0x8B, 0x05, 0x8B, 0x10, 0x45, 0x10, 0x45, 0x7B, 0xF1, 0x7B, 0xF1, 0x08, 0x22, 0x07, 0xF0, 0x00, 0x00, 0x00, 0x00, 0x00, 0x00,
  0x02, 0x64, 0x04, 0xC9, 0x04, 0xC9, 0x07, 0xF0, 0x08, 0x22, 0x7B, 0xF1, 0x7B, 0xF1, 0x10, 0x45, 0x10, 0x45, 0x05, 0x8B, 0x05, 0x8B, 0x05, 0x8B,
  0x05, 0x8B, 0x05, 0x8B, 0x05, 0x8B, 0x08, 0x22, 0x97, 0xF9, 0x97, 0xF9, 0x97, 0xF9, 0x97, 0xF9, 0x97, 0xF9, 0x97, 0xF9, 0x97, 0xF9, 0x97, 0xF9,
  0x97, 0xF9, 0x97, 0xF9, 0x97, 0xF9, 0x97, 0xF9, 0x97, 0xF9, 0x97, 0xF9, 0x97, 0xF9, 0x97, 0xF9, 0x08, 0x22, 0x05, 0x8B, 0x05, 0x8B, 0x05, 0x8B,
  0x05, 0x8B, 0x05, 0x8B, 0x05, 0x8B, 0x10, 0x45, 0x10, 0x45, 0x7B, 0xF1, 0x7B, 0xF1, 0x08, 0x22, 0x07, 0xF0, 0x04, 0xC9, 0x04, 0xC9, 0x02, 0x64,
  0x00, 0x00, 0x00, 0x00, 0x00, 0x00, 0x07, 0xF0, 0x08, 0x22, 0x73, 0xD1, 0x73, 0xD1, 0x10, 0x45, 0x10, 0x45, 0x05, 0x2A, 0x20, 0x68, 0x20, 0x68,
  0x20, 0x68, 0x20, 0x68, 0x20, 0x68, 0x20, 0x68, 0x20, 0x68, 0x20, 0x68, 0x20, 0x68, 0x20, 0x68, 0x20, 0x68, 0x20, 0x68, 0x20, 0x68, 0x20, 0x68,
  0x20, 0x68, 0x20, 0x68, 0x20, 0x68, 0x20, 0x68, 0x20, 0x68, 0x20, 0x68, 0x20, 0x68, 0x20, 0x68, 0x20, 0x68, 0x20, 0x68, 0x20, 0x68, 0x20, 0x68,
  0x20, 0x68, 0x20, 0x68, 0x05, 0x2A, 0x10, 0x45, 0x10, 0x45, 0x73, 0xD1, 0x73, 0xD1, 0x08, 0x22, 0x07, 0xF0, 0x00, 0x00, 0x00, 0x00, 0x00, 0x00,
  0x00, 0x00, 0x00, 0x00, 0x00, 0x00, 0x07, 0xF0, 0x08, 0x22, 0x73, 0xD1, 0x73, 0xD1, 0x10, 0x45, 0x10, 0x45, 0x05, 0x0A, 0x05, 0x0A, 0x05, 0x0A,
  0x05, 0x0A, 0x05, 0x0A, 0x05, 0x0A, 0x08, 0x22, 0x8F, 0xF8, 0x8F, 0xF8, 0x8F, 0xF8, 0x8F, 0xF8, 0x8F, 0xF8, 0x8F, 0xF8, 0x8F, 0xF8, 0x8F, 0xF8,
  0x8F, 0xF8, 0x8F, 0xF8, 0x8F, 0xF8, 0x8F, 0xF8, 0x8F, 0xF8, 0x8F, 0xF8, 0x8F, 0xF8, 0x8F, 0xF8, 0x08, 0x22, 0x05, 0x0A, 0x05, 0x0A, 0x05, 0x0A,
  0x05, 0x0A, 0x05, 0x0A, 0x05, 0x0A, 0x10, 0x45, 0x10, 0x45, 0x73, 0xD1, 0x73, 0xD1, 0x08, 0x22, 0x07, 0xF0, 0x00, 0x00, 0x00, 0x00, 0x00, 0x00,
  0x02, 0x64, 0x04, 0xC9, 0x04, 0xC9, 0x07, 0xF0, 0x08, 0x22, 0x73, 0xD1, 0x73, 0xD1, 0x10, 0x45, 0x10, 0x45, 0x05, 0x0A, 0x05, 0x0A, 0x05, 0x0A,
  0x05, 0x0A, 0x05, 0x0A, 0x05, 0x0A, 0x08, 0x22, 0x8F, 0xF8, 0x8F, 0xF8, 0x8F, 0xF8, 0x8F, 0xF8, 0x8F, 0xF8, 0x8F, 0xF8, 0x8F, 0xF8, 0x8F, 0xF8,
  0x8F, 0xF8, 0x8F, 0xF8, 0x8F, 0xF8, 0x8F, 0xF8, 0x8F, 0xF8, 0x8F, 0xF8, 0x8F, 0xF8, 0x8F, 0xF8, 0x08, 0x22, 0x05, 0x0A, 0x05, 0x0A, 0x05, 0x0A,
  0x05, 0x0A, 0x05, 0x0A, 0x05, 0x0A, 0x10, 0x45, 0x10, 0x45, 0x73, 0xD1, 0x73, 0xD1, 0x08, 0x22, 0x07, 0xF0, 0x04, 0xC9, 0x04, 0xC9, 0x02, 0x64,
  0x00, 0x00, 0x00, 0x00, 0x00, 0x00, 0x07, 0xF0, 0x08, 0x22, 0x73, 0xB0, 0x73, 0xB0, 0x18, 0x45, 0x18, 0x45, 0x05, 0x2A, 0x18, 0x66, 0x18, 0x66,
  0x18, 0x66, 0x18, 0x66, 0x18, 0x66, 0x18, 0x66, 0x18, 0x66, 0x18, 0x66, 0x18, 0x66, 0x18, 0x66, 0x18, 0x66, 0x18, 0x66, 0x18, 0x66, 0x18, 0x66,
  0x18, 0x66, 0x18, 0x66, 0x18, 0x66, 0x18, 0x66, 0x18, 0x66, 0x18, 0x66, 0x18, 0x66, 0x18, 0x66, 0x18, 0x66, 0x18, 0x66, 0x18, 0x66, 0x18, 0x66,
  0x18, 0x66, 0x18, 0x66, 0x05, 0x2A, 0x18, 0x45, 0x18, 0x45, 0x73, 0xB0, 0x73, 0xB0, 0x08, 0x22, 0x07, 0xF0, 0x00, 0x00, 0x00, 0x00, 0x00, 0x00,
  0x00, 0x00, 0x00, 0x00, 0x00, 0x00, 0x07, 0xF0, 0x08, 0x22, 0x73, 0xB0, 0x73, 0xB0, 0x18, 0x45, 0x18, 0x45, 0x06, 0x0C, 0x06, 0x0C, 0x06, 0x0C,
  0x06, 0x0C, 0x06, 0x0C, 0x06, 0x0C, 0x08, 0x22, 0x08, 0x22, 0x87, 0xF8, 0x87, 0xF8, 0x87, 0xF8, 0x87, 0xF8, 0x87, 0xF8, 0x87, 0xF8, 0x87, 0xF8,
  0x87, 0xF8, 0x87, 0xF8, 0x87, 0xF8, 0x87, 0xF8, 0x87, 0xF8, 0x87, 0xF8, 0x87, 0xF8, 0x08, 0x22, 0x08, 0x22, 0x06, 0x0C, 0x06, 0x0C, 0x06, 0x0C,
  0x06, 0x0C, 0x06, 0x0C, 0x06, 0x0C, 0x18, 0x45, 0x18, 0x45, 0x73, 0xB0, 0x73, 0xB0, 0x08, 0x22, 0x07, 0xF0, 0x00, 0x00, 0x00, 0x00, 0x00, 0x00,
  0x02, 0x64, 0x04, 0xC9, 0x04, 0xC9, 0x07, 0xF0, 0x08, 0x22, 0x73, 0xB0, 0x73, 0xB0, 0x18, 0x45, 0x18, 0x45, 0x06, 0x0C, 0x06, 0x0C, 0x06, 0x0C,
  0x06, 0x0C, 0x06, 0x0C, 0x06, 0x0C, 0x08, 0x22, 0x08, 0x22, 0x87, 0xF8, 0x87, 0xF8, 0x87, 0xF8, 0x87, 0xF8, 0x87, 0xF8, 0x87, 0xF8, 0x87, 0xF8,
  0x87, 0xF8, 0x87, 0xF8, 0x87, 0xF8, 0x87, 0xF8, 0x87, 0xF8, 0x87, 0xF8, 0x87, 0xF8, 0x08, 0x22, 0x08, 0x22, 0x06, 0x0C, 0x06, 0x0C, 0x06, 0x0C,
  0x06, 0x0C, 0x06, 0x0C, 0x06, 0x0C, 0x18, 0x45, 0x18, 0x45, 0x73, 0xB0, 0x73, 0xB0, 0x08, 0x22, 0x07, 0xF0, 0x04, 0xC9, 0x04, 0xC9, 0x02, 0x64,
  0x00, 0x00, 0x00, 0x00, 0x00, 0x00, 0x07, 0xF0, 0x08, 0x22, 0x6B, 0x90, 0x6B, 0x90, 0x18, 0x45, 0x18, 0x45, 0x05, 0x2A, 0x28, 0x88, 0x28, 0x88,
  0x28, 0x88, 0x28, 0x88, 0x28, 0x88, 0x28, 0x88, 0x28, 0x88, 0x28, 0x88, 0x28, 0x88, 0x28, 0x88, 0x28, 0x88, 0x28, 0x88, 0x28, 0x88, 0x28, 0x88,
  0x28, 0x88, 0x28, 0x88, 0x28, 0x88, 0x28, 0x88, 0x28, 0x88, 0x28, 0x88, 0x28, 0x88, 0x28, 0x88, 0x28, 0x88, 0x28, 0x88, 0x28, 0x88, 0x28, 0x88,
  0x28, 0x88, 0x28, 0x88, 0x05, 0x2A, 0x18, 0x45, 0x18, 0x45, 0x6B, 0x90, 0x6B, 0x90, 0x08, 0x22, 0x07, 0xF0, 0x00, 0x00, 0x00, 0x00, 0x00, 0x00,
  0x00, 0x00, 0x00, 0x00, 0x00, 0x00, 0x07, 0xF0, 0x08, 0x22, 0x6B, 0x90, 0x6B, 0x90, 0x18, 0x45, 0x18, 0x45, 0x06, 0x4C, 0x06, 0x4C, 0x06, 0x4C,
  0x06, 0x4C, 0x06, 0x4C, 0x06, 0x4C, 0x06, 0x4C, 0x08, 0x22, 0x08, 0x22, 0x08, 0x22, 0x08, 0x22, 0x08, 0x22, 0x08, 0x22, 0x08, 0x22, 0x08, 0x22,
  0x08, 0x22, 0x08, 0x22, 0x08, 0x22, 0x08, 0x22, 0x08, 0x22, 0x08, 0x22, 0x08, 0x22, 0x08, 0x22, 0x06, 0x4C, 0x06, 0x4C, 0x06, 0x4C, 0x06, 0x4C,
  0x06, 0x4C, 0x06, 0x4C, 0x06, 0x4C, 0x18, 0x45, 0x18, 0x45, 0x6B, 0x90, 0x6B, 0x90, 0x08, 0x22, 0x07, 0xF0, 0x00, 0x00, 0x00, 0x00, 0x00, 0x00,
  0x02, 0x64, 0x04, 0xC9, 0x04, 0xC9, 0x07, 0xF0, 0x08, 0x22, 0x6B, 0x90, 0x6B, 0x90, 0x18, 0x45, 0x18, 0x45, 0x06, 0x4C, 0x06, 0x4C, 0x06, 0x4C,
  0x06, 0x4C, 0x06, 0x4C, 0x06, 0x4C, 0x06, 0x4C, 0x08, 0x22, 0x08, 0x22, 0x08, 0x22, 0x08, 0x22, 0x08, 0x22, 0x08, 0x22, 0x08, 0x22, 0x08, 0x22,
  0x08, 0x22, 0x08, 0x22, 0x08, 0x22, 0x08, 0x22, 0x08, 0x22, 0x08, 0x22, 0x08, 0x22, 0x08, 0x22, 0x06, 0x4C, 0x06, 0x4C, 0x06, 0x4C, 0x06, 0x4C,
  0x06, 0x4C, 0x06, 0x4C, 0x06, 0x4C, 0x18, 0x45, 0x18, 0x45, 0x6B, 0x90, 0x6B, 0x90, 0x08, 0x22, 0x07, 0xF0, 0x04, 0xC9, 0x04, 0xC9, 0x02, 0x64,
  0x00, 0x00, 0x00, 0x00, 0x00, 0x00, 0x07, 0xF0, 0x08, 0x22, 0x6B, 0x6F, 0x6B, 0x6F, 0x18, 0x45, 0x18, 0x45, 0x05, 0x2A, 0x28, 0x88, 0x28, 0x88,
  0x28, 0x88, 0x28, 0x88, 0x28, 0x88, 0x28, 0x88, 0x28, 0x88, 0x28, 0x88, 0x28, 0x88, 0x28, 0x88, 0x28, 0x88, 0x28, 0x88, 0x28, 0x88, 0x28, 0x88,
  0x28, 0x88, 0x28, 0x88, 0x28, 0x88, 0x28, 0x88, 0x28, 0x88, 0x28, 0x88, 0x28, 0x88, 0x28, 0x88, 0x28, 0x88, 0x28, 0x88, 0x28, 0x88, 0x28, 0x88,
  0x28, 0x88, 0x28, 0x88, 0x05, 0x2A, 0x18, 0x45, 0x18, 0x45, 0x6B, 0x6F, 0x6B, 0x6F, 0x08, 0x22, 0x07, 0xF0, 0x00, 0x00, 0x00, 0x00, 0x00, 0x00,
  0x00, 0x00, 0x00, 0x00, 0x00, 0x00, 0x07, 0xF0, 0x08, 0x22, 0x6B, 0x6F, 0x6B, 0x6F, 0x18, 0x45, 0x18, 0x45, 0x05, 0xAB, 0x05, 0xAB, 0x05, 0xAB,
  0x05, 0xAB, 0x05, 0xAB, 0x05, 0xAB, 0x05, 0xAB, 0x05, 0xAB, 0x05, 0xAB, 0x05, 0xAB, 0x05, 0xAB, 0x05, 0xAB, 0x05, 0xAB, 0x05, 0xAB, 0x05, 0xAB,
  0x05, 0xAB, 0x05, 0xAB, 0x05, 0xAB, 0x05, 0xAB, 0x05, 0xAB, 0x05, 0xAB, 0x05, 0xAB, 0x05, 0xAB, 0x05, 0xAB, 0x05, 0xAB, 0x05, 0xAB, 0x05, 0xAB,
  0x05, 0xAB, 0x05, 0xAB, 0x05, 0xAB, 0x18, 0x45, 0x18, 0x45, 0x6B, 0x6F, 0x6B, 0x6F, 0x08, 0x22, 0x07, 0xF0, 0x00, 0x00, 0x00, 0x00, 0x00, 0x00,
  0x02, 0x64, 0x04, 0xC9, 0x04, 0xC9, 0x07, 0xF0, 0x08, 0x22, 0x6B, 0x6F, 0x6B, 0x6F, 0x18, 0x45, 0x18, 0x45, 0x05, 0xAB, 0x05, 0xAB, 0x05, 0xAB,
  0x05, 0xAB, 0x05, 0xAB, 0x05, 0xAB, 0x05, 0xAB, 0x05, 0xAB, 0x05, 0xAB, 0x05, 0xAB, 0x05, 0xAB, 0x05, 0xAB, 0x05, 0xAB, 0x05, 0xAB, 0x05, 0xAB,
  0x05, 0xAB, 0x05, 0xAB, 0x05, 0xAB, 0x05, 0xAB, 0x05, 0xAB, 0x05, 0xAB, 0x05, 0xAB, 0x05, 0xAB, 0x05, 0xAB, 0x05, 0xAB, 0x05, 0xAB, 0x05, 0xAB,
  0x05, 0xAB, 0x05, 0xAB, 0x05, 0xAB, 0x18, 0x45, 0x18, 0x45, 0x6B, 0x6F, 0x6B, 0x6F, 0x08, 0x22, 0x07, 0xF0, 0x04, 0xC9, 0x04, 0xC9, 0x02, 0x64,
  0x00, 0x00, 0x00, 0x00, 0x00, 0x00, 0x07, 0xF0, 0x08, 0x22, 0x63, 0x4F, 0x63, 0x4F, 0x18, 0x45, 0x18, 0x45, 0x05, 0x2A, 0x20, 0x66, 0x20, 0x66,
  0x20, 0x66, 0x20, 0x66, 0x20, 0x66, 0x20, 0x66, 0x20, 0x66, 0x20, 0x66, 0x20, 0x66, 0x20, 0x66, 0x20, 0x66, 0x20, 0x66, 0x20, 0x66, 0x20, 0x66,
  0x20, 0x66, 0x20, 0x66, 0x20, 0x66, 0x20, 0x66, 0x20, 0x66, 0x20, 0x66, 0x20, 0x66, 0x20, 0x66, 0x20, 0x66, 0x20, 0x66, 0x20, 0x66, 0x20, 0x66,
  0x20, 0x66, 0x20, 0x66, 0x05, 0x2A, 0x18, 0x45, 0x18, 0x45, 0x63, 0x4F, 0x63, 0x4F, 0x08, 0x22, 0x07, 0xF0, 0x00, 0x00, 0x00, 0x00, 0x00, 0x00,
  0x00, 0x00, 0x00, 0x00, 0x00, 0x00, 0x07, 0xF0, 0x08, 0x22, 0x63, 0x4F, 0x63, 0x4F, 0x18, 0x45, 0x18, 0x45, 0x06, 0xAD, 0x06, 0xAD, 0x06, 0xAD,
  0x06, 0xAD, 0x06, 0xAD, 0x06, 0xAD, 0x06, 0xAD, 0x06, 0xAD, 0x06, 0xAD, 0x06, 0xAD, 0x06, 0xAD, 0x06, 0xAD, 0x06, 0xAD, 0x06, 0xAD, 0x06, 0xAD,
  0x06, 0xAD, 0x06, 0xAD, 0x06, 0xAD, 0x06, 0xAD, 0x06, 0xAD, 0x06, 0xAD, 0x06, 0xAD, 0x06, 0xAD, 0x06, 0xAD, 0x06, 0xAD, 0x06, 0xAD, 0x06, 0xAD,
  0x06, 0xAD, 0x06, 0xAD, 0x06, 0xAD, 0x18, 0x45, 0x18, 0x45, 0x63, 0x4F, 0x63, 0x4F, 0x08, 0x22, 0x07, 0xF0, 0x00, 0x00, 0x00, 0x00, 0x00, 0x00,
  0x02, 0x64, 0x04, 0xC9, 0x04, 0xC9, 0x07, 0xF0, 0x08, 0x22, 0x63, 0x4F, 0x63, 0x4F, 0x18, 0x45, 0x18, 0x45, 0x06, 0xAD, 0x06, 0xAD, 0x06, 0xAD,
  0x06, 0xAD, 0x06, 0xAD, 0x06, 0xAD, 0x06, 0xAD, 0x06, 0xAD, 0x06, 0xAD, 0x06, 0xAD, 0x06, 0xAD, 0x06, 0xAD, 0x06, 0xAD, 0x06, 0xAD, 0x06, 0xAD,
  0x06, 0xAD, 0x06, 0xAD, 0x06, 0xAD, 0x06, 0xAD, 0x06, 0xAD, 0x06, 0xAD, 0x06, 0xAD, 0x06, 0xAD, 0x06, 0xAD, 0x06, 0xAD, 0x06, 0xAD, 0x06, 0xAD,
  0x06, 0xAD, 0x06, 0xAD, 0x06, 0xAD, 0x18, 0x45, 0x18, 0x45, 0x63, 0x4F, 0x63, 0x4F, 0x08, 0x22, 0x07, 0xF0, 0x04, 0xC9, 0x04, 0xC9, 0x02, 0x64,
  0x00, 0x00, 0x00, 0x00, 0x00, 0x00, 0x07, 0xF0, 0x08, 0x22, 0x63, 0x2E, 0x63, 0x2E, 0x18, 0x45, 0x18, 0x45, 0x05, 0x2A, 0x28, 0x88, 0x28, 0x88,
  0x28, 0x88, 0x28, 0x88, 0x28, 0x88, 0x28, 0x88, 0x28, 0x88, 0x28, 0x88, 0x28, 0x88, 0x28, 0x88, 0x28, 0x88, 0x28, 0x88, 0x28, 0x88, 0x28, 0x88,
  0x28, 0x88, 0x28, 0x88, 0x28, 0x88, 0x28, 0x88, 0x28, 0x88, 0x28, 0x88, 0x28, 0x88, 0x28, 0x88, 0x28, 0x88, 0x28, 0x88, 0x28, 0x88, 0x28, 0x88,
  0x28, 0x88, 0x28, 0x88, 0x05, 0x2A, 0x18, 0x45, 0x18, 0x45, 0x63, 0x2E, 0x63, 0x2E, 0x08, 0x22, 0x07, 0xF0, 0x00, 0x00, 0x00, 0x00, 0x00, 0x00,
  0x00, 0x00, 0x00, 0x00, 0x00, 0x00, 0x07, 0xF0, 0x08, 0x22, 0x63, 0x2E, 0x63, 0x2E, 0x18, 0x45, 0x18, 0x45, 0x06, 0xEE, 0x06, 0xEE, 0x06, 0xEE,
  0x06, 0xEE, 0x06, 0xEE, 0x06, 0xEE, 0x06, 0xEE, 0x06, 0xEE, 0x06, 0xEE, 0x06, 0xEE, 0x06, 0xEE, 0x06, 0xEE, 0x06, 0xEE, 0x06, 0xEE, 0x06, 0xEE,
  0x06, 0xEE, 0x06, 0xEE, 0x06, 0xEE, 0x06, 0xEE, 0x06, 0xEE, 0x06, 0xEE, 0x06, 0xEE, 0x06, 0xEE, 0x06, 0xEE, 0x06, 0xEE, 0x06, 0xEE, 0x06, 0xEE,
  0x06, 0xEE, 0x06, 0xEE, 0x06, 0xEE, 0x18, 0x45, 0x18, 0x45, 0x63, 0x2E, 0x63, 0x2E, 0x08, 0x22, 0x07, 0xF0, 0x00, 0x00, 0x00, 0x00, 0x00, 0x00,
  0x02, 0x64, 0x04, 0xC9, 0x04, 0xC9, 0x07, 0xF0, 0x08, 0x22, 0x63, 0x2E, 0x63, 0x2E, 0x18, 0x45, 0x18, 0x45, 0x06, 0xEE, 0x06, 0xEE, 0x06, 0xEE,
  0x06, 0xEE, 0x06, 0xEE, 0x06, 0xEE, 0x06, 0xEE, 0x06, 0xEE, 0x06, 0xEE, 0x06, 0xEE, 0x06, 0xEE, 0x06, 0xEE, 0x06, 0xEE, 0x06, 0xEE, 0x06, 0xEE,
  0x06, 0xEE, 0x06, 0xEE, 0x06, 0xEE, 0x06, 0xEE, 0x06, 0xEE, 0x06, 0xEE, 0x06, 0xEE, 0x06, 0xEE, 0x06, 0xEE, 0x06, 0xEE, 0x06, 0xEE, 0x06, 0xEE,
  0x06, 0xEE, 0x06, 0xEE, 0x06, 0xEE, 0x18, 0x45, 0x18, 0x45, 0x63, 0x2E, 0x63, 0x2E, 0x08, 0x22, 0x07, 0xF0, 0x04, 0xC9, 0x04, 0xC9, 0x02, 0x64,
  0x00, 0x00, 0x00, 0x00, 0x00, 0x00, 0x07, 0xF0, 0x08, 0x22, 0x5B, 0x0E, 0x5B, 0x0E, 0x18, 0x46, 0x18, 0x46, 0x05, 0x2A, 0x28, 0x88, 0x28, 0x88,
  0x28, 0x88, 0x28, 0x88, 0x28, 0x88, 0x28, 0x88, 0x28, 0x88, 0x28, 0x88, 0x28, 0x88, 0x28, 0x88, 0x28, 0x88, 0x28, 0x88, 0x28, 0x88, 0x28, 0x88,
  0x28, 0x88, 0x28, 0x88, 0x28, 0x88, 0x28, 0x88, 0x28, 0x88, 0x28, 0x88, 0x28, 0x88, 0x28, 0x88, 0x28, 0x88, 0x28, 0x88, 0x28, 0x88, 0x28, 0x88,
  0x28, 0x88, 0x28, 0x88, 0x05, 0x2A, 0x18, 0x46, 0x18, 0x46, 0x5B, 0x0E, 0x5B, 0x0E, 0x08, 0x22, 0x07, 0xF0, 0x00, 0x00, 0x00, 0x00, 0x00, 0x00,
  0x00, 0x00, 0x00, 0x00, 0x00, 0x00, 0x07, 0xF0, 0x08, 0x22, 0x5B, 0x0E, 0x5B, 0x0E, 0x18, 0x46, 0x18, 0x46, 0x06, 0x4C, 0x06, 0x4C, 0x06, 0x4C,
  0x06, 0x4C, 0x06, 0x4C, 0x06, 0x4C, 0x06, 0x4C, 0x06, 0x4C, 0x06, 0x4C, 0x06, 0x4C, 0x06, 0x4C, 0x06, 0x4C, 0x06, 0x4C, 0x06, 0x4C, 0x06, 0x4C,
  0x06, 0x4C, 0x06, 0x4C, 0x06, 0x4C, 0x06, 0x4C, 0x06, 0x4C, 0x06, 0x4C, 0x06, 0x4C, 0x06, 0x4C, 0x06, 0x4C, 0x06, 0x4C, 0x06, 0x4C, 0x06, 0x4C,
  0x06, 0x4C, 0x06, 0x4C, 0x06, 0x4C, 0x18, 0x46, 0x18, 0x46, 0x5B, 0x0E, 0x5B, 0x0E, 0x08, 0x22, 0x07, 0xF0, 0x00, 0x00, 0x00, 0x00, 0x00, 0x00,
  0x02, 0x64, 0x04, 0xC9, 0x04, 0xC9, 0x07, 0xF0, 0x08, 0x22, 0x5B, 0x0E, 0x5B, 0x0E, 0x18, 0x46, 0x18, 0x46, 0x06, 0x4C, 0x06, 0x4C, 0x06, 0x4C,
  0x06, 0x4C, 0x06, 0x4C, 0x06, 0x4C, 0x06, 0x4C, 0x06, 0x4C, 0x06, 0x4C, 0x06, 0x4C, 0x06, 0x4C, 0x06, 0x4C, 0x06, 0x4C, 0x06, 0x4C, 0x06, 0x4C,
  0x06, 0x4C, 0x06, 0x4C, 0x06, 0x4C, 0x06, 0x4C, 0x06, 0x4C, 0x06, 0x4C, 0x06, 0x4C, 0x06, 0x4C, 0x06, 0x4C, 0x06, 0x4C, 0x06, 0x4C, 0x06, 0x4C,
  0x06, 0x4C, 0x06, 0x4C, 0x06, 0x4C, 0x18, 0x46, 0x18, 0x46, 0x5B, 0x0E, 0x5B, 0x0E, 0x08, 0x22, 0x07, 0xF0, 0x04, 0xC9, 0x04, 0xC9, 0x02, 0x64,
  0x00, 0x00, 0x00, 0x00, 0x00, 0x00, 0x07, 0xF0, 0x08, 0x22, 0x5A, 0xED, 0x5A, 0xED, 0x18, 0x46, 0x18, 0x46, 0x05, 0x2A, 0x04, 0x48, 0x20, 0x67,
  0x20, 0x67, 0x20, 0x67, 0x20, 0x67, 0x20, 0x67, 0x20, 0x67, 0x20, 0x67, 0x20, 0x67, 0x20, 0x67, 0x20, 0x67, 0x20, 0x67, 0x20, 0x67, 0x20, 0x67,
  0x20, 0x67, 0x20, 0x67, 0x20, 0x67, 0x20, 0x67, 0x20, 0x67, 0x20, 0x67, 0x20, 0x67, 0x20, 0x67, 0x20, 0x67, 0x20, 0x67, 0x20, 0x67, 0x20, 0x67,
  0x20, 0x67, 0x04, 0x48, 0x05, 0x2A, 0x18, 0x46, 0x18, 0x46, 0x5A, 0xED, 0x5A, 0xED, 0x08, 0x22, 0x07, 0xF0, 0x00, 0x00, 0x00, 0x00, 0x00, 0x00,
  0x00, 0x00, 0x00, 0x00, 0x00, 0x00, 0x07, 0xF0, 0x08, 0x22, 0x5A, 0xED, 0x5A, 0xED, 0x18, 0x46, 0x18, 0x46, 0x07, 0x4F, 0x07, 0x4F, 0x07, 0x4F,
  0x07, 0x4F, 0x07, 0x4F, 0x07, 0x4F, 0x07, 0x4F, 0x07, 0x4F, 0x07, 0x4F, 0x07, 0x4F, 0x07, 0x4F, 0x07, 0x4F, 0x07, 0x4F, 0x07, 0x4F, 0x07, 0x4F,
  0x07, 0x4F, 0x07, 0x4F, 0x07, 0x4F, 0x07, 0x4F, 0x07, 0x4F, 0x07, 0x4F, 0x07, 0x4F, 0x07, 0x4F, 0x07, 0x4F, 0x07, 0x4F, 0x07, 0x4F, 0x07, 0x4F,
  0x07, 0x4F, 0x07, 0x4F, 0x07, 0x4F, 0x18, 0x46, 0x18, 0x46, 0x5A, 0xED, 0x5A, 0xED, 0x08, 0x22, 0x07, 0xF0, 0x00, 0x00, 0x00, 0x00, 0x00, 0x00,
  0x02, 0x64, 0x04, 0xC9, 0x04, 0xC9, 0x07, 0xF0, 0x08, 0x22, 0x5A, 0xED, 0x5A, 0xED, 0x18, 0x46, 0x18, 0x46, 0x07, 0x4F, 0x07, 0x4F, 0x07, 0x4F,
  0x07, 0x4F, 0x07, 0x4F, 0x07, 0x4F, 0x07, 0x4F, 0x07, 0x4F, 0x07, 0x4F, 0x07, 0x4F, 0x07, 0x4F, 0x07, 0x4F, 0x07, 0x4F, 0x07, 0x4F, 0x07, 0x4F,
  0x07, 0x4F, 0x07, 0x4F, 0x07, 0x4F, 0x07, 0x4F, 0x07, 0x4F, 0x07, 0x4F, 0x07, 0x4F, 0x07, 0x4F, 0x07, 0x4F, 0x07, 0x4F, 0x07, 0x4F, 0x07, 0x4F,
  0x07, 0x4F, 0x07, 0x4F, 0x07, 0x4F, 0x18, 0x46, 0x18, 0x46, 0x5A, 0xED, 0x5A, 0xED, 0x08, 0x22, 0x07, 0xF0, 0x04, 0xC9, 0x04, 0xC9, 0x02, 0x64,
  0x00, 0x00, 0x00, 0x00, 0x00, 0x00, 0x07, 0xF0, 0x08, 0x22, 0x52, 0xCD, 0x52, 0xCD, 0x18, 0x46, 0x18, 0x46, 0x18, 0x46, 0x05, 0x2A, 0x05, 0x2A,
  0x05, 0x2A, 0x05, 0x2A, 0x05, 0x2A, 0x05, 0x2A, 0x05, 0x2A, 0x05, 0x2A, 0x05, 0x2A, 0x05, 0x2A, 0x05, 0x2A, 0x05, 0x2A, 0x05, 0x2A, 0x05, 0x2A,
  0x05, 0x2A, 0x05, 0x2A, 0x05, 0x2A, 0x05, 0x2A, 0x05, 0x2A, 0x05, 0x2A, 0x05, 0x2A, 0x05, 0x2A, 0x05, 0x2A, 0x05, 0x2A, 0x05, 0x2A, 0x05, 0x2A,
  0x05, 0x2A, 0x05, 0x2A, 0x18, 0x46, 0x18, 0x46, 0x18, 0x46, 0x52, 0xCD, 0x52, 0xCD, 0x08, 0x22, 0x07, 0xF0, 0x00, 0x00, 0x00, 0x00, 0x00, 0x00,
  0x00, 0x00, 0x00, 0x00, 0x00, 0x00, 0x07, 0xF0, 0x08, 0x22, 0x52, 0xCD, 0x52, 0xCD, 0x18, 0x46, 0x18, 0x46, 0x18, 0x46, 0x07, 0x8F, 0x07, 0x8F,
  0x07, 0x8F, 0x07, 0x8F, 0x07, 0x8F, 0x07, 0x8F, 0x07, 0x8F, 0x07, 0x8F, 0x07, 0x8F, 0x07, 0x8F, 0x07, 0x8F, 0x07, 0x8F, 0x07, 0x8F, 0x07, 0x8F,
  0x07, 0x8F, 0x07, 0x8F, 0x07, 0x8F, 0x07, 0x8F, 0x07, 0x8F, 0x07, 0x8F, 0x07, 0x8F, 0x07, 0x8F, 0x07, 0x8F, 0x07, 0x8F, 0x07, 0x8F, 0x07, 0x8F,
  0x07, 0x8F, 0x07, 0x8F, 0x18, 0x46, 0x18, 0x46, 0x18, 0x46, 0x52, 0xCD, 0x52, 0xCD, 0x08, 0x22, 0x07, 0xF0, 0x00, 0x00, 0x00, 0x00, 0x00, 0x00,
  0x02, 0x64, 0x04, 0xC9, 0x04, 0xC9, 0x07, 0xF0, 0x08, 0x22, 0x52, 0xCD, 0x52, 0xCD, 0x18, 0x46, 0x18, 0x46, 0x18, 0x46, 0x07, 0x8F, 0x07, 0x8F,
  0x07, 0x8F, 0x07, 0x8F, 0x07, 0x8F, 0x07, 0x8F, 0x07, 0x8F, 0x07, 0x8F, 0x07, 0x8F, 0x07, 0x8F, 0x07, 0x8F, 0x07, 0x8F, 0x07, 0x8F, 0x07, 0x8F,
  0x07, 0x8F, 0x07, 0x8F, 0x07, 0x8F, 0x07, 0x8F, 0x07, 0x8F, 0x07, 0x8F, 0x07, 0x8F, 0x07, 0x8F, 0x07, 0x8F, 0x07, 0x8F, 0x07, 0x8F, 0x07, 0x8F,
  0x07, 0x8F, 0x07, 0x8F, 0x18, 0x46, 0x18, 0x46, 0x18, 0x46, 0x52, 0xCD, 0x52, 0xCD, 0x08, 0x22, 0x07, 0xF0, 0x04, 0xC9, 0x04, 0xC9, 0x02, 0x64,
  0x00, 0x00, 0x00, 0x00, 0x00, 0x00, 0x07, 0xF0, 0x08, 0x22, 0x52, 0xAC, 0x52, 0xAC, 0x52, 0xAC, 0x18, 0x66, 0x18, 0x66, 0x18, 0x66, 0x18, 0x66,
  0x18, 0x66, 0x18, 0x66, 0x18, 0x66, 0x18, 0x66, 0x18, 0x66, 0x18, 0x66, 0x18, 0x66, 0x18, 0x66, 0x18, 0x66, 0x18, 0x66, 0x18, 0x66, 0x18, 0x66,
  0x18, 0x66, 0x18, 0x66, 0x18, 0x66, 0x18, 0x66, 0x18, 0x66, 0x18, 0x66, 0x18, 0x66, 0x18, 0x66, 0x18, 0x66, 0x18, 0x66, 0x18, 0x66, 0x18, 0x66,
  0x18, 0x66, 0x18, 0x66, 0x18, 0x66, 0x18, 0x66, 0x52, 0xAC, 0x52, 0xAC, 0x52, 0xAC, 0x08, 0x22, 0x07, 0xF0, 0x00, 0x00, 0x00, 0x00, 0x00, 0x00,
  0x00, 0x00, 0x00, 0x00, 0x00, 0x00, 0x07, 0xF0, 0x08, 0x22, 0x52, 0xAC, 0x52, 0xAC, 0x52, 0xAC, 0x18, 0x66, 0x18, 0x66, 0x18, 0x66, 0x18, 0x66,
  0x18, 0x66, 0x18, 0x66, 0x18, 0x66, 0x18, 0x66, 0x18, 0x66, 0x18, 0x66, 0x18, 0x66, 0x18, 0x66, 0x18, 0x66, 0x18, 0x66, 0x18, 0x66, 0x18, 0x66,
  0x18, 0x66, 0x18, 0x66, 0x18, 0x66, 0x18, 0x66, 0x18, 0x66, 0x18, 0x66, 0x18, 0x66, 0x18, 0x66, 0x18, 0x66, 0x18, 0x66, 0x18, 0x66, 0x18, 0x66,
  0x18, 0x66, 0x18, 0x66, 0x18, 0x66, 0x18, 0x66, 0x52, 0xAC, 0x52, 0xAC, 0x52, 0xAC, 0x08, 0x22, 0x07, 0xF0, 0x00, 0x00, 0x00, 0x00, 0x00, 0x00,
  0x02, 0x64, 0x04, 0xC9, 0x04, 0xC9, 0x07, 0xF0, 0x08, 0x22, 0x52, 0xAC, 0x52, 0xAC, 0x52, 0xAC, 0x18, 0x66, 0x18, 0x66, 0x18, 0x66, 0x18, 0x66,
  0x18, 0x66, 0x18, 0x66, 0x18, 0x66, 0x18, 0x66, 0x18, 0x66, 0x18, 0x66, 0x18, 0x66, 0x18, 0x66, 0x18, 0x66, 0x18, 0x66, 0x18, 0x66, 0x18, 0x66,
  0x18, 0x66, 0x18, 0x66, 0x18, 0x66, 0x18, 0x66, 0x18, 0x66, 0x18, 0x66, 0x18, 0x66, 0x18, 0x66, 0x18, 0x66, 0x18, 0x66, 0x18, 0x66, 0x18, 0x66,
  0x18, 0x66, 0x18, 0x66, 0x18, 0x66, 0x18, 0x66, 0x52, 0xAC, 0x52, 0xAC, 0x52, 0xAC, 0x08, 0x22, 0x07, 0xF0, 0x04, 0xC9, 0x04, 0xC9, 0x02, 0x64,
  0x00, 0x00, 0x00, 0x00, 0x00, 0x00, 0x07, 0xF0, 0x08, 0x22, 0x08, 0x22, 0x4A, 0x8C, 0x4A, 0x8C, 0x4A, 0x8C, 0x18, 0x66, 0x18, 0x66, 0x18, 0x66,
  0x18, 0x66, 0x18, 0x66, 0x18, 0x66, 0x18, 0x66, 0x18, 0x66, 0x18, 0x66, 0x18, 0x66, 0x18, 0x66, 0x18, 0x66, 0x18, 0x66, 0x18, 0x66, 0x18, 0x66,
  0x18, 0x66, 0x18, 0x66, 0x18, 0x66, 0x18, 0x66, 0x18, 0x66, 0x18, 0x66, 0x18, 0x66, 0x18, 0x66, 0x18, 0x66, 0x18, 0x66, 0x18, 0x66, 0x18, 0x66,
  0x18, 0x66, 0x18, 0x66, 0x18, 0x66, 0x4A, 0x8C, 0x4A, 0x8C, 0x4A, 0x8C, 0x08, 0x22, 0x08, 0x22, 0x07, 0xF0, 0x00, 0x00, 0x00, 0x00, 0x00, 0x00,
  0x00, 0x00, 0x00, 0x00, 0x00, 0x00, 0x07, 0xF0, 0x08, 0x22, 0x08, 0x22, 0x4A, 0x8C, 0x4A, 0x8C, 0x4A, 0x8C, 0x18, 0x66, 0x18, 0x66, 0x18, 0x66,
  0x18, 0x66, 0x18, 0x66, 0x18, 0x66, 0x18, 0x66, 0x18, 0x66, 0x18, 0x66, 0x18, 0x66, 0x18, 0x66, 0x18, 0x66, 0x18, 0x66, 0x18, 0x66, 0x18, 0x66,
  0x18, 0x66, 0x18, 0x66, 0x18, 0x66, 0x18, 0x66, 0x18, 0x66, 0x18, 0x66, 0x18, 0x66, 0x18, 0x66, 0x18, 0x66, 0x18, 0x66, 0x18, 0x66, 0x18, 0x66,
  0x18, 0x66, 0x18, 0x66, 0x18, 0x66, 0x4A, 0x8C, 0x4A, 0x8C, 0x4A, 0x8C, 0x08, 0x22, 0x08, 0x22, 0x07, 0xF0, 0x00, 0x00, 0x00, 0x00, 0x00, 0x00,
  0x02, 0x64, 0x04, 0xC9, 0x04, 0xC9, 0x07, 0xF0, 0x08, 0x22, 0x08, 0x22, 0x4A, 0x8C, 0x4A, 0x8C, 0x4A, 0x8C, 0x18, 0x66, 0x18, 0x66, 0x18, 0x66,
  0x18, 0x66, 0x18, 0x66, 0x18, 0x66, 0x18, 0x66, 0x18, 0x66, 0x18, 0x66, 0x18, 0x66, 0x18, 0x66, 0x18, 0x66, 0x18, 0x66, 0x18, 0x66, 0x18, 0x66,
  0x18, 0x66, 0x18, 0x66, 0x18, 0x66, 0x18, 0x66, 0x18, 0x66, 0x18, 0x66, 0x18, 0x66, 0x18, 0x66, 0x18, 0x66, 0x18, 0x66, 0x18, 0x66, 0x18, 0x66,
  0x18, 0x66, 0x18, 0x66, 0x18, 0x66, 0x4A, 0x8C, 0x4A, 0x8C, 0x4A, 0x8C, 0x08, 0x22, 0x08, 0x22, 0x07, 0xF0, 0x04, 0xC9, 0x04, 0xC9, 0x02, 0x64,
  0x00, 0x00, 0x00, 0x00, 0x00, 0x00, 0x07, 0xF0, 0x07, 0xF0, 0x08, 0x22, 0x4A, 0x6B, 0x4A, 0x6B, 0x4A, 0x6B, 0x4A, 0x6B, 0x4A, 0x6B, 0x4A, 0x6B,
  0x4A, 0x6B, 0x4A, 0x6B, 0x4A, 0x6B, 0x4A, 0x6B, 0x4A, 0x6B, 0x4A, 0x6B, 0x4A, 0x6B, 0x4A, 0x6B, 0x4A, 0x6B, 0x4A, 0x6B, 0x4A, 0x6B, 0x4A, 0x6B,
  0x4A, 0x6B, 0x4A, 0x6B, 0x4A, 0x6B, 0x4A, 0x6B, 0x4A, 0x6B, 0x4A, 0x6B, 0x4A, 0x6B, 0x4A, 0x6B, 0x4A, 0x6B, 0x4A, 0x6B, 0x4A, 0x6B, 0x4A, 0x6B,
  0x4A, 0x6B, 0x4A, 0x6B, 0x4A, 0x6B, 0x4A, 0x6B, 0x4A, 0x6B, 0x4A, 0x6B, 0x08, 0x22, 0x07, 0xF0, 0x07, 0xF0, 0x00, 0x00, 0x00, 0x00, 0x00, 0x00,
  0x00, 0x00, 0x00, 0x00, 0x00, 0x00, 0x07, 0xF0, 0x07, 0xF0, 0x08, 0x22, 0x4A, 0x6B, 0x4A, 0x6B, 0x4A, 0x6B, 0x4A, 0x6B, 0x4A, 0x6B, 0x4A, 0x6B,
  0x4A, 0x6B, 0x4A, 0x6B, 0x4A, 0x6B, 0x4A, 0x6B, 0x4A, 0x6B, 0x4A, 0x6B, 0x4A, 0x6B, 0x4A, 0x6B, 0x4A, 0x6B, 0x4A, 0x6B, 0x4A, 0x6B, 0x4A, 0x6B,
  0x4A, 0x6B, 0x4A, 0x6B, 0x4A, 0x6B, 0x4A, 0x6B, 0x4A, 0x6B, 0x4A, 0x6B, 0x4A, 0x6B, 0x4A, 0x6B, 0x4A, 0x6B, 0x4A, 0x6B, 0x4A, 0x6B, 0x4A, 0x6B,
  0x4A, 0x6B, 0x4A, 0x6B, 0x4A, 0x6B, 0x4A, 0x6B, 0x4A, 0x6B, 0x4A, 0x6B, 0x08, 0x22, 0x07, 0xF0, 0x07, 0xF0, 0x00, 0x00, 0x00, 0x00, 0x00, 0x00,
  0x02, 0x64, 0x04, 0xC9, 0x04, 0xC9, 0x07, 0xF0, 0x07, 0xF0, 0x08, 0x22, 0x4A, 0x6B, 0x4A, 0x6B, 0x4A, 0x6B, 0x4A, 0x6B, 0x4A, 0x6B, 0x4A, 0x6B,
  0x4A, 0x6B, 0x4A, 0x6B, 0x4A, 0x6B, 0x4A, 0x6B, 0x4A, 0x6B, 0x4A, 0x6B, 0x4A, 0x6B, 0x4A, 0x6B, 0x4A, 0x6B, 0x4A, 0x6B, 0x4A, 0x6B, 0x4A, 0x6B,
  0x4A, 0x6B, 0x4A, 0x6B, 0x4A, 0x6B, 0x4A, 0x6B, 0x4A, 0x6B, 0x4A, 0x6B, 0x4A, 0x6B, 0x4A, 0x6B, 0x4A, 0x6B, 0x4A, 0x6B, 0x4A, 0x6B, 0x4A, 0x6B,
  0x4A, 0x6B, 0x4A, 0x6B, 0x4A, 0x6B, 0x4A, 0x6B, 0x4A, 0x6B, 0x4A, 0x6B, 0x08, 0x22, 0x07, 0xF0, 0x07, 0xF0, 0x04, 0xC9, 0x04, 0xC9, 0x02, 0x64,
  0x00, 0x00, 0x00, 0x00, 0x00, 0x00, 0x00, 0x00, 0x07, 0xF0, 0x08, 0x22, 0x08, 0x22, 0x08, 0x22, 0x42, 0x4B, 0x42, 0x4B, 0x42, 0x4B, 0x42, 0x4B,
  0x42, 0x4B, 0x42, 0x4B, 0x42, 0x4B, 0x42, 0x4B, 0x42, 0x4B, 0x42, 0x4B, 0x42, 0x4B, 0x42, 0x4B, 0x42, 0x4B, 0x42, 0x4B, 0x42, 0x4B, 0x42, 0x4B,
  0x42, 0x4B, 0x42, 0x4B, 0x42, 0x4B, 0x42, 0x4B, 0x42, 0x4B, 0x42, 0x4B, 0x42, 0x4B, 0x42, 0x4B, 0x42, 0x4B, 0x42, 0x4B, 0x42, 0x4B, 0x42, 0x4B,
  0x42, 0x4B, 0x42, 0x4B, 0x42, 0x4B, 0x42, 0x4B, 0x08, 0x22, 0x08, 0x22, 0x08, 0x22, 0x07, 0xF0, 0x00, 0x00, 0x00, 0x00, 0x00, 0x00, 0x00, 0x00,
  0x00, 0x00, 0x00, 0x00, 0x00, 0x00, 0x00, 0x00, 0x07, 0xF0, 0x08, 0x22, 0x08, 0x22, 0x08, 0x22, 0x42, 0x4B, 0x42, 0x4B, 0x42, 0x4B, 0x42, 0x4B,
  0x42, 0x4B, 0x42, 0x4B, 0x42, 0x4B, 0x42, 0x4B, 0x42, 0x4B, 0x42, 0x4B, 0x42, 0x4B, 0x42, 0x4B, 0x42, 0x4B, 0x42, 0x4B, 0x42, 0x4B, 0x42, 0x4B,
  0x42, 0x4B, 0x42, 0x4B, 0x42, 0x4B, 0x42, 0x4B, 0x42, 0x4B, 0x42, 0x4B, 0x42, 0x4B, 0x42, 0x4B, 0x42, 0x4B, 0x42, 0x4B, 0x42, 0x4B, 0x42, 0x4B,
  0x42, 0x4B, 0x42, 0x4B, 0x42, 0x4B, 0x42, 0x4B, 0x08, 0x22, 0x08, 0x22, 0x08, 0x22, 0x07, 0xF0, 0x00, 0x00, 0x00, 0x00, 0x00, 0x00, 0x00, 0x00,
  0x02, 0x64, 0x04, 0xC9, 0x04, 0xC9, 0x04, 0xC9, 0x07, 0xF0, 0x08, 0x22, 0x08, 0x22, 0x08, 0x22, 0x42, 0x4B, 0x42, 0x4B, 0x42, 0x4B, 0x42, 0x4B,
  0x42, 0x4B, 0x42, 0x4B, 0x42, 0x4B, 0x42, 0x4B, 0x42, 0x4B, 0x42, 0x4B, 0x42, 0x4B, 0x42, 0x4B, 0x42, 0x4B, 0x42, 0x4B, 0x42, 0x4B, 0x42, 0x4B,
  0x42, 0x4B, 0x42, 0x4B, 0x42, 0x4B, 0x42, 0x4B, 0x42, 0x4B, 0x42, 0x4B, 0x42, 0x4B, 0x42, 0x4B, 0x42, 0x4B, 0x42, 0x4B, 0x42, 0x4B, 0x42, 0x4B,
  0x42, 0x4B, 0x42, 0x4B, 0x42, 0x4B, 0x42, 0x4B, 0x08, 0x22, 0x08, 0x22, 0x08, 0x22, 0x07, 0xF0, 0x04, 0xC9, 0x04, 0xC9, 0x04, 0xC9, 0x02, 0x64,
  0x00, 0x00, 0x00, 0x00, 0x00, 0x00, 0x00, 0x00, 0x00, 0x00, 0x07, 0xF0, 0x07, 0xF0, 0x08, 0x22, 0x08, 0x22, 0x08, 0x22, 0x08, 0x22, 0x08, 0x22,
  0x08, 0x22, 0x08, 0x22, 0x08, 0x22, 0x08, 0x22, 0x08, 0x22, 0x08, 0x22, 0x08, 0x22, 0x08, 0x22, 0x08, 0x22, 0x08, 0x22, 0x08, 0x22, 0x08, 0x22,
  0x08, 0x22, 0x08, 0x22, 0x08, 0x22, 0x08, 0x22, 0x08, 0x22, 0x08, 0x22, 0x08, 0x22, 0x08, 0x22, 0x08, 0x22, 0x08, 0x22, 0x08, 0x22, 0x08, 0x22,
  0x08, 0x22, 0x08, 0x22, 0x08, 0x22, 0x08, 0x22, 0x08, 0x22, 0x07, 0xF0, 0x07, 0xF0, 0x00, 0x00, 0x00, 0x00, 0x00, 0x00, 0x00, 0x00, 0x00, 0x00,
  0x00, 0x00, 0x00, 0x00, 0x00, 0x00, 0x00, 0x00, 0x00, 0x00, 0x07, 0xF0, 0x07, 0xF0, 0x08, 0x22, 0x08, 0x22, 0x08, 0x22, 0x08, 0x22, 0x08, 0x22,
  0x08, 0x22, 0x08, 0x22, 0x08, 0x22, 0x08, 0x22, 0x08, 0x22, 0x08, 0x22, 0x08, 0x22, 0x08, 0x22, 0x08, 0x22, 0x08, 0x22, 0x08, 0x22, 0x08, 0x22,
  0x08, 0x22, 0x08, 0x22, 0x08, 0x22, 0x08, 0x22, 0x08, 0x22, 0x08, 0x22, 0x08, 0x22, 0x08, 0x22, 0x08, 0x22, 0x08, 0x22, 0x08, 0x22, 0x08, 0x22,
  0x08, 0x22, 0x08, 0x22, 0x08, 0x22, 0x08, 0x22, 0x08, 0x22, 0x07, 0xF0, 0x07, 0xF0, 0x00, 0x00, 0x00, 0x00, 0x00, 0x00, 0x00, 0x00, 0x00, 0x00,
  0x00, 0x00, 0x02, 0x64, 0x04, 0xC9, 0x04, 0xC9, 0x04, 0xC9, 0x07, 0xF0, 0x07, 0xF0, 0x08, 0x22, 0x08, 0x22, 0x08, 0x22, 0x08, 0x22, 0x08, 0x22,
  0x08, 0x22, 0x08, 0x22, 0x08, 0x22, 0x08, 0x22, 0x08, 0x22, 0x08, 0x22, 0x08, 0x22, 0x08, 0x22, 0x08, 0x22, 0x08, 0x22, 0x08, 0x22, 0x08, 0x22,
  0x08, 0x22, 0x08, 0x22, 0x08, 0x22, 0x08, 0x22, 0x08, 0x22, 0x08, 0x22, 0x08, 0x22, 0x08, 0x22, 0x08, 0x22, 0x08, 0x22, 0x08, 0x22, 0x08, 0x22,
  0x08, 0x22, 0x08, 0x22, 0x08, 0x22, 0x08, 0x22, 0x08, 0x22, 0x07, 0xF0, 0x07, 0xF0, 0x04, 0xC9, 0x04, 0xC9, 0x04, 0xC9, 0x02, 0x64, 0x00, 0x00,
  0x00, 0x00, 0x00, 0x00, 0x00, 0x00, 0x00, 0x00, 0x00, 0x00, 0x00, 0x00, 0x07, 0xF0, 0x07, 0xF0, 0x07, 0xF0, 0x07, 0xF0, 0x07, 0xF0, 0x07, 0xF0,
  0x07, 0xF0, 0x07, 0xF0, 0x07, 0xF0, 0x07, 0xF0, 0x07, 0xF0, 0x07, 0xF0, 0x07, 0xF0, 0x07, 0xF0, 0x07, 0xF0, 0x07, 0xF0, 0x07, 0xF0, 0x07, 0xF0,
  0x07, 0xF0, 0x07, 0xF0, 0x07, 0xF0, 0x07, 0xF0, 0x07, 0xF0, 0x07, 0xF0, 0x07, 0xF0, 0x07, 0xF0, 0x07, 0xF0, 0x07, 0xF0, 0x07, 0xF0, 0x07, 0xF0,
  0x07, 0xF0, 0x07, 0xF0, 0x07, 0xF0, 0x07, 0xF0, 0x07, 0xF0, 0x07, 0xF0, 0x00, 0x00, 0x00, 0x00, 0x00, 0x00, 0x00, 0x00, 0x00, 0x00, 0x00, 0x00,
  0x00, 0x00, 0x00, 0x00, 0x00, 0x00, 0x00, 0x00, 0x00, 0x00, 0x00, 0x00, 0x07, 0xF0, 0x07, 0xF0, 0x07, 0xF0, 0x07, 0xF0, 0x07, 0xF0, 0x07, 0xF0,
  0x07, 0xF0, 0x07, 0xF0, 0x07, 0xF0, 0x07, 0xF0, 0x07, 0xF0, 0x07, 0xF0, 0x07, 0xF0, 0x07, 0xF0, 0x07, 0xF0, 0x07, 0xF0, 0x07, 0xF0, 0x07, 0xF0,
  0x07, 0xF0, 0x07, 0xF0, 0x07, 0xF0, 0x07, 0xF0, 0x07, 0xF0, 0x07, 0xF0, 0x07, 0xF0, 0x07, 0xF0, 0x07, 0xF0, 0x07, 0xF0, 0x07, 0xF0, 0x07, 0xF0,
  0x07, 0xF0, 0x07, 0xF0, 0x07, 0xF0, 0x07, 0xF0, 0x07, 0xF0, 0x07, 0xF0, 0x00, 0x00, 0x00, 0x00, 0x00, 0x00, 0x00, 0x00, 0x00, 0x00, 0x00, 0x00,
  0x00, 0x00, 0x02, 0x64, 0x02, 0x64, 0x04, 0xC9, 0x04, 0xC9, 0x04, 0xC9, 0x07, 0xF0, 0x07, 0xF0, 0x07, 0xF0, 0x07, 0xF0, 0x07, 0xF0, 0x07, 0xF0,
  0x07, 0xF0, 0x07, 0xF0, 0x07, 0xF0, 0x07, 0xF0, 0x07, 0xF0, 0x07, 0xF0, 0x07, 0xF0, 0x07, 0xF0, 0x07, 0xF0, 0x07, 0xF0, 0x07, 0xF0, 0x07, 0xF0,
  0x07, 0xF0, 0x07, 0xF0, 0x07, 0xF0, 0x07, 0xF0, 0x07, 0xF0, 0x07, 0xF0, 0x07, 0xF0, 0x07, 0xF0, 0x07, 0xF0, 0x07, 0xF0, 0x07, 0xF0, 0x07, 0xF0,
  0x07, 0xF0, 0x07, 0xF0, 0x07, 0xF0, 0x07, 0xF0, 0x07, 0xF0, 0x07, 0xF0, 0x04, 0xC9, 0x04, 0xC9, 0x04, 0xC9, 0x02, 0x64, 0x02, 0x64, 0x00, 0x00,
  0x00, 0x00, 0x00, 0x00, 0x00, 0x00, 0x00, 0x00, 0x00, 0x00, 0x00, 0x00, 0x00, 0x00, 0x00, 0x00, 0x00, 0x00, 0x00, 0x00, 0x00, 0x00, 0x00, 0x00,
  0x00, 0x00, 0x00, 0x00, 0x00, 0x00, 0x00, 0x00, 0x00, 0x00, 0x00, 0x00, 0x00, 0x00, 0x00, 0x00, 0x00, 0x00, 0x00, 0x00, 0x00, 0x00, 0x00, 0x00,
  0x00, 0x00, 0x00, 0x00, 0x00, 0x00, 0x00, 0x00, 0x00, 0x00, 0x00, 0x00, 0x00, 0x00, 0x00, 0x00, 0x00, 0x00, 0x00, 0x00, 0x00, 0x00, 0x00, 0x00,
  0x00, 0x00, 0x00, 0x00, 0x00, 0x00, 0x00, 0x00, 0x00, 0x00, 0x00, 0x00, 0x00, 0x00, 0x00, 0x00, 0x00, 0x00, 0x00, 0x00, 0x00, 0x00, 0x00, 0x00,
  0x00, 0x00, 0x00, 0x00, 0x00, 0x00, 0x00, 0x00, 0x00, 0x00, 0x00, 0x00, 0x00, 0x00, 0x00, 0x00, 0x00, 0x00, 0x00, 0x00, 0x00, 0x00, 0x00, 0x00,
  0x00, 0x00, 0x00, 0x00, 0x00, 0x00, 0x00, 0x00, 0x00, 0x00, 0x00, 0x00, 0x00, 0x00, 0x00, 0x00, 0x00, 0x00, 0x00, 0x00, 0x00, 0x00, 0x00, 0x00,
  0x00, 0x00, 0x00, 0x00, 0x00, 0x00, 0x00, 0x00, 0x00, 0x00, 0x00, 0x00, 0x00, 0x00, 0x00, 0x00, 0x00, 0x00, 0x00, 0x00, 0x00, 0x00, 0x00, 0x00,
  0x00, 0x00, 0x00, 0x00, 0x00, 0x00, 0x00, 0x00, 0x00, 0x00, 0x00, 0x00, 0x00, 0x00, 0x00, 0x00, 0x00, 0x00, 0x00, 0x00, 0x00, 0x00, 0x00, 0x00,
  0x00, 0x00, 0x00, 0x00, 0x02, 0x64, 0x02, 0x64, 0x04, 0xC9, 0x04, 0xC9, 0x04, 0xC9, 0x04, 0xC9, 0x04, 0xC9, 0x04, 0xC9, 0x04, 0xC9, 0x04, 0xC9,
  0x04, 0xC9, 0x04, 0xC9, 0x04, 0xC9, 0x04, 0xC9, 0x04, 0xC9, 0x04, 0xC9, 0x04, 0xC9, 0x04, 0xC9, 0x04, 0xC9, 0x04, 0xC9, 0x04, 0xC9, 0x04, 0xC9,
  0x04, 0xC9, 0x04, 0xC9, 0x04, 0xC9, 0x04, 0xC9, 0x04, 0xC9, 0x04, 0xC9, 0x04, 0xC9, 0x04, 0xC9, 0x04, 0xC9, 0x04, 0xC9, 0x04, 0xC9, 0x04, 0xC9,
  0x04, 0xC9, 0x04, 0xC9, 0x04, 0xC9, 0x04, 0xC9, 0x04, 0xC9, 0x04, 0xC9, 0x04, 0xC9, 0x04, 0xC9, 0x02, 0x64, 0x02, 0x64, 0x00, 0x00, 0x00, 0x00,
  0x00, 0x00, 0x00, 0x00, 0x00, 0x00, 0x00, 0x00, 0x00, 0x00, 0x00, 0x00, 0x00, 0x00, 0x00, 0x00, 0x00, 0x00, 0x00, 0x00, 0x00, 0x00, 0x00, 0x00,
  0x00, 0x00, 0x00, 0x00, 0x00, 0x00, 0x00, 0x00, 0x00, 0x00, 0x00, 0x00, 0x00, 0x00, 0x00, 0x00, 0x00, 0x00, 0x00, 0x00, 0x00, 0x00, 0x00, 0x00,
  0x00, 0x00, 0x00, 0x00, 0x00, 0x00, 0x00, 0x00, 0x00, 0x00, 0x00, 0x00, 0x00, 0x00, 0x00, 0x00, 0x00, 0x00, 0x00, 0x00, 0x00, 0x00, 0x00, 0x00,
  0x00, 0x00, 0x00, 0x00, 0x00, 0x00, 0x00, 0x00, 0x00, 0x00, 0x00, 0x00, 0x00, 0x00, 0x00, 0x00, 0x00, 0x00, 0x00, 0x00, 0x00, 0x00, 0x00, 0x00,
  0x00, 0x00, 0x00, 0x00, 0x00, 0x00, 0x00, 0x00, 0x00, 0x00, 0x00, 0x00, 0x00, 0x00, 0x00, 0x00, 0x00, 0x00, 0x00, 0x00, 0x00, 0x00, 0x00, 0x00,
  0x00, 0x00, 0x00, 0x00, 0x00, 0x00, 0x00, 0x00, 0x00, 0x00, 0x00, 0x00, 0x00, 0x00, 0x00, 0x00, 0x00, 0x00, 0x00, 0x00, 0x00, 0x00, 0x00, 0x00,
  0x00, 0x00, 0x00, 0x00, 0x00, 0x00, 0x00, 0x00, 0x00, 0x00, 0x00, 0x00, 0x00, 0x00, 0x00, 0x00, 0x00, 0x00, 0x00, 0x00, 0x00, 0x00, 0x00, 0x00,
  0x00, 0x00, 0x00, 0x00, 0x00, 0x00, 0x00, 0x00, 0x00, 0x00, 0x00, 0x00, 0x00, 0x00, 0x00, 0x00, 0x00, 0x00, 0x00, 0x00, 0x00, 0x00, 0x00, 0x00,
  0x00, 0x00, 0x00, 0x00, 0x00, 0x00, 0x02, 0x64, 0x02, 0x64, 0x04, 0xC9, 0x04, 0xC9, 0x04, 0xC9, 0x04, 0xC9, 0x04, 0xC9, 0x04, 0xC9, 0x04, 0xC9,
  0x04, 0xC9, 0x04, 0xC9, 0x04, 0xC9, 0x04, 0xC9, 0x04, 0xC9, 0x04, 0xC9, 0x04, 0xC9, 0x04, 0xC9, 0x04, 0xC9, 0x04, 0xC9, 0x04, 0xC9, 0x04, 0xC9,
  0x04, 0xC9, 0x04, 0xC9, 0x04, 0xC9, 0x04, 0xC9, 0x04, 0xC9, 0x04, 0xC9, 0x04, 0xC9, 0x04, 0xC9, 0x04, 0xC9, 0x04, 0xC9, 0x04, 0xC9, 0x04, 0xC9,
  0x04, 0xC9, 0x04, 0xC9, 0x04, 0xC9, 0x04, 0xC9, 0x04, 0xC9, 0x04, 0xC9, 0x04, 0xC9, 0x02, 0x64, 0x02, 0x64, 0x00, 0x00, 0x00, 0x00, 0x00, 0x00,
  0x00, 0x00, 0x00, 0x00, 0x00, 0x00, 0x00, 0x00, 0x00, 0x00, 0x00, 0x00, 0x00, 0x00, 0x00, 0x00, 0x00, 0x00, 0x00, 0x00, 0x00, 0x00, 0x00, 0x00,
  0x00, 0x00, 0x00, 0x00, 0x00, 0x00, 0x00, 0x00, 0x00, 0x00, 0x00, 0x00, 0x00, 0x00, 0x00, 0x00, 0x00, 0x00, 0x00, 0x00, 0x00, 0x00, 0x00, 0x00,
  0x00, 0x00, 0x00, 0x00, 0x00, 0x00, 0x00, 0x00, 0x00, 0x00, 0x00, 0x00, 0x00, 0x00, 0x00, 0x00, 0x00, 0x00, 0x00, 0x00, 0x00, 0x00, 0x00, 0x00,
  0x00, 0x00, 0x00, 0x00, 0x00, 0x00, 0x00, 0x00, 0x00, 0x00, 0x00, 0x00, 0x00, 0x00, 0x00, 0x00, 0x00, 0x00, 0x00, 0x00, 0x00, 0x00, 0x00, 0x00,
  0x00, 0x00, 0x00, 0x00, 0x00, 0x00, 0x00, 0x00, 0x00, 0x00, 0x00, 0x00, 0x00, 0x00, 0x00, 0x00, 0x00, 0x00, 0x00, 0x00, 0x00, 0x00, 0x00, 0x00,
  0x00, 0x00, 0x00, 0x00, 0x00, 0x00, 0x00, 0x00, 0x00, 0x00, 0x00, 0x00, 0x00, 0x00, 0x00, 0x00, 0x00, 0x00, 0x00, 0x00, 0x00, 0x00, 0x00, 0x00,
  0x00, 0x00, 0x00, 0x00, 0x00, 0x00, 0x00, 0x00, 0x00, 0x00, 0x00, 0x00, 0x00, 0x00, 0x00, 0x00, 0x00, 0x00, 0x00, 0x00, 0x00, 0x00, 0x00, 0x00,
  0x00, 0x00, 0x00, 0x00, 0x00, 0x00, 0x00, 0x00, 0x00, 0x00, 0x00, 0x00, 0x00, 0x00, 0x00, 0x00, 0x00, 0x00, 0x00, 0x00, 0x00, 0x00, 0x00, 0x00,
  0x00, 0x00, 0x00, 0x00, 0x00, 0x00, 0x00, 0x00, 0x00, 0x00, 0x02, 0x64, 0x02, 0x64, 0x02, 0x64, 0x02, 0x64, 0x02, 0x64, 0x02, 0x64, 0x02, 0x64,
  0x02, 0x64, 0x02, 0x64, 0x02, 0x64, 0x02, 0x64, 0x02, 0x64, 0x02, 0x64, 0x02, 0x64, 0x02, 0x64, 0x02, 0x64, 0x02, 0x64, 0x02, 0x64, 0x02, 0x64,
  0x02, 0x64, 0x02, 0x64, 0x02, 0x64, 0x02, 0x64, 0x02, 0x64, 0x02, 0x64, 0x02, 0x64, 0x02, 0x64, 0x02, 0x64, 0x02, 0x64, 0x02, 0x64, 0x02, 0x64,
  0x02, 0x64, 0x02, 0x64, 0x02, 0x64, 0x02, 0x64, 0x02, 0x64, 0x02, 0x64, 0x02, 0x64, 0x00, 0x00, 0x00, 0x00, 0x00, 0x00, 0x00, 0x00, 0x00, 0x00,
};

/* Hoja botón red: 144x48, 3 cuadros de 48x48 (0=reposo, 1=presionado, 2=sostenido) */
uint8_t btn_red[13824] = {
  0x00, 0x00, 0x00, 0x00, 0x00, 0x00, 0x00, 0x00, 0x00, 0x00, 0x00, 0x00, 0x00, 0x00, 0x00, 0x00, 0x00, 0x00, 0x00, 0x00, 0x00, 0x00, 0x00, 0x00,
  0x00, 0x00, 0x00, 0x00, 0x00, 0x00, 0x00, 0x00, 0x00, 0x00, 0x00, 0x00, 0x00, 0x00, 0x00, 0x00, 0x00, 0x00, 0x00, 0x00, 0x00, 0x00, 0x00, 0x00,
  0x00, 0x00, 0x00, 0x00, 0x00, 0x00, 0x00, 0x00, 0x00, 0x00, 0x00, 0x00, 0x00, 0x00, 0x00, 0x00, 0x00, 0x00, 0x00, 0x00, 0x00, 0x00, 0x00, 0x00,
  0x00, 0x00, 0x00, 0x00, 0x00, 0x00, 0x00, 0x00, 0x00, 0x00, 0x00, 0x00, 0x00, 0x00, 0x00, 0x00, 0x00, 0x00, 0x00, 0x00, 0x00, 0x00, 0x00, 0x00,
  0x00, 0x00, 0x00, 0x00, 0x00, 0x00, 0x00, 0x00, 0x00, 0x00, 0x00, 0x00, 0x00, 0x00, 0x00, 0x00, 0x00, 0x00, 0x00, 0x00, 0x00, 0x00, 0x00, 0x00,
  0x00, 0x00, 0x00, 0x00, 0x00, 0x00, 0x00, 0x00, 0x00, 0x00, 0x00, 0x00, 0x00, 0x00, 0x00, 0x00, 0x00, 0x00, 0x00, 0x00, 0x00, 0x00, 0x00, 0x00,
  0x00, 0x00, 0x00, 0x00, 0x00, 0x00, 0x00, 0x00, 0x00, 0x00, 0x00, 0x00, 0x00, 0x00, 0x00, 0x00, 0x00, 0x00, 0x00, 0x00, 0x00, 0x00, 0x00, 0x00,
  0x00, 0x00, 0x00, 0x00, 0x00, 0x00, 0x00, 0x00, 0x00, 0x00, 0x00, 0x00, 0x00, 0x00, 0x00, 0x00, 0x00, 0x00, 0x00, 0x00, 0x00, 0x00, 0x00, 0x00,
  0x00, 0x00, 0x00, 0x00, 0x00, 0x00, 0x00, 0x00, 0x00, 0x00, 0x48, 0x64, 0x48, 0x64, 0x48, 0x64, 0x48, 0x64, 0x48, 0x64, 0x48, 0x64, 0x48, 0x64,
  0x48, 0x64, 0x48, 0x64, 0x48, 0x64, 0x48, 0x64, 0x48, 0x64, 0x48, 0x64, 0x48, 0x64, 0x48, 0x64, 0x48, 0x64, 0x48, 0x64, 0x48, 0x64, 0x48, 0x64,
  0x48, 0x64, 0x48, 0x64, 0x48, 0x64, 0x48, 0x64, 0x48, 0x64, 0x48, 0x64, 0x48, 0x64, 0x48, 0x64, 0x48, 0x64, 0x48, 0x64, 0x48, 0x64, 0x48, 0x64,
  0x48, 0x64, 0x48, 0x64, 0x48, 0x64, 0x48, 0x64, 0x48, 0x64, 0x48, 0x64, 0x48, 0x64, 0x00, 0x00, 0x00, 0x00, 0x00, 0x00, 0x00, 0x00, 0x00, 0x00,
  0x00, 0x00, 0x00, 0x00, 0x00, 0x00, 0x00, 0x00, 0x00, 0x00, 0x00, 0x00, 0x00, 0x00, 0x00, 0x00, 0x00, 0x00, 0x00, 0x00, 0x00, 0x00, 0x00, 0x00,
  0x00, 0x00, 0x00, 0x00, 0x00, 0x00, 0x00, 0x00, 0x00, 0x00, 0x00, 0x00, 0x00, 0x00, 0x00, 0x00, 0x00, 0x00, 0x00, 0x00, 0x00, 0x00, 0x00, 0x00,
  0x00, 0x00, 0x00, 0x00, 0x00, 0x00, 0x00, 0x00, 0x00, 0x00, 0x00, 0x00, 0x00, 0x00, 0x00, 0x00, 0x00, 0x00, 0x00, 0x00, 0x00, 0x00, 0x00, 0x00,
  0x00, 0x00, 0x00, 0x00, 0x00, 0x00, 0x00, 0x00, 0x00, 0x00, 0x00, 0x00, 0x00, 0x00, 0x00, 0x00, 0x00, 0x00, 0x00, 0x00, 0x00, 0x00, 0x00, 0x00,
  0x00, 0x00, 0x00, 0x00, 0x00, 0x00, 0x00, 0x00, 0x00, 0x00, 0x00, 0x00, 0x00, 0x00, 0x00, 0x00, 0x00, 0x00, 0x00, 0x00, 0x00, 0x00, 0x00, 0x00,
  0x00, 0x00, 0x00, 0x00, 0x00, 0x00, 0x00, 0x00, 0x00, 0x00, 0x00, 0x00, 0x00, 0x00, 0x00, 0x00, 0x00, 0x00, 0x00, 0x00, 0x00, 0x00, 0x00, 0x00,
  0x00, 0x00, 0x00, 0x00, 0x00, 0x00, 0x00, 0x00, 0x00, 0x00, 0x00, 0x00, 0x00, 0x00, 0x00, 0x00, 0x00, 0x00, 0x00, 0x00, 0x00, 0x00, 0x00, 0x00,
  0x00, 0x00, 0x00, 0x00, 0x00, 0x00, 0x00, 0x00, 0x00, 0x00, 0x00, 0x00, 0x00, 0x00, 0x00, 0x00, 0x00, 0x00, 0x00, 0x00, 0x00, 0x00, 0x00, 0x00,
  0x00, 0x00, 0x00, 0x00, 0x00, 0x00, 0x48, 0x64, 0x48, 0x64, 0x98, 0xC8, 0x98, 0xC8, 0x98, 0xC8, 0x98, 0xC8, 0x98, 0xC8, 0x98, 0xC8, 0x98, 0xC8,
  0x98, 0xC8, 0x98, 0xC8, 0x98, 0xC8, 0x98, 0xC8, 0x98, 0xC8, 0x98, 0xC8, 0x98, 0xC8, 0x98, 0xC8, 0x98, 0xC8, 0x98, 0xC8, 0x98, 0xC8, 0x98, 0xC8,
  0x98, 0xC8, 0x98, 0xC8, 0x98, 0xC8, 0x98, 0xC8, 0x98, 0xC8, 0x98, 0xC8, 0x98, 0xC8, 0x98, 0xC8, 0x98, 0xC8, 0x98, 0xC8, 0x98, 0xC8, 0x98, 0xC8,
  0x98, 0xC8, 0x98, 0xC8, 0x98, 0xC8, 0x98, 0xC8, 0x98, 0xC8, 0x98, 0xC8, 0x98, 0xC8, 0x48, 0x64, 0x48, 0x64, 0x00, 0x00, 0x00, 0x00, 0x00, 0x00,
  0x00, 0x00, 0x00, 0x00, 0x00, 0x00, 0x00, 0x00, 0x00, 0x00, 0x00, 0x00, 0x00, 0x00, 0x00, 0x00, 0x00, 0x00, 0x00, 0x00, 0x00, 0x00, 0x00, 0x00,
  0x00, 0x00, 0x00, 0x00, 0x00, 0x00, 0x00, 0x00, 0x00, 0x00, 0x00, 0x00, 0x00, 0x00, 0x00, 0x00, 0x00, 0x00, 0x00, 0x00, 0x00, 0x00, 0x00, 0x00,
  0x00, 0x00, 0x00, 0x00, 0x00, 0x00, 0x00, 0x00, 0x00, 0x00, 0x00, 0x00, 0x00, 0x00, 0x00, 0x00, 0x00, 0x00, 0x00, 0x00, 0x00, 0x00, 0x00, 0x00,
  0x00, 0x00, 0x00, 0x00, 0x00, 0x00, 0x00, 0x00, 0x00, 0x00, 0x00, 0x00, 0x00, 0x00, 0x00, 0x00, 0x00, 0x00, 0x00, 0x00, 0x00, 0x00, 0x00, 0x00,
  0x00, 0x00, 0x00, 0x00, 0x00, 0x00, 0x00, 0x00, 0x00, 0x00, 0x00, 0x00, 0x00, 0x00, 0x00, 0x00, 0x00, 0x00, 0x00, 0x00, 0x00, 0x00, 0x00, 0x00,
  0x00, 0x00, 0x00, 0x00, 0x00, 0x00, 0x00, 0x00, 0x00, 0x00, 0x00, 0x00, 0x00, 0x00, 0x00, 0x00, 0x00, 0x00, 0x00, 0x00, 0x00, 0x00, 0x00, 0x00,
  0x00, 0x00, 0x00, 0x00, 0x00, 0x00, 0x00, 0x00, 0x00, 0x00, 0x00, 0x00, 0x00, 0x00, 0x00, 0x00, 0x00, 0x00, 0x00, 0x00, 0x00, 0x00, 0x00, 0x00,
  0x00, 0x00, 0x00, 0x00, 0x00, 0x00, 0x00, 0x00, 0x00, 0x00, 0x00, 0x00, 0x00, 0x00, 0x00, 0x00, 0x00, 0x00, 0x00, 0x00, 0x00, 0x00, 0x00, 0x00,
  0x00, 0x00, 0x00, 0x00, 0x48, 0x64, 0x48, 0x64, 0x98, 0xC8, 0x98, 0xC8, 0x98, 0xC8, 0x98, 0xC8, 0x98, 0xC8, 0x98, 0xC8, 0x98, 0xC8, 0x98, 0xC8,
  0x98, 0xC8, 0x98, 0xC8, 0x98, 0xC8, 0x98, 0xC8, 0x98, 0xC8, 0x98, 0xC8, 0x98, 0xC8, 0x98, 0xC8, 0x98, 0xC8, 0x98, 0xC8, 0x98, 0xC8, 0x98, 0xC8,
  0x98, 0xC8, 0x98, 0xC8, 0x98, 0xC8, 0x98, 0xC8, 0x98, 0xC8, 0x98, 0xC8, 0x98, 0xC8, 0x98, 0xC8, 0x98, 0xC8, 0x98, 0xC8, 0x98, 0xC8, 0x98, 0xC8,
  0x98, 0xC8, 0x98, 0xC8, 0x98, 0xC8, 0x98, 0xC8, 0x98, 0xC8, 0x98, 0xC8, 0x98, 0xC8, 0x98, 0xC8, 0x48, 0x64, 0x48, 0x64, 0x00, 0x00, 0x00, 0x00,
  0x00, 0x00, 0x00, 0x00, 0x00, 0x00, 0x00, 0x00, 0x00, 0x00, 0x00, 0x00, 0xF9, 0x4D, 0xF9, 0x4D, 0xF9, 0x4D, 0xF9, 0x4D, 0xF9, 0x4D, 0xF9, 0x4D,
  0xF9, 0x4D, 0xF9, 0x4D, 0xF9, 0x4D, 0xF9, 0x4D, 0xF9, 0x4D, 0xF9, 0x4D, 0xF9, 0x4D, 0xF9, 0x4D, 0xF9, 0x4D, 0xF9, 0x4D, 0xF9, 0x4D, 0xF9, 0x4D,
  0xF9, 0x4D, 0xF9, 0x4D, 0xF9, 0x4D, 0xF9, 0x4D, 0xF9, 0x4D, 0xF9, 0x4D, 0xF9, 0x4D, 0xF9, 0x4D, 0xF9, 0x4D, 0xF9, 0x4D, 0xF9, 0x4D, 0xF9, 0x4D,
  0xF9, 0x4D, 0xF9, 0x4D, 0xF9, 0x4D, 0xF9, 0x4D, 0xF9, 0x4D, 0xF9, 0x4D, 0x00, 0x00, 0x00, 0x00, 0x00, 0x00, 0x00, 0x00, 0x00, 0x00, 0x00, 0x00,
  0x00, 0x00, 0x00, 0x00, 0x00, 0x00, 0x00, 0x00, 0x00, 0x00, 0x00, 0x00, 0xF9, 0x4D, 0xF9, 0x4D, 0xF9, 0x4D, 0xF9, 0x4D, 0xF9, 0x4D, 0xF9, 0x4D,
  0xF9, 0x4D, 0xF9, 0x4D, 0xF9, 0x4D, 0xF9, 0x4D, 0xF9, 0x4D, 0xF9, 0x4D, 0xF9, 0x4D, 0xF9, 0x4D, 0xF9, 0x4D, 0xF9, 0x4D, 0xF9, 0x4D, 0xF9, 0x4D,
  0xF9, 0x4D, 0xF9, 0x4D, 0xF9, 0x4D, 0xF9, 0x4D, 0xF9, 0x4D, 0xF9, 0x4D, 0xF9, 0x4D, 0xF9, 0x4D, 0xF9, 0x4D, 0xF9, 0x4D, 0xF9, 0x4D, 0xF9, 0x4D,
  0xF9, 0x4D, 0xF9, 0x4D, 0xF9, 0x4D, 0xF9, 0x4D, 0xF9, 0x4D, 0xF9, 0x4D, 0x00, 0x00, 0x00, 0x00, 0x00, 0x00, 0x00, 0x00, 0x00, 0x00, 0x00, 0x00,
  0x00, 0x00, 0x48, 0x64, 0x48, 0x64, 0x98, 0xC8, 0x98, 0xC8, 0x98, 0xC8, 0xF9, 0x4D, 0xF9, 0x4D, 0xF9, 0x4D, 0xF9, 0x4D, 0xF9, 0x4D, 0xF9, 0x4D,
  0xF9, 0x4D, 0xF9, 0x4D, 0xF9, 0x4D, 0xF9, 0x4D, 0xF9, 0x4D, 0xF9, 0x4D, 0xF9, 0x4D, 0xF9, 0x4D, 0xF9, 0x4D, 0xF9, 0x4D, 0xF9, 0x4D, 0xF9, 0x4D,
  0xF9, 0x4D, 0xF9, 0x4D, 0xF9, 0x4D, 0xF9, 0x4D, 0xF9, 0x4D, 0xF9, 0x4D, 0xF9, 0x4D, 0xF9, 0x4D, 0xF9, 0x4D, 0xF9, 0x4D, 0xF9, 0x4D, 0xF9, 0x4D,
  0xF9, 0x4D, 0xF9, 0x4D, 0xF9, 0x4D, 0xF9, 0x4D, 0xF9, 0x4D, 0xF9, 0x4D, 0x98, 0xC8, 0x98, 0xC8, 0x98, 0xC8, 0x48, 0x64, 0x48, 0x64, 0x00, 0x00,
  0x00, 0x00, 0x00, 0x00, 0x00, 0x00, 0x00, 0x00, 0x00, 0x00, 0xF9, 0x4D, 0xF9, 0x4D, 0x08, 0x22, 0x08, 0x22, 0x08, 0x22, 0x08, 0x22, 0x08, 0x22,
  0x08, 0x22, 0x08, 0x22, 0x08, 0x22, 0x08, 0x22, 0x08, 0x22, 0x08, 0x22, 0x08, 0x22, 0x08, 0x22, 0x08, 0x22, 0x08, 0x22, 0x08, 0x22, 0x08, 0x22,
  0x08, 0x22, 0x08, 0x22, 0x08, 0x22, 0x08, 0x22, 0x08, 0x22, 0x08, 0x22, 0x08, 0x22, 0x08, 0x22, 0x08, 0x22, 0x08, 0x22, 0x08, 0x22, 0x08, 0x22,
  0x08, 0x22, 0x08, 0x22, 0x08, 0x22, 0x08, 0x22, 0x08, 0x22, 0xF9, 0x4D, 0xF9, 0x4D, 0x00, 0x00, 0x00, 0x00, 0x00, 0x00, 0x00, 0x00, 0x00, 0x00,
  0x00, 0x00, 0x00, 0x00, 0x00, 0x00, 0x00, 0x00, 0x00, 0x00, 0xF9, 0x4D, 0xF9, 0x4D, 0x08, 0x22, 0x08, 0x22, 0x08, 0x22, 0x08, 0x22, 0x08, 0x22,
  0x08, 0x22, 0x08, 0x22, 0x08, 0x22, 0x08, 0x22, 0x08, 0x22, 0x08, 0x22, 0x08, 0x22, 0x08, 0x22, 0x08, 0x22, 0x08, 0x22, 0x08, 0x22, 0x08, 0x22,
  0x08, 0x22, 0x08, 0x22, 0x08, 0x22, 0x08, 0x22, 0x08, 0x22, 0x08, 0x22, 0x08, 0x22, 0x08, 0x22, 0x08, 0x22, 0x08, 0x22, 0x08, 0x22, 0x08, 0x22,
  0x08, 0x22, 0x08, 0x22, 0x08, 0x22, 0x08, 0x22, 0x08, 0x22, 0xF9, 0x4D, 0xF9, 0x4D, 0x00, 0x00, 0x00, 0x00, 0x00, 0x00, 0x00, 0x00, 0x00, 0x00,
  0x00, 0x00, 0x48, 0x64, 0x98, 0xC8, 0x98, 0xC8, 0x98, 0xC8, 0xF9, 0x4D, 0xF9, 0x4D, 0x08, 0x22, 0x08, 0x22, 0x08, 0x22, 0x08, 0x22, 0x08, 0x22,
  0x08, 0x22, 0x08, 0x22, 0x08, 0x22, 0x08, 0x22, 0x08, 0x22, 0x08, 0x22, 0x08, 0x22, 0x08, 0x22, 0x08, 0x22, 0x08, 0x22, 0x08, 0x22, 0x08, 0x22,
  0x08, 0x22, 0x08, 0x22, 0x08, 0x22, 0x08, 0x22, 0x08, 0x22, 0x08, 0x22, 0x08, 0x22, 0x08, 0x22, 0x08, 0x22, 0x08, 0x22, 0x08, 0x22, 0x08, 0x22,
  0x08, 0x22, 0x08, 0x22, 0x08, 0x22, 0x08, 0x22, 0x08, 0x22, 0xF9, 0x4D, 0xF9, 0x4D, 0x98, 0xC8, 0x98, 0xC8, 0x98, 0xC8, 0x48, 0x64, 0x00, 0x00,
  0x00, 0x00, 0x00, 0x00, 0x00, 0x00, 0x00, 0x00, 0xF9, 0x4D, 0x08, 0x22, 0x08, 0x22, 0x08, 0x22, 0xEF, 0x7E, 0xEF, 0x7E, 0xEF, 0x7E, 0xEF, 0x7E,
  0xEF, 0x7E, 0xEF, 0x7E, 0xEF, 0x7E, 0xEF, 0x7E, 0xEF, 0x7E, 0xEF, 0x7E, 0xEF, 0x7E, 0xEF, 0x7E, 0xEF, 0x7E, 0xEF, 0x7E, 0xEF, 0x7E, 0xEF, 0x7E,
  0xEF, 0x7E, 0xEF, 0x7E, 0xEF, 0x7E, 0xEF, 0x7E, 0xEF, 0x7E, 0xEF, 0x7E, 0xEF, 0x7E, 0xEF, 0x7E, 0xEF, 0x7E, 0xEF, 0x7E, 0xEF, 0x7E, 0xEF, 0x7E,
  0xEF, 0x7E, 0xEF, 0x7E, 0xEF, 0x7E, 0xEF, 0x7E, 0x08, 0x22, 0x08, 0x22, 0x08, 0x22, 0xF9, 0x4D, 0x00, 0x00, 0x00, 0x00, 0x00, 0x00, 0x00, 0x00,
  0x00, 0x00, 0x00, 0x00, 0x00, 0x00, 0x00, 0x00, 0xF9, 0x4D, 0x08, 0x22, 0x08, 0x22, 0x08, 0x22, 0xEF, 0x7E, 0xEF, 0x7E, 0xEF, 0x7E, 0xEF, 0x7E,
  0xEF, 0x7E, 0xEF, 0x7E, 0xEF, 0x7E, 0xEF, 0x7E, 0xEF, 0x7E, 0xEF, 0x7E, 0xEF, 0x7E, 0xEF, 0x7E, 0xEF, 0x7E, 0xEF, 0x7E, 0xEF, 0x7E, 0xEF, 0x7E,
  0xEF, 0x7E, 0xEF, 0x7E, 0xEF, 0x7E, 0xEF, 0x7E, 0xEF, 0x7E, 0xEF, 0x7E, 0xEF, 0x7E, 0xEF, 0x7E, 0xEF, 0x7E, 0xEF, 0x7E, 0xEF, 0x7E, 0xEF, 0x7E,
  0xEF, 0x7E, 0xEF, 0x7E, 0xEF, 0x7E, 0xEF, 0x7E, 0x08, 0x22, 0x08, 0x22, 0x08, 0x22, 0xF9, 0x4D, 0x00, 0x00, 0x00, 0x00, 0x00, 0x00, 0x00, 0x00,
  0x48, 0x64, 0x98, 0xC8, 0x98, 0xC8, 0x98, 0xC8, 0xF9, 0x4D, 0x08, 0x22, 0x08, 0x22, 0x08, 0x22, 0xEF, 0x7E, 0xEF, 0x7E, 0xEF, 0x7E, 0xEF, 0x7E,
  0xEF, 0x7E, 0xEF, 0x7E, 0xEF, 0x7E, 0xEF, 0x7E, 0xEF, 0x7E, 0xEF, 0x7E, 0xEF, 0x7E, 0xEF, 0x7E, 0xEF, 0x7E, 0xEF, 0x7E, 0xEF, 0x7E, 0xEF, 0x7E,
  0xEF, 0x7E, 0xEF, 0x7E, 0xEF, 0x7E, 0xEF, 0x7E, 0xEF, 0x7E, 0xEF, 0x7E, 0xEF, 0x7E, 0xEF, 0x7E, 0xEF, 0x7E, 0xEF, 0x7E, 0xEF, 0x7E, 0xEF, 0x7E,
  0xEF, 0x7E, 0xEF, 0x7E, 0xEF, 0x7E, 0xEF, 0x7E, 0x08, 0x22, 0x08, 0x22, 0x08, 0x22, 0xF9, 0x4D, 0x98, 0xC8, 0x98, 0xC8, 0x98, 0xC8, 0x48, 0x64,
  0x00, 0x00, 0x00, 0x00, 0x00, 0x00, 0xF9, 0x4D, 0xF9, 0x4D, 0x08, 0x22, 0xE7, 0x5E, 0xE7, 0x5E, 0xE7, 0x5E, 0xE7, 0x5E, 0xE7, 0x5E, 0xE7, 0x5E,
  0xE7, 0x5E, 0xE7, 0x5E, 0xE7, 0x5E, 0xE7, 0x5E, 0xE7, 0x5E, 0xE7, 0x5E, 0xE7, 0x5E, 0xE7, 0x5E, 0xE7, 0x5E, 0xE7, 0x5E, 0xE7, 0x5E, 0xE7, 0x5E,
  0xE7, 0x5E, 0xE7, 0x5E, 0xE7, 0x5E, 0xE7, 0x5E, 0xE7, 0x5E, 0xE7, 0x5E, 0xE7, 0x5E, 0xE7, 0x5E, 0xE7, 0x5E, 0xE7, 0x5E, 0xE7, 0x5E, 0xE7, 0x5E,
  0xE7, 0x5E, 0xE7, 0x5E, 0xE7, 0x5E, 0xE7, 0x5E, 0xE7, 0x5E, 0xE7, 0x5E, 0x08, 0x22, 0xF9, 0x4D, 0xF9, 0x4D, 0x00, 0x00, 0x00, 0x00, 0x00, 0x00,
  0x00, 0x00, 0x00, 0x00, 0x00, 0x00, 0xF9, 0x4D, 0xF9, 0x4D, 0x08, 0x22, 0xE7, 0x5E, 0xE7, 0x5E, 0xE7, 0x5E, 0xE7, 0x5E, 0xE7, 0x5E, 0xE7, 0x5E,
  0xE7, 0x5E, 0xE7, 0x5E, 0xE7, 0x5E, 0xE7, 0x5E, 0xE7, 0x5E, 0xE7, 0x5E, 0xE7, 0x5E, 0xE7, 0x5E, 0xE7, 0x5E, 0xE7, 0x5E, 0xE7, 0x5E, 0xE7, 0x5E,
  0xE7, 0x5E, 0xE7, 0x5E, 0xE7, 0x5E, 0xE7, 0x5E, 0xE7, 0x5E, 0xE7, 0x5E, 0xE7, 0x5E, 0xE7, 0x5E, 0xE7, 0x5E, 0xE7, 0x5E, 0xE7, 0x5E, 0xE7, 0x5E,
  0xE7, 0x5E, 0xE7, 0x5E, 0xE7, 0x5E, 0xE7, 0x5E, 0xE7, 0x5E, 0xE7, 0x5E, 0x08, 0x22, 0xF9, 0x4D, 0xF9, 0x4D, 0x00, 0x00, 0x00, 0x00, 0x00, 0x00,
  0x48, 0x64, 0x98, 0xC8, 0x98, 0xC8, 0xF9, 0x4D, 0xF9, 0x4D, 0x08, 0x22, 0xE7, 0x5E, 0xE7, 0x5E, 0xE7, 0x5E, 0xE7, 0x5E, 0xE7, 0x5E, 0xE7, 0x5E,
  0xE7, 0x5E, 0xE7, 0x5E, 0xE7, 0x5E, 0xE7, 0x5E, 0xE7, 0x5E, 0xE7, 0x5E, 0xE7, 0x5E, 0xE7, 0x5E, 0xE7, 0x5E, 0xE7, 0x5E, 0xE7, 0x5E, 0xE7, 0x5E,
  0xE7, 0x5E, 0xE7, 0x5E, 0xE7, 0x5E, 0xE7, 0x5E, 0xE7, 0x5E, 0xE7, 0x5E, 0xE7, 0x5E, 0xE7, 0x5E, 0xE7, 0x5E, 0xE7, 0x5E, 0xE7, 0x5E, 0xE7, 0x5E,
  0xE7, 0x5E, 0xE7, 0x5E, 0xE7, 0x5E, 0xE7, 0x5E, 0xE7, 0x5E, 0xE7, 0x5E, 0x08, 0x22, 0xF9, 0x4D, 0xF9, 0x4D, 0x98, 0xC8, 0x98, 0xC8, 0x48, 0x64,
  0x00, 0x00, 0x00, 0x00, 0x00, 0x00, 0xF9, 0x4D, 0x08, 0x22, 0x08, 0x22, 0xE7, 0x3D, 0xE7, 0x3D, 0xE7, 0x3D, 0x08, 0x02, 0x08, 0x02, 0x08, 0x02,
  0x08, 0x02, 0x08, 0x02, 0x08, 0x02, 0x08, 0x02, 0x08, 0x02, 0x08, 0x02, 0x08, 0x02, 0x08, 0x02, 0x08, 0x02, 0x08, 0x02, 0x08, 0x02, 0x08, 0x02,
  0x08, 0x02, 0x08, 0x02, 0x08, 0x02, 0x08, 0x02, 0x08, 0x02, 0x08, 0x02, 0x08, 0x02, 0x08, 0x02, 0x08, 0x02, 0x08, 0x02, 0x08, 0x02, 0x08, 0x02,
  0x08, 0x02, 0x08, 0x02, 0x08, 0x02, 0xE7, 0x3D, 0xE7, 0x3D, 0xE7, 0x3D, 0x08, 0x22, 0x08, 0x22, 0xF9, 0x4D, 0x00, 0x00, 0x00, 0x00, 0x00, 0x00,
  0x00, 0x00, 0x00, 0x00, 0x00, 0x00, 0xF9, 0x4D, 0x08, 0x22, 0x08, 0x22, 0xE7, 0x3D, 0xE7, 0x3D, 0xE7, 0x3D, 0x08, 0x02, 0x08, 0x02, 0x08, 0x02,
  0x08, 0x02, 0x08, 0x02, 0x08, 0x02, 0x08, 0x02, 0x08, 0x02, 0x08, 0x02, 0x08, 0x02, 0x08, 0x02, 0x08, 0x02, 0x08, 0x02, 0x08, 0x02, 0x08, 0x02,
  0x08, 0x02, 0x08, 0x02, 0x08, 0x02, 0x08, 0x02, 0x08, 0x02, 0x08, 0x02, 0x08, 0x02, 0x08, 0x02, 0x08, 0x02, 0x08, 0x02, 0x08, 0x02, 0x08, 0x02,
  0x08, 0x02, 0x08, 0x02, 0x08, 0x02, 0xE7, 0x3D, 0xE7, 0x3D, 0xE7, 0x3D, 0x08, 0x22, 0x08, 0x22, 0xF9, 0x4D, 0x00, 0x00, 0x00, 0x00, 0x00, 0x00,
  0x48, 0x64, 0x98, 0xC8, 0x98, 0xC8, 0xF9, 0x4D, 0x08, 0x22, 0x08, 0x22, 0xE7, 0x3D, 0xE7, 0x3D, 0xE7, 0x3D, 0x08, 0x02, 0x08, 0x02, 0x08, 0x02,
  0x08, 0x02, 0x08, 0x02, 0x08, 0x02, 0x08, 0x02, 0x08, 0x02, 0x08, 0x02, 0x08, 0x02, 0x08, 0x02, 0x08, 0x02, 0x08, 0x02, 0x08, 0x02, 0x08, 0x02,
  0x08, 0x02, 0x08, 0x02, 0x08, 0x02, 0x08, 0x02, 0x08, 0x02, 0x08, 0x02, 0x08, 0x02, 0x08, 0x02, 0x08, 0x02, 0x08, 0x02, 0x08, 0x02, 0x08, 0x02,
  0x08, 0x02, 0x08, 0x02, 0x08, 0x02, 0xE7, 0x3D, 0xE7, 0x3D, 0xE7, 0x3D, 0x08, 0x22, 0x08, 0x22, 0xF9, 0x4D, 0x98, 0xC8, 0x98, 0xC8, 0x48, 0x64,
  0x00, 0x00, 0x00, 0x00, 0x00, 0x00, 0xF9, 0x4D, 0x08, 0x22, 0xDE, 0xFC, 0xDE, 0xFC, 0xDE, 0xFC, 0x08, 0x02, 0x08, 0x02, 0x08, 0x02, 0x08, 0x02,
  0x08, 0x02, 0x08, 0x02, 0x08, 0x02, 0x08, 0x02, 0x08, 0x02, 0x08, 0x02, 0x08, 0x02, 0x08, 0x02, 0x08, 0x02, 0x08, 0x02, 0x08, 0x02, 0x08, 0x02,
  0x08, 0x02, 0x08, 0x02, 0x08, 0x02, 0x08, 0x02, 0x08, 0x02, 0x08, 0x02, 0x08, 0x02, 0x08, 0x02, 0x08, 0x02, 0x08, 0x02, 0x08, 0x02, 0x08, 0x02,
  0x08, 0x02, 0x08, 0x02, 0x08, 0x02, 0x08, 0x02, 0xDE, 0xFC, 0xDE, 0xFC, 0xDE, 0xFC, 0x08, 0x22, 0xF9, 0x4D, 0x00, 0x00, 0x00, 0x00, 0x00, 0x00,
  0x00, 0x00, 0x00, 0x00, 0x00, 0x00, 0xF9, 0x4D, 0x08, 0x22, 0xDE, 0xFC, 0xDE, 0xFC, 0xDE, 0xFC, 0x08, 0x02, 0x08, 0x02, 0x08, 0x02, 0x08, 0x02,
  0x08, 0x02, 0x08, 0x02, 0x08, 0x02, 0x08, 0x02, 0x08, 0x02, 0x08, 0x02, 0x08, 0x02, 0x08, 0x02, 0x08, 0x02, 0x08, 0x02, 0x08, 0x02, 0x08, 0x02,
  0x08, 0x02, 0x08, 0x02, 0x08, 0x02, 0x08, 0x02, 0x08, 0x02, 0x08, 0x02, 0x08, 0x02, 0x08, 0x02, 0x08, 0x02, 0x08, 0x02, 0x08, 0x02, 0x08, 0x02,
  0x08, 0x02, 0x08, 0x02, 0x08, 0x02, 0x08, 0x02, 0xDE, 0xFC, 0xDE, 0xFC, 0xDE, 0xFC, 0x08, 0x22, 0xF9, 0x4D, 0x00, 0x00, 0x00, 0x00, 0x00, 0x00,
  0x48, 0x64, 0x98, 0xC8, 0x98, 0xC8, 0xF9, 0x4D, 0x08, 0x22, 0xDE, 0xFC, 0xDE, 0xFC, 0xDE, 0xFC, 0x08, 0x02, 0x08, 0x02, 0x08, 0x02, 0x08, 0x02,
  0x08, 0x02, 0x08, 0x02, 0x08, 0x02, 0x08, 0x02, 0x08, 0x02, 0x08, 0x02, 0x08, 0x02, 0x08, 0x02, 0x08, 0x02, 0x08, 0x02, 0x08, 0x02, 0x08, 0x02,
  0x08, 0x02, 0x08, 0x02, 0x08, 0x02, 0x08, 0x02, 0x08, 0x02, 0x08, 0x02, 0x08, 0x02, 0x08, 0x02, 0x08, 0x02, 0x08, 0x02, 0x08, 0x02, 0x08, 0x02,
  0x08, 0x02, 0x08, 0x02, 0x08, 0x02, 0x08, 0x02, 0xDE, 0xFC, 0xDE, 0xFC, 0xDE, 0xFC, 0x08, 0x22, 0xF9, 0x4D, 0x98, 0xC8, 0x98, 0xC8, 0x48, 0x64,
  0x00, 0x00, 0x00, 0x00, 0x00, 0x00, 0xF9, 0x4D, 0x08, 0x22, 0xD6, 0xDC, 0xD6, 0xDC, 0x08, 0x22, 0x08, 0x22, 0x08, 0x22, 0xA0, 0xC9, 0xA0, 0xC9,
  0xA0, 0xC9, 0xA0, 0xC9, 0xA0, 0xC9, 0xA0, 0xC9, 0xA0, 0xC9, 0xA0, 0xC9, 0xA0, 0xC9, 0xA0, 0xC9, 0xA0, 0xC9, 0xA0, 0xC9, 0xA0, 0xC9, 0xA0, 0xC9,
  0xA0, 0xC9, 0xA0, 0xC9, 0xA0, 0xC9, 0xA0, 0xC9, 0xA0, 0xC9, 0xA0, 0xC9, 0xA0, 0xC9, 0xA0, 0xC9, 0xA0, 0xC9, 0xA0, 0xC9, 0xA0, 0xC9, 0xA0, 0xC9,
  0xA0, 0xC9, 0xA0, 0xC9, 0x08, 0x22, 0x08, 0x22, 0x08, 0x22, 0xD6, 0xDC, 0xD6, 0xDC, 0x08, 0x22, 0xF9, 0x4D, 0x00, 0x00, 0x00, 0x00, 0x00, 0x00,
  0x00, 0x00, 0x00, 0x00, 0x00, 0x00, 0xF9, 0x4D, 0x08, 0x22, 0xD6, 0xDC, 0xD6, 0xDC, 0x08, 0x22, 0x08, 0x22, 0x00, 0x02, 0xE5, 0x37, 0xE5, 0x37,
  0xE5, 0x37, 0xE5, 0x37, 0xE5, 0x37, 0xE5, 0x37, 0xE5, 0x37, 0xE5, 0x37, 0xE5, 0x37, 0xE5, 0x37, 0xE5, 0x37, 0xE5, 0x37, 0xE5, 0x37, 0xE5, 0x37,
  0xE5, 0x37, 0xE5, 0x37, 0xE5, 0x37, 0xE5, 0x37, 0xE5, 0x37, 0xE5, 0x37, 0xE5, 0x37, 0xE5, 0x37, 0xE5, 0x37, 0xE5, 0x37, 0xE5, 0x37, 0xE5, 0x37,
  0xE5, 0x37, 0xE5, 0x37, 0x00, 0x02, 0x08, 0x22, 0x08, 0x22, 0xD6, 0xDC, 0xD6, 0xDC, 0x08, 0x22, 0xF9, 0x4D, 0x00, 0x00, 0x00, 0x00, 0x00, 0x00,
  0x48, 0x64, 0x98, 0xC8, 0x98, 0xC8, 0xF9, 0x4D, 0x08, 0x22, 0xD6, 0xDC, 0xD6, 0xDC, 0x08, 0x22, 0x08, 0x22, 0x00, 0x02, 0xE5, 0x37, 0xE5, 0x37,
  0xE5, 0x37, 0xE5, 0x37, 0xE5, 0x37, 0xE5, 0x37, 0xE5, 0x37, 0xE5, 0x37, 0xE5, 0x37, 0xE5, 0x37, 0xE5, 0x37, 0xE5, 0x37, 0xE5, 0x37, 0xE5, 0x37,
  0xE5, 0x37, 0xE5, 0x37, 0xE5, 0x37, 0xE5, 0x37, 0xE5, 0x37, 0xE5, 0x37, 0xE5, 0x37, 0xE5, 0x37, 0xE5, 0x37, 0xE5, 0x37, 0xE5, 0x37, 0xE5, 0x37,
  0xE5, 0x37, 0xE5, 0x37, 0x00, 0x02, 0x08, 0x22, 0x08, 0x22, 0xD6, 0xDC, 0xD6, 0xDC, 0x08, 0x22, 0xF9, 0x4D, 0x98, 0xC8, 0x98, 0xC8, 0x48, 0x64,
  0x00, 0x00, 0x00, 0x00, 0x00, 0x00, 0xF9, 0x4D, 0x08, 0x22, 0xD6, 0xBB, 0xD6, 0xBB, 0x08, 0x22, 0x08, 0x22, 0xA0, 0xC9, 0x88, 0xA7, 0x10, 0x24,
  0x10, 0x24, 0x10, 0x24, 0x10, 0x24, 0x10, 0x24, 0x10, 0x24, 0x10, 0x24, 0x10, 0x24, 0x10, 0x24, 0x10, 0x24, 0x10, 0x24, 0x10, 0x24, 0x10, 0x24,
  0x10, 0x24, 0x10, 0x24, 0x10, 0x24, 0x10, 0x24, 0x10, 0x24, 0x10, 0x24, 0x10, 0x24, 0x10, 0x24, 0x10, 0x24, 0x10, 0x24, 0x10, 0x24, 0x10, 0x24,
  0x10, 0x24, 0x88, 0xA7, 0xA0, 0xC9, 0x08, 0x22, 0x08, 0x22, 0xD6, 0xBB, 0xD6, 0xBB, 0x08, 0x22, 0xF9, 0x4D, 0x00, 0x00, 0x00, 0x00, 0x00, 0x00,
  0x00, 0x00, 0x00, 0x00, 0x00, 0x00, 0xF9, 0x4D, 0x08, 0x22, 0xD6, 0xBB, 0xD6, 0xBB, 0x08, 0x22, 0x08, 0x22, 0xFD, 0x99, 0xFD, 0x99, 0xFE, 0xDC,
  0xFE, 0xDC, 0xFE, 0xDC, 0xFE, 0xDC, 0xFE, 0xDC, 0xFE, 0xDC, 0xFE, 0xDC, 0xFE, 0xDC, 0xFE, 0xDC, 0xFE, 0xDC, 0xFE, 0xDC, 0xFE, 0xDC, 0xFE, 0xDC,
  0xFE, 0xDC, 0xFE, 0xDC, 0xFE, 0xDC, 0xFE, 0xDC, 0xFE, 0xDC, 0xFE, 0xDC, 0xFE, 0xDC, 0xFE, 0xDC, 0xFE, 0xDC, 0xFE, 0xDC, 0xFE, 0xDC, 0xFE, 0xDC,
  0xFE, 0xDC, 0xFD, 0x99, 0xFD, 0x99, 0x08, 0x22, 0x08, 0x22, 0xD6, 0xBB, 0xD6, 0xBB, 0x08, 0x22, 0xF9, 0x4D, 0x00, 0x00, 0x00, 0x00, 0x00, 0x00,
  0x48, 0x64, 0x98, 0xC8, 0x98, 0xC8, 0xF9, 0x4D, 0x08, 0x22, 0xD6, 0xBB, 0xD6, 0xBB, 0x08, 0x22, 0x08, 0x22, 0xFD, 0x99, 0xFD, 0x99, 0xFE, 0xDC,
  0xFE, 0xDC, 0xFE, 0xDC, 0xFE, 0xDC, 0xFE, 0xDC, 0xFE, 0xDC, 0xFE, 0xDC, 0xFE, 0xDC, 0xFE, 0xDC, 0xFE, 0xDC, 0xFE, 0xDC, 0xFE, 0xDC, 0xFE, 0xDC,
  0xFE, 0xDC, 0xFE, 0xDC, 0xFE, 0xDC, 0xFE, 0xDC, 0xFE, 0xDC, 0xFE, 0xDC, 0xFE, 0xDC, 0xFE, 0xDC, 0xFE, 0xDC, 0xFE, 0xDC, 0xFE, 0xDC, 0xFE, 0xDC,
  0xFE, 0xDC, 0xFD, 0x99, 0xFD, 0x99, 0x08, 0x22, 0x08, 0x22, 0xD6, 0xBB, 0xD6, 0xBB, 0x08, 0x22, 0xF9, 0x4D, 0x98, 0xC8, 0x98, 0xC8, 0x48, 0x64,
  0x00, 0x00, 0x00, 0x00, 0x00, 0x00, 0xF9, 0x4D, 0x08, 0x22, 0xCE, 0x9B, 0xCE, 0x9B, 0x08, 0x22, 0x08, 0x22, 0xA0, 0xC9, 0x10, 0x45, 0x10, 0x45,
  0x10, 0x45, 0x10, 0x45, 0x10, 0x45, 0x10, 0x45, 0x10, 0x45, 0x10, 0x45, 0x10, 0x45, 0x10, 0x45, 0x10, 0x45, 0x10, 0x45, 0x10, 0x45, 0x10, 0x45,
  0x10, 0x45, 0x10, 0x45, 0x10, 0x45, 0x10, 0x45, 0x10, 0x45, 0x10, 0x45, 0x10, 0x45, 0x10, 0x45, 0x10, 0x45, 0x10, 0x45, 0x10, 0x45, 0x10, 0x45,
  0x10, 0x45, 0x10, 0x45, 0xA0, 0xC9, 0x08, 0x22, 0x08, 0x22, 0xCE, 0x9B, 0xCE, 0x9B, 0x08, 0x22, 0xF9, 0x4D, 0x00, 0x00, 0x00, 0x00, 0x00, 0x00,
  0x00, 0x00, 0x00, 0x00, 0x00, 0x00, 0xF9, 0x4D, 0x08, 0x22, 0xCE, 0x9B, 0xCE, 0x9B, 0x08, 0x22, 0x08, 0x22, 0xFD, 0x58, 0xFE, 0x9B, 0xFE, 0x9B,
  0xFE, 0x9B, 0xFE, 0x9B, 0xFE, 0x9B, 0xFE, 0x9B, 0xFE, 0x9B, 0xFE, 0x9B, 0xFE, 0x9B, 0xFE, 0x9B, 0xFE, 0x9B, 0xFE, 0x9B, 0xFE, 0x9B, 0xFE, 0x9B,
  0xFE, 0x9B, 0xFE, 0x9B, 0xFE, 0x9B, 0xFE, 0x9B, 0xFE, 0x9B, 0xFE, 0x9B, 0xFE, 0x9B, 0xFE, 0x9B, 0xFE, 0x9B, 0xFE, 0x9B, 0xFE, 0x9B, 0xFE, 0x9B,
  0xFE, 0x9B, 0xFE, 0x9B, 0xFD, 0x58, 0x08, 0x22, 0x08, 0x22, 0xCE, 0x9B, 0xCE, 0x9B, 0x08, 0x22, 0xF9, 0x4D, 0x00, 0x00, 0x00, 0x00, 0x00, 0x00,
  0x48, 0x64, 0x98, 0xC8, 0x98, 0xC8, 0xF9, 0x4D, 0x08, 0x22, 0xCE, 0x9B, 0xCE, 0x9B, 0x08, 0x22, 0x08, 0x22, 0xFD, 0x58, 0xFE, 0x9B, 0xFE, 0x9B,
  0xFE, 0x9B, 0xFE, 0x9B, 0xFE, 0x9B, 0xFE, 0x9B, 0xFE, 0x9B, 0xFE, 0x9B, 0xFE, 0x9B, 0xFE, 0x9B, 0xFE, 0x9B, 0xFE, 0x9B, 0xFE, 0x9B, 0xFE, 0x9B,
  0xFE, 0x9B, 0xFE, 0x9B, 0xFE, 0x9B, 0xFE, 0x9B, 0xFE, 0x9B, 0xFE, 0x9B, 0xFE, 0x9B, 0xFE, 0x9B, 0xFE, 0x9B, 0xFE, 0x9B, 0xFE, 0x9B, 0xFE, 0x9B,
  0xFE, 0x9B, 0xFE, 0x9B, 0xFD, 0x58, 0x08, 0x22, 0x08, 0x22, 0xCE, 0x9B, 0xCE, 0x9B, 0x08, 0x22, 0xF9, 0x4D, 0x98, 0xC8, 0x98, 0xC8, 0x48, 0x64,
  0x00, 0x00, 0x00, 0x00, 0x00, 0x00, 0xF9, 0x4D, 0x08, 0x22, 0xC6, 0x5A, 0xC6, 0x5A, 0x08, 0x22, 0x08, 0x22, 0xA0, 0xC9, 0x18, 0x45, 0x18, 0x45,
  0x18, 0x45, 0x18, 0x45, 0x18, 0x45, 0x18, 0x45, 0x18, 0x45, 0x18, 0x45, 0x18, 0x45, 0x18, 0x45, 0x18, 0x45, 0x18, 0x45, 0x18, 0x45, 0x18, 0x45,
  0x18, 0x45, 0x18, 0x45, 0x18, 0x45, 0x18, 0x45, 0x18, 0x45, 0x18, 0x45, 0x18, 0x45, 0x18, 0x45, 0x18, 0x45, 0x18, 0x45, 0x18, 0x45, 0x18, 0x45,
  0x18, 0x45, 0x18, 0x45, 0xA0, 0xC9, 0x08, 0x22, 0x08, 0x22, 0xC6, 0x5A, 0xC6, 0x5A, 0x08, 0x22, 0xF9, 0x4D, 0x00, 0x00, 0x00, 0x00, 0x00, 0x00,
  0x00, 0x00, 0x00, 0x00, 0x00, 0x00, 0xF9, 0x4D, 0x08, 0x22, 0xC6, 0x5A, 0xC6, 0x5A, 0x08, 0x22, 0x08, 0x22, 0xE4, 0x54, 0xED, 0xD9, 0xED, 0xD9,
  0xED, 0xD9, 0xED, 0xD9, 0xED, 0xD9, 0xED, 0xD9, 0xED, 0xD9, 0xED, 0xD9, 0xED, 0xD9, 0xED, 0xD9, 0xED, 0xD9, 0xED, 0xD9, 0xED, 0xD9, 0xED, 0xD9,
  0xED, 0xD9, 0xED, 0xD9, 0xED, 0xD9, 0xED, 0xD9, 0xED, 0xD9, 0xED, 0xD9, 0xED, 0xD9, 0xED, 0xD9, 0xED, 0xD9, 0xED, 0xD9, 0xED, 0xD9, 0xED, 0xD9,
  0xED, 0xD9, 0xED, 0xD9, 0xE4, 0x54, 0x08, 0x22, 0x08, 0x22, 0xC6, 0x5A, 0xC6, 0x5A, 0x08, 0x22, 0xF9, 0x4D, 0x00, 0x00, 0x00, 0x00, 0x00, 0x00,
  0x48, 0x64, 0x98, 0xC8, 0x98, 0xC8, 0xF9, 0x4D, 0x08, 0x22, 0xC6, 0x5A, 0xC6, 0x5A, 0x08, 0x22, 0x08, 0x22, 0xE4, 0x54, 0xED, 0xD9, 0xED, 0xD9,
  0xED, 0xD9, 0xED, 0xD9, 0xED, 0xD9, 0xED, 0xD9, 0xED, 0xD9, 0xED, 0xD9, 0xED, 0xD9, 0xED, 0xD9, 0xED, 0xD9, 0xED, 0xD9, 0xED, 0xD9, 0xED, 0xD9,
  0xED, 0xD9, 0xED, 0xD9, 0xED, 0xD9, 0xED, 0xD9, 0xED, 0xD9, 0xED, 0xD9, 0xED, 0xD9, 0xED, 0xD9, 0xED, 0xD9, 0xED, 0xD9, 0xED, 0xD9, 0xED, 0xD9,
  0xED, 0xD9, 0xED, 0xD9, 0xE4, 0x54, 0x08, 0x22, 0x08, 0x22, 0xC6, 0x5A, 0xC6, 0x5A, 0x08, 0x22, 0xF9, 0x4D, 0x98, 0xC8, 0x98, 0xC8, 0x48, 0x64,
  0x00, 0x00, 0x00, 0x00, 0x00, 0x00, 0xF9, 0x4D, 0x08, 0x22, 0xC6, 0x3A, 0xC6, 0x3A, 0x08, 0x23, 0x08, 0x23, 0xA0, 0xC9, 0x10, 0x24, 0x10, 0x24,
  0x10, 0x24, 0x10, 0x24, 0x10, 0x24, 0x10, 0x24, 0x10, 0x24, 0x10, 0x24, 0x10, 0x24, 0x10, 0x24, 0x10, 0x24, 0x10, 0x24, 0x10, 0x24, 0x10, 0x24,
  0x10, 0x24, 0x10, 0x24, 0x10, 0x24, 0x10, 0x24, 0x10, 0x24, 0x10, 0x24, 0x10, 0x24, 0x10, 0x24, 0x10, 0x24, 0x10, 0x24, 0x10, 0x24, 0x10, 0x24,
  0x10, 0x24, 0x10, 0x24, 0xA0, 0xC9, 0x08, 0x23, 0x08, 0x23, 0xC6, 0x3A, 0xC6, 0x3A, 0x08, 0x22, 0xF9, 0x4D, 0x00, 0x00, 0x00, 0x00, 0x00, 0x00,
  0x00, 0x00, 0x00, 0x00, 0x00, 0x00, 0xF9, 0x4D, 0x08, 0x22, 0xC6, 0x3A, 0xC6, 0x3A, 0x08, 0x23, 0x08, 0x23, 0xFC, 0xB6, 0xFD, 0xDA, 0xFD, 0xDA,
  0xFD, 0xDA, 0xFD, 0xDA, 0xFD, 0xDA, 0xFD, 0xDA, 0xFD, 0xDA, 0xFD, 0xDA, 0xFD, 0xDA, 0xFD, 0xDA, 0xFD, 0xDA, 0xFD, 0xDA, 0xFD, 0xDA, 0xFD, 0xDA,
  0xFD, 0xDA, 0xFD, 0xDA, 0xFD, 0xDA, 0xFD, 0xDA, 0xFD, 0xDA, 0xFD, 0xDA, 0xFD, 0xDA, 0xFD, 0xDA, 0xFD, 0xDA, 0xFD, 0xDA, 0xFD, 0xDA, 0xFD, 0xDA,
  0xFD, 0xDA, 0xFD, 0xDA, 0xFC, 0xB6, 0x08, 0x23, 0x08, 0x23, 0xC6, 0x3A, 0xC6, 0x3A, 0x08, 0x22, 0xF9, 0x4D, 0x00, 0x00, 0x00, 0x00, 0x00, 0x00,
  0x48, 0x64, 0x98, 0xC8, 0x98, 0xC8, 0xF9, 0x4D, 0x08, 0x22, 0xC6, 0x3A, 0xC6, 0x3A, 0x08, 0x23, 0x08, 0x23, 0xFC, 0xB6, 0xFD, 0xDA, 0xFD, 0xDA,
  0xFD, 0xDA, 0xFD, 0xDA, 0xFD, 0xDA, 0xFD, 0xDA, 0xFD, 0xDA, 0xFD, 0xDA, 0xFD, 0xDA, 0xFD, 0xDA, 0xFD, 0xDA, 0xFD, 0xDA, 0xFD, 0xDA, 0xFD, 0xDA,
  0xFD, 0xDA, 0xFD, 0xDA, 0xFD, 0xDA, 0xFD, 0xDA, 0xFD, 0xDA, 0xFD, 0xDA, 0xFD, 0xDA, 0xFD, 0xDA, 0xFD, 0xDA, 0xFD, 0xDA, 0xFD, 0xDA, 0xFD, 0xDA,
  0xFD, 0xDA, 0xFD, 0xDA, 0xFC, 0xB6, 0x08, 0x23, 0x08, 0x23, 0xC6, 0x3A, 0xC6, 0x3A, 0x08, 0x22, 0xF9, 0x4D, 0x98, 0xC8, 0x98, 0xC8, 0x48, 0x64,
  0x00, 0x00, 0x00, 0x00, 0x00, 0x00, 0xF9, 0x4D, 0x08, 0x22, 0xBE, 0x19, 0xBE, 0x19, 0x08, 0x23, 0x08, 0x23, 0xA0, 0xC9, 0x18, 0x45, 0x18, 0x45,
  0x18, 0x45, 0x18, 0x45, 0x18, 0x45, 0x18, 0x45, 0x18, 0x45, 0x18, 0x45, 0x18, 0x45, 0x18, 0x45, 0x18, 0x45, 0x18, 0x45, 0x18, 0x45, 0x18, 0x45,
  0x18, 0x45, 0x18, 0x45, 0x18, 0x45, 0x18, 0x45, 0x18, 0x45, 0x18, 0x45, 0x18, 0x45, 0x18, 0x45, 0x18, 0x45, 0x18, 0x45, 0x18, 0x45, 0x18, 0x45,
  0x18, 0x45, 0x18, 0x45, 0xA0, 0xC9, 0x08, 0x23, 0x08, 0x23, 0xBE, 0x19, 0xBE, 0x19, 0x08, 0x22, 0xF9, 0x4D, 0x00, 0x00, 0x00, 0x00, 0x00, 0x00,
  0x00, 0x00, 0x00, 0x00, 0x00, 0x00, 0xF9, 0x4D, 0x08, 0x22, 0xBE, 0x19, 0xBE, 0x19, 0x08, 0x23, 0x08, 0x23, 0xFC, 0x56, 0xFD, 0x79, 0xFD, 0x79,
  0xFD, 0x79, 0xFD, 0x79, 0xFD, 0x79, 0xFD, 0x79, 0xFD, 0x79, 0xFD, 0x79, 0xFD, 0x79, 0xFD, 0x79, 0xFD, 0x79, 0xFD, 0x79, 0xFD, 0x79, 0xFD, 0x79,
  0xFD, 0x79, 0xFD, 0x79, 0xFD, 0x79, 0xFD, 0x79, 0xFD, 0x79, 0xFD, 0x79, 0xFD, 0x79, 0xFD, 0x79, 0xFD, 0x79, 0xFD, 0x79, 0xFD, 0x79, 0xFD, 0x79,
  0xFD, 0x79, 0xFD, 0x79, 0xFC, 0x56, 0x08, 0x23, 0x08, 0x23, 0xBE, 0x19, 0xBE, 0x19, 0x08, 0x22, 0xF9, 0x4D, 0x00, 0x00, 0x00, 0x00, 0x00, 0x00,
  0x48, 0x64, 0x98, 0xC8, 0x98, 0xC8, 0xF9, 0x4D, 0x08, 0x22, 0xBE, 0x19, 0xBE, 0x19, 0x08, 0x23, 0x08, 0x23, 0xFC, 0x56, 0xFD, 0x79, 0xFD, 0x79,
  0xFD, 0x79, 0xFD, 0x79, 0xFD, 0x79, 0xFD, 0x79, 0xFD, 0x79, 0xFD, 0x79, 0xFD, 0x79, 0xFD, 0x79, 0xFD, 0x79, 0xFD, 0x79, 0xFD, 0x79, 0xFD, 0x79,
  0xFD, 0x79, 0xFD, 0x79, 0xFD, 0x79, 0xFD, 0x79, 0xFD, 0x79, 0xFD, 0x79, 0xFD, 0x79, 0xFD, 0x79, 0xFD, 0x79, 0xFD, 0x79, 0xFD, 0x79, 0xFD, 0x79,
  0xFD, 0x79, 0xFD, 0x79, 0xFC, 0x56, 0x08, 0x23, 0x08, 0x23, 0xBE, 0x19, 0xBE, 0x19, 0x08, 0x22, 0xF9, 0x4D, 0x98, 0xC8, 0x98, 0xC8, 0x48, 0x64,
  0x00, 0x00, 0x00, 0x00, 0x00, 0x00, 0xF9, 0x4D, 0x08, 0x22, 0xBD, 0xF9, 0xBD, 0xF9, 0x08, 0x23, 0x08, 0x23, 0xA0, 0xC9, 0x18, 0x45, 0x18, 0x45,
  0x18, 0x45, 0x18, 0x45, 0x18, 0x45, 0x18, 0x45, 0x18, 0x45, 0x18, 0x45, 0x18, 0x45, 0x18, 0x45, 0x18, 0x45, 0x18, 0x45, 0x18, 0x45, 0x18, 0x45,
  0x18, 0x45, 0x18, 0x45, 0x18, 0x45, 0x18, 0x45, 0x18, 0x45, 0x18, 0x45, 0x18, 0x45, 0x18, 0x45, 0x18, 0x45, 0x18, 0x45, 0x18, 0x45, 0x18, 0x45,
  0x18, 0x45, 0x18, 0x45, 0xA0, 0xC9, 0x08, 0x23, 0x08, 0x23, 0xBD, 0xF9, 0xBD, 0xF9, 0x08, 0x22, 0xF9, 0x4D, 0x00, 0x00, 0x00, 0x00, 0x00, 0x00,
  0x00, 0x00, 0x00, 0x00, 0x00, 0x00, 0xF9, 0x4D, 0x08, 0x22, 0xBD, 0xF9, 0xBD, 0xF9, 0x08, 0x23, 0x08, 0x23, 0xE3, 0x72, 0xEC, 0xB6, 0xEC, 0xB6,
  0xEC, 0xB6, 0xEC, 0xB6, 0xEC, 0xB6, 0xEC, 0xB6, 0x08, 0x22, 0x08, 0x22, 0x08, 0x22, 0x08, 0x22, 0x08, 0x22, 0x08, 0x22, 0x08, 0x22, 0x08, 0x22,
  0x08, 0x22, 0x08, 0x22, 0x08, 0x22, 0x08, 0x22, 0x08, 0x22, 0x08, 0x22, 0x08, 0x22, 0x08, 0x22, 0xEC, 0xB6, 0xEC, 0xB6, 0xEC, 0xB6, 0xEC, 0xB6,
  0xEC, 0xB6, 0xEC, 0xB6, 0xE3, 0x72, 0x08, 0x23, 0x08, 0x23, 0xBD, 0xF9, 0xBD, 0xF9, 0x08, 0x22, 0xF9, 0x4D, 0x00, 0x00, 0x00, 0x00, 0x00, 0x00,
  0x48, 0x64, 0x98, 0xC8, 0x98, 0xC8, 0xF9, 0x4D, 0x08, 0x22, 0xBD, 0xF9, 0xBD, 0xF9, 0x08, 0x23, 0x08, 0x23, 0xE3, 0x72, 0xEC, 0xB6, 0xEC, 0xB6,
  0xEC, 0xB6, 0xEC, 0xB6, 0xEC, 0xB6, 0xEC, 0xB6, 0x08, 0x22, 0x08, 0x22, 0x08, 0x22, 0x08, 0x22, 0x08, 0x22, 0x08, 0x22, 0x08, 0x22, 0x08, 0x22,
  0x08, 0x22, 0x08, 0x22, 0x08, 0x22, 0x08, 0x22, 0x08, 0x22, 0x08, 0x22, 0x08, 0x22, 0x08, 0x22, 0xEC, 0xB6, 0xEC, 0xB6, 0xEC, 0xB6, 0xEC, 0xB6,
  0xEC, 0xB6, 0xEC, 0xB6, 0xE3, 0x72, 0x08, 0x23, 0x08, 0x23, 0xBD, 0xF9, 0xBD, 0xF9, 0x08, 0x22, 0xF9, 0x4D, 0x98, 0xC8, 0x98, 0xC8, 0x48, 0x64,
  0x00, 0x00, 0x00, 0x00, 0x00, 0x00, 0xF9, 0x4D, 0x08, 0x22, 0xB5, 0xB8, 0xB5, 0xB8, 0x08, 0x23, 0x08, 0x23, 0xA0, 0xC9, 0x10, 0x44, 0x10, 0x44,
  0x10, 0x44, 0x10, 0x44, 0x10, 0x44, 0x10, 0x44, 0x10, 0x44, 0x10, 0x44, 0x10, 0x44, 0x10, 0x44, 0x10, 0x44, 0x10, 0x44, 0x10, 0x44, 0x10, 0x44,
  0x10, 0x44, 0x10, 0x44, 0x10, 0x44, 0x10, 0x44, 0x10, 0x44, 0x10, 0x44, 0x10, 0x44, 0x10, 0x44, 0x10, 0x44, 0x10, 0x44, 0x10, 0x44, 0x10, 0x44,
  0x10, 0x44, 0x10, 0x44, 0xA0, 0xC9, 0x08, 0x23, 0x08, 0x23, 0xB5, 0xB8, 0xB5, 0xB8, 0x08, 0x22, 0xF9, 0x4D, 0x00, 0x00, 0x00, 0x00, 0x00, 0x00,
  0x00, 0x00, 0x00, 0x00, 0x00, 0x00, 0xF9, 0x4D, 0x08, 0x22, 0xB5, 0xB8, 0xB5, 0xB8, 0x08, 0x23, 0x08, 0x23, 0xFB, 0xB4, 0xFC, 0x96, 0xFC, 0x96,
  0xFC, 0x96, 0xFC, 0x96, 0xFC, 0x96, 0x08, 0x22, 0x08, 0x22, 0xFF, 0xFF, 0xFF, 0xFF, 0xFF, 0xFF, 0xFF, 0xFF, 0xFF, 0xFF, 0xFF, 0xFF, 0xFF, 0xFF,
  0xFF, 0xFF, 0xFF, 0xFF, 0xFF, 0xFF, 0xFF, 0xFF, 0xFF, 0xFF, 0xFF, 0xFF, 0xFF, 0xFF, 0x08, 0x22, 0x08, 0x22, 0xFC, 0x96, 0xFC, 0x96, 0xFC, 0x96,
  0xFC, 0x96, 0xFC, 0x96, 0xFB, 0xB4, 0x08, 0x23, 0x08, 0x23, 0xB5, 0xB8, 0xB5, 0xB8, 0x08, 0x22, 0xF9, 0x4D, 0x00, 0x00, 0x00, 0x00, 0x00, 0x00,
  0x48, 0x64, 0x98, 0xC8, 0x98, 0xC8, 0xF9, 0x4D, 0x08, 0x22, 0xB5, 0xB8, 0xB5, 0xB8, 0x08, 0x23, 0x08, 0x23, 0xFB, 0xB4, 0xFC, 0x96, 0xFC, 0x96,
  0xFC, 0x96, 0xFC, 0x96, 0xFC, 0x96, 0x08, 0x22, 0x08, 0x22, 0xFF, 0xFF, 0xFF, 0xFF, 0xFF, 0xFF, 0xFF, 0xFF, 0xFF, 0xFF, 0xFF, 0xFF, 0xFF, 0xFF,
  0xFF, 0xFF, 0xFF, 0xFF, 0xFF, 0xFF, 0xFF, 0xFF, 0xFF, 0xFF, 0xFF, 0xFF, 0xFF, 0xFF, 0x08, 0x22, 0x08, 0x22, 0xFC, 0x96, 0xFC, 0x96, 0xFC, 0x96,
  0xFC, 0x96, 0xFC, 0x96, 0xFB, 0xB4, 0x08, 0x23, 0x08, 0x23, 0xB5, 0xB8, 0xB5, 0xB8, 0x08, 0x22, 0xF9, 0x4D, 0x98, 0xC8, 0x98, 0xC8, 0x48, 0x64,
  0x00, 0x00, 0x00, 0x00, 0x00, 0x00, 0xF9, 0x4D, 0x08, 0x22, 0xAD, 0x97, 0xAD, 0x97, 0x08, 0x23, 0x08, 0x23, 0xA0, 0xC9, 0x18, 0x46, 0x18, 0x46,
  0x18, 0x46, 0x18, 0x46, 0x18, 0x46, 0x18, 0x46, 0x18, 0x46, 0x18, 0x46, 0x18, 0x46, 0x18, 0x46, 0x18, 0x46, 0x18, 0x46, 0x18, 0x46, 0x18, 0x46,
  0x18, 0x46, 0x18, 0x46, 0x18, 0x46, 0x18, 0x46, 0x18, 0x46, 0x18, 0x46, 0x18, 0x46, 0x18, 0x46, 0x18, 0x46, 0x18, 0x46, 0x18, 0x46, 0x18, 0x46,
  0x18, 0x46, 0x18, 0x46, 0xA0, 0xC9, 0x08, 0x23, 0x08, 0x23, 0xAD, 0x97, 0xAD, 0x97, 0x08, 0x22, 0xF9, 0x4D, 0x00, 0x00, 0x00, 0x00, 0x00, 0x00,
  0x00, 0x00, 0x00, 0x00, 0x00, 0x00, 0xF9, 0x4D, 0x08, 0x22, 0xAD, 0x97, 0xAD, 0x97, 0x08, 0x23, 0x08, 0x23, 0xFB, 0x53, 0xFC, 0x35, 0xFC, 0x35,
  0xFC, 0x35, 0xFC, 0x35, 0xFC, 0x35, 0x08, 0x22, 0xFF, 0xDF, 0xFF, 0xDF, 0xFF, 0xDF, 0xFF, 0xDF, 0xFF, 0xDF, 0xFF, 0xDF, 0xFF, 0xDF, 0xFF, 0xDF,
  0xFF, 0xDF, 0xFF, 0xDF, 0xFF, 0xDF, 0xFF, 0xDF, 0xFF, 0xDF, 0xFF, 0xDF, 0xFF, 0xDF, 0xFF, 0xDF, 0x08, 0x22, 0xFC, 0x35, 0xFC, 0x35, 0xFC, 0x35,
  0xFC, 0x35, 0xFC, 0x35, 0xFB, 0x53, 0x08, 0x23, 0x08, 0x23, 0xAD, 0x97, 0xAD, 0x97, 0x08, 0x22, 0xF9, 0x4D, 0x00, 0x00, 0x00, 0x00, 0x00, 0x00,
  0x48, 0x64, 0x98, 0xC8, 0x98, 0xC8, 0xF9, 0x4D, 0x08, 0x22, 0xAD, 0x97, 0xAD, 0x97, 0x08, 0x23, 0x08, 0x23, 0xFB, 0x53, 0xFC, 0x35, 0xFC, 0x35,
  0xFC, 0x35, 0xFC, 0x35, 0xFC, 0x35, 0x08, 0x22, 0xFF, 0xDF, 0xFF, 0xDF, 0xFF, 0xDF, 0xFF, 0xDF, 0xFF, 0xDF, 0xFF, 0xDF, 0xFF, 0xDF, 0xFF, 0xDF,
  0xFF, 0xDF, 0xFF, 0xDF, 0xFF, 0xDF, 0xFF, 0xDF, 0xFF, 0xDF, 0xFF, 0xDF, 0xFF, 0xDF, 0xFF, 0xDF, 0x08, 0x22, 0xFC, 0x35, 0xFC, 0x35, 0xFC, 0x35,
  0xFC, 0x35, 0xFC, 0x35, 0xFB, 0x53, 0x08, 0x23, 0x08, 0x23, 0xAD, 0x97, 0xAD, 0x97, 0x08, 0x22, 0xF9, 0x4D, 0x98, 0xC8, 0x98, 0xC8, 0x48, 0x64,
  0x00, 0x00, 0x00, 0x00, 0x00, 0x00, 0xF9, 0x4D, 0x08, 0x22, 0xAD, 0x77, 0xAD, 0x77, 0x08, 0x23, 0x08, 0x23, 0xA0, 0xC9, 0x18, 0x46, 0x18, 0x46,
  0x18, 0x46, 0x18, 0x46, 0x18, 0x46, 0x18, 0x46, 0x18, 0x46, 0x18, 0x46, 0x18, 0x46, 0x18, 0x46, 0x18, 0x46, 0x18, 0x46, 0x18, 0x46, 0x18, 0x46,
  0x18, 0x46, 0x18, 0x46, 0x18, 0x46, 0x18, 0x46, 0x18, 0x46, 0x18, 0x46, 0x18, 0x46, 0x18, 0x46, 0x18, 0x46, 0x18, 0x46, 0x18, 0x46, 0x18, 0x46,
  0x18, 0x46, 0x18, 0x46, 0xA0, 0xC9, 0x08, 0x23, 0x08, 0x23, 0xAD, 0x77, 0xAD, 0x77, 0x08, 0x22, 0xF9, 0x4D, 0x00, 0x00, 0x00, 0x00, 0x00, 0x00,
  0x00, 0x00, 0x00, 0x00, 0x00, 0x00, 0xF9, 0x4D, 0x08, 0x22, 0xAD, 0x77, 0xAD, 0x77, 0x08, 0x23, 0x08, 0x23, 0xE2, 0x90, 0xE3, 0x52, 0xE3, 0x52,
  0xE3, 0x52, 0xE3, 0x52, 0xE3, 0x52, 0x08, 0x22, 0xFF, 0x9E, 0xFF, 0x9E, 0xFF, 0x9E, 0xFF, 0x9E, 0xFF, 0x9E, 0xFF, 0x9E, 0xFF, 0x9E, 0xFF, 0x9E,
  0xFF, 0x9E, 0xFF, 0x9E, 0xFF, 0x9E, 0xFF, 0x9E, 0xFF, 0x9E, 0xFF, 0x9E, 0xFF, 0x9E, 0xFF, 0x9E, 0x08, 0x22, 0xE3, 0x52, 0xE3, 0x52, 0xE3, 0x52,
  0xE3, 0x52, 0xE3, 0x52, 0xE2, 0x90, 0x08, 0x23, 0x08, 0x23, 0xAD, 0x77, 0xAD, 0x77, 0x08, 0x22, 0xF9, 0x4D, 0x00, 0x00, 0x00, 0x00, 0x00, 0x00,
  0x48, 0x64, 0x98, 0xC8, 0x98, 0xC8, 0xF9, 0x4D, 0x08, 0x22, 0xAD, 0x77, 0xAD, 0x77, 0x08, 0x23, 0x08, 0x23, 0xE2, 0x90, 0xE3, 0x52, 0xE3, 0x52,
  0xE3, 0x52, 0xE3, 0x52, 0xE3, 0x52, 0x08, 0x22, 0xFF, 0x9E, 0xFF, 0x9E, 0xFF, 0x9E, 0xFF, 0x9E, 0xFF, 0x9E, 0xFF, 0x9E, 0xFF, 0x9E, 0xFF, 0x9E,
  0xFF, 0x9E, 0xFF, 0x9E, 0xFF, 0x9E, 0xFF, 0x9E, 0xFF, 0x9E, 0xFF, 0x9E, 0xFF, 0x9E, 0xFF, 0x9E, 0x08, 0x22, 0xE3, 0x52, 0xE3, 0x52, 0xE3, 0x52,
  0xE3, 0x52, 0xE3, 0x52, 0xE2, 0x90, 0x08, 0x23, 0x08, 0x23, 0xAD, 0x77, 0xAD, 0x77, 0x08, 0x22, 0xF9, 0x4D, 0x98, 0xC8, 0x98, 0xC8, 0x48, 0x64,
  0x00, 0x00, 0x00, 0x00, 0x00, 0x00, 0xF9, 0x4D, 0x08, 0x22, 0xA5, 0x56, 0xA5, 0x56, 0x10, 0x23, 0x10, 0x23, 0xA0, 0xC9, 0x10, 0x45, 0x10, 0x45,
  0x10, 0x45, 0x10, 0x45, 0x10, 0x45, 0x10, 0x45, 0x10, 0x45, 0x10, 0x45, 0x10, 0x45, 0x10, 0x45, 0x68, 0x85, 0x68, 0x85, 0x68, 0x85, 0x68, 0x85,
  0x68, 0x85, 0x68, 0x85, 0x68, 0x85, 0x68, 0x85, 0x10, 0x45, 0x10, 0x45, 0x10, 0x45, 0x10, 0x45, 0x10, 0x45, 0x10, 0x45, 0x10, 0x45, 0x10, 0x45,
  0x10, 0x45, 0x10, 0x45, 0xA0, 0xC9, 0x10, 0x23, 0x10, 0x23, 0xA5, 0x56, 0xA5, 0x56, 0x08, 0x22, 0xF9, 0x4D, 0x00, 0x00, 0x00, 0x00, 0x00, 0x00,
  0x00, 0x00, 0x00, 0x00, 0x00, 0x00, 0xF9, 0x4D, 0x08, 0x22, 0xA5, 0x56, 0xA5, 0x56, 0x10, 0x23, 0x10, 0x23, 0xFA, 0xB1, 0xFB, 0x32, 0xFB, 0x32,
  0xFB, 0x32, 0xFB, 0x32, 0xFB, 0x32, 0x08, 0x22, 0xFF, 0x5E, 0xFF, 0x5E, 0xFF, 0x5E, 0xFF, 0x5E, 0xFF, 0x5E, 0xFF, 0x5E, 0xFF, 0x5E, 0xFF, 0x5E,
  0xFF, 0x5E, 0xFF, 0x5E, 0xFF, 0x5E, 0xFF, 0x5E, 0xFF, 0x5E, 0xFF, 0x5E, 0xFF, 0x5E, 0xFF, 0x5E, 0x08, 0x22, 0xFB, 0x32, 0xFB, 0x32, 0xFB, 0x32,
  0xFB, 0x32, 0xFB, 0x32, 0xFA, 0xB1, 0x10, 0x23, 0x10, 0x23, 0xA5, 0x56, 0xA5, 0x56, 0x08, 0x22, 0xF9, 0x4D, 0x00, 0x00, 0x00, 0x00, 0x00, 0x00,
  0x48, 0x64, 0x98, 0xC8, 0x98, 0xC8, 0xF9, 0x4D, 0x08, 0x22, 0xA5, 0x56, 0xA5, 0x56, 0x10, 0x23, 0x10, 0x23, 0xFA, 0xB1, 0xFB, 0x32, 0xFB, 0x32,
  0xFB, 0x32, 0xFB, 0x32, 0xFB, 0x32, 0x08, 0x22, 0xFF, 0x5E, 0xFF, 0x5E, 0xFF, 0x5E, 0xFF, 0x5E, 0xFF, 0x5E, 0xFF, 0x5E, 0xFF, 0x5E, 0xFF, 0x5E,
  0xFF, 0x5E, 0xFF, 0x5E, 0xFF, 0x5E, 0xFF, 0x5E, 0xFF, 0x5E, 0xFF, 0x5E, 0xFF, 0x5E, 0xFF, 0x5E, 0x08, 0x22, 0xFB, 0x32, 0xFB, 0x32, 0xFB, 0x32,
  0xFB, 0x32, 0xFB, 0x32, 0xFA, 0xB1, 0x10, 0x23, 0x10, 0x23, 0xA5, 0x56, 0xA5, 0x56, 0x08, 0x22, 0xF9, 0x4D, 0x98, 0xC8, 0x98, 0xC8, 0x48, 0x64,
  0x00, 0x00, 0x00, 0x00, 0x00, 0x00, 0xF9, 0x4D, 0x08, 0x22, 0x9D, 0x16, 0x9D, 0x16, 0x10, 0x23, 0x10, 0x23, 0xA0, 0xC9, 0x18, 0x66, 0x18, 0x66,
  0x18, 0x66, 0x18, 0x66, 0x18, 0x66, 0x18, 0x66, 0x18, 0x66, 0x18, 0x66, 0x18, 0x66, 0x80, 0xA6, 0x80, 0xA6, 0x80, 0xA6, 0x80, 0xA6, 0x80, 0xA6,
  0x80, 0xA6, 0x80, 0xA6, 0x80, 0xA6, 0x80, 0xA6, 0x80, 0xA6, 0x18, 0x66, 0x18, 0x66, 0x18, 0x66, 0x18, 0x66, 0x18, 0x66, 0x18, 0x66, 0x18, 0x66,
  0x18, 0x66, 0x18, 0x66, 0xA0, 0xC9, 0x10, 0x23, 0x10, 0x23, 0x9D, 0x16, 0x9D, 0x16, 0x08, 0x22, 0xF9, 0x4D, 0x00, 0x00, 0x00, 0x00, 0x00, 0x00,
  0x00, 0x00, 0x00, 0x00, 0x00, 0x00, 0xF9, 0x4D, 0x08, 0x22, 0x9D, 0x16, 0x9D, 0x16, 0x10, 0x23, 0x10, 0x23, 0xFA, 0x50, 0xFA, 0x50, 0xFA, 0x91,
  0xFA, 0x91, 0xFA, 0x91, 0xFA, 0x91, 0x08, 0x22, 0xFF, 0x1D, 0xFF, 0x1D, 0xFF, 0x1D, 0xFF, 0x1D, 0xFF, 0x1D, 0xFF, 0x1D, 0xFF, 0x1D, 0xFF, 0x1D,
  0xFF, 0x1D, 0xFF, 0x1D, 0xFF, 0x1D, 0xFF, 0x1D, 0xFF, 0x1D, 0xFF, 0x1D, 0xFF, 0x1D, 0xFF, 0x1D, 0x08, 0x22, 0xFA, 0x91, 0xFA, 0x91, 0xFA, 0x91,
  0xFA, 0x91, 0xFA, 0x50, 0xFA, 0x50, 0x10, 0x23, 0x10, 0x23, 0x9D, 0x16, 0x9D, 0x16, 0x08, 0x22, 0xF9, 0x4D, 0x00, 0x00, 0x00, 0x00, 0x00, 0x00,
  0x48, 0x64, 0x98, 0xC8, 0x98, 0xC8, 0xF9, 0x4D, 0x08, 0x22, 0x9D, 0x16, 0x9D, 0x16, 0x10, 0x23, 0x10, 0x23, 0xFA, 0x50, 0xFA, 0x50, 0xFA, 0x91,
  0xFA, 0x91, 0xFA, 0x91, 0xFA, 0x91, 0x08, 0x22, 0xFF, 0x1D, 0xFF, 0x1D, 0xFF, 0x1D, 0xFF, 0x1D, 0xFF, 0x1D, 0xFF, 0x1D, 0xFF, 0x1D, 0xFF, 0x1D,
  0xFF, 0x1D, 0xFF, 0x1D, 0xFF, 0x1D, 0xFF, 0x1D, 0xFF, 0x1D, 0xFF, 0x1D, 0xFF, 0x1D, 0xFF, 0x1D, 0x08, 0x22, 0xFA, 0x91, 0xFA, 0x91, 0xFA, 0x91,
  0xFA, 0x91, 0xFA, 0x50, 0xFA, 0x50, 0x10, 0x23, 0x10, 0x23, 0x9D, 0x16, 0x9D, 0x16, 0x08, 0x22, 0xF9, 0x4D, 0x98, 0xC8, 0x98, 0xC8, 0x48, 0x64,
  0x00, 0x00, 0x00, 0x00, 0x00, 0x00, 0xF9, 0x4D, 0x08, 0x22, 0x9C, 0xF5, 0x9C, 0xF5, 0x10, 0x24, 0x10, 0x24, 0xA0, 0xC9, 0x18, 0x66, 0x18, 0x66,
  0x18, 0x66, 0x18, 0x66, 0x18, 0x66, 0x18, 0x66, 0x18, 0x66, 0x18, 0x66, 0x18, 0x66, 0x80, 0xA6, 0x80, 0xA6, 0x80, 0xA6, 0x80, 0xA6, 0x80, 0xA6,
  0x80, 0xA6, 0x80, 0xA6, 0x80, 0xA6, 0x80, 0xA6, 0x80, 0xA6, 0x18, 0x66, 0x18, 0x66, 0x18, 0x66, 0x18, 0x66, 0x18, 0x66, 0x18, 0x66, 0x18, 0x66,
  0x18, 0x66, 0x18, 0x66, 0xA0, 0xC9, 0x10, 0x24, 0x10, 0x24, 0x9C, 0xF5, 0x9C, 0xF5, 0x08, 0x22, 0xF9, 0x4D, 0x00, 0x00, 0x00, 0x00, 0x00, 0x00,
  0x00, 0x00, 0x00, 0x00, 0x00, 0x00, 0xF9, 0x4D, 0x08, 0x22, 0x9C, 0xF5, 0x9C, 0xF5, 0x10, 0x24, 0x10, 0x24, 0xE1, 0xAD, 0xE1, 0xAD, 0xE1, 0xAD,
  0xE1, 0xAD, 0xE1, 0xAD, 0xE1, 0xAD, 0x08, 0x22, 0xFE, 0xDC, 0xFE, 0xDC, 0xFE, 0xDC, 0xFE, 0xDC, 0xFE, 0xDC, 0xFE, 0xDC, 0xF9, 0x4D, 0xF9, 0x4D,
  0xF9, 0x4D, 0xF9, 0x4D, 0xFE, 0xDC, 0xFE, 0xDC, 0xFE, 0xDC, 0xFE, 0xDC, 0xFE, 0xDC, 0xFE, 0xDC, 0x08, 0x22, 0xE1, 0xAD, 0xE1, 0xAD, 0xE1, 0xAD,
  0xE1, 0xAD, 0xE1, 0xAD, 0xE1, 0xAD, 0x10, 0x24, 0x10, 0x24, 0x9C, 0xF5, 0x9C, 0xF5, 0x08, 0x22, 0xF9, 0x4D, 0x00, 0x00, 0x00, 0x00, 0x00, 0x00,
  0x48, 0x64, 0x98, 0xC8, 0x98, 0xC8, 0xF9, 0x4D, 0x08, 0x22, 0x9C, 0xF5, 0x9C, 0xF5, 0x10, 0x24, 0x10, 0x24, 0xE1, 0xAD, 0xE1, 0xAD, 0xE1, 0xAD,
  0xE1, 0xAD, 0xE1, 0xAD, 0xE1, 0xAD, 0x08, 0x22, 0xFE, 0xDC, 0xFE, 0xDC, 0xFE, 0xDC, 0xFE, 0xDC, 0xFE, 0xDC, 0xFE, 0xDC, 0xF9, 0x4D, 0xF9, 0x4D,
  0xF9, 0x4D, 0xF9, 0x4D, 0xFE, 0xDC, 0xFE, 0xDC, 0xFE, 0xDC, 0xFE, 0xDC, 0xFE, 0xDC, 0xFE, 0xDC, 0x08, 0x22, 0xE1, 0xAD, 0xE1, 0xAD, 0xE1, 0xAD,
  0xE1, 0xAD, 0xE1, 0xAD, 0xE1, 0xAD, 0x10, 0x24, 0x10, 0x24, 0x9C, 0xF5, 0x9C, 0xF5, 0x08, 0x22, 0xF9, 0x4D, 0x98, 0xC8, 0x98, 0xC8, 0x48, 0x64,
  0x00, 0x00, 0x00, 0x00, 0x00, 0x00, 0xF9, 0x4D, 0x08, 0x22, 0x94, 0xD5, 0x94, 0xD5, 0x10, 0x24, 0x10, 0x24, 0xA0, 0xC9, 0x18, 0x45, 0x18, 0x45,
  0x18, 0x45, 0x18, 0x45, 0x18, 0x45, 0x18, 0x45, 0x18, 0x45, 0x18, 0x45, 0x18, 0x45, 0x68, 0x85, 0x68, 0x85, 0x68, 0x85, 0x68, 0x85, 0x68, 0x85,
  0x68, 0x85, 0x68, 0x85, 0x68, 0x85, 0x68, 0x85, 0x68, 0x85, 0x18, 0x45, 0x18, 0x45, 0x18, 0x45, 0x18, 0x45, 0x18, 0x45, 0x18, 0x45, 0x18, 0x45,
  0x18, 0x45, 0x18, 0x45, 0xA0, 0xC9, 0x10, 0x24, 0x10, 0x24, 0x94, 0xD5, 0x94, 0xD5, 0x08, 0x22, 0xF9, 0x4D, 0x00, 0x00, 0x00, 0x00, 0x00, 0x00,
  0x00, 0x00, 0x00, 0x00, 0x00, 0x00, 0xF9, 0x4D, 0x08, 0x22, 0x94, 0xD5, 0x94, 0xD5, 0x10, 0x24, 0x10, 0x24, 0xF9, 0xAE, 0xF9, 0xAE, 0xF9, 0xAE,
  0xF9, 0xAE, 0xF9, 0xAE, 0xF9, 0xAE, 0x08, 0x22, 0xFE, 0xBC, 0xFE, 0xBC, 0xFE, 0xBC, 0xFE, 0xBC, 0xFE, 0xBC, 0xF9, 0x4D, 0xF9, 0x4D, 0xF9, 0x4D,
  0xF9, 0x4D, 0xF9, 0x4D, 0xF9, 0x4D, 0xFE, 0xBC, 0xFE, 0xBC, 0xFE, 0xBC, 0xFE, 0xBC, 0xFE, 0xBC, 0x08, 0x22, 0xF9, 0xAE, 0xF9, 0xAE, 0xF9, 0xAE,
  0xF9, 0xAE, 0xF9, 0xAE, 0xF9, 0xAE, 0x10, 0x24, 0x10, 0x24, 0x94, 0xD5, 0x94, 0xD5, 0x08, 0x22, 0xF9, 0x4D, 0x00, 0x00, 0x00, 0x00, 0x00, 0x00,
  0x48, 0x64, 0x98, 0xC8, 0x98, 0xC8, 0xF9, 0x4D, 0x08, 0x22, 0x94, 0xD5, 0x94, 0xD5, 0x10, 0x24, 0x10, 0x24, 0xF9, 0xAE, 0xF9, 0xAE, 0xF9, 0xAE,
  0xF9, 0xAE, 0xF9, 0xAE, 0xF9, 0xAE, 0x08, 0x22, 0xFE, 0xBC, 0xFE, 0xBC, 0xFE, 0xBC, 0xFE, 0xBC, 0xFE, 0xBC, 0xF9, 0x4D, 0xF9, 0x4D, 0xF9, 0x4D,
  0xF9, 0x4D, 0xF9, 0x4D, 0xF9, 0x4D, 0xFE, 0xBC, 0xFE, 0xBC, 0xFE, 0xBC, 0xFE, 0xBC, 0xFE, 0xBC, 0x08, 0x22, 0xF9, 0xAE, 0xF9, 0xAE, 0xF9, 0xAE,
  0xF9, 0xAE, 0xF9, 0xAE, 0xF9, 0xAE, 0x10, 0x24, 0x10, 0x24, 0x94, 0xD5, 0x94, 0xD5, 0x08, 0x22, 0xF9, 0x4D, 0x98, 0xC8, 0x98, 0xC8, 0x48, 0x64,
  0x00, 0x00, 0x00, 0x00, 0x00, 0x00, 0xF9, 0x4D, 0x08, 0x22, 0x94, 0xB4, 0x94, 0xB4, 0x10, 0x24, 0x10, 0x24, 0xA0, 0xC9, 0x20, 0x66, 0x20, 0x66,
  0x20, 0x66, 0x20, 0x66, 0x20, 0x66, 0x20, 0x66, 0x20, 0x66, 0x20, 0x66, 0x20, 0x66, 0x80, 0xA6, 0x80, 0xA6, 0x80, 0xA6, 0x80, 0xA6, 0x80, 0xA6,
  0x80, 0xA6, 0x80, 0xA6, 0x80, 0xA6, 0x80, 0xA6, 0x80, 0xA6, 0x20, 0x66, 0x20, 0x66, 0x20, 0x66, 0x20, 0x66, 0x20, 0x66, 0x20, 0x66, 0x20, 0x66,
  0x20, 0x66, 0x20, 0x66, 0xA0, 0xC9, 0x10, 0x24, 0x10, 0x24, 0x94, 0xB4, 0x94, 0xB4, 0x08, 0x22, 0xF9, 0x4D, 0x00, 0x00, 0x00, 0x00, 0x00, 0x00,
  0x00, 0x00, 0x00, 0x00, 0x00, 0x00, 0xF9, 0x4D, 0x08, 0x22, 0x94, 0xB4, 0x94, 0xB4, 0x10, 0x24, 0x10, 0x24, 0xF9, 0x4E, 0xF9, 0x4E, 0xF9, 0x4E,
  0xF9, 0x4E, 0xF9, 0x4E, 0xF9, 0x4E, 0x08, 0x22, 0xFE, 0x7B, 0xFE, 0x7B, 0xFE, 0x7B, 0xFE, 0x7B, 0xFE, 0x7B, 0xF9, 0x4D, 0xF9, 0x4D, 0xF9, 0x4D,
  0xF9, 0x4D, 0xF9, 0x4D, 0xF9, 0x4D, 0xFE, 0x7B, 0xFE, 0x7B, 0xFE, 0x7B, 0xFE, 0x7B, 0xFE, 0x7B, 0x08, 0x22, 0xF9, 0x4E, 0xF9, 0x4E, 0xF9, 0x4E,
  0xF9, 0x4E, 0xF9, 0x4E, 0xF9, 0x4E, 0x10, 0x24, 0x10, 0x24, 0x94, 0xB4, 0x94, 0xB4, 0x08, 0x22, 0xF9, 0x4D, 0x00, 0x00, 0x00, 0x00, 0x00, 0x00,
  0x48, 0x64, 0x98, 0xC8, 0x98, 0xC8, 0xF9, 0x4D, 0x08, 0x22, 0x94, 0xB4, 0x94, 0xB4, 0x10, 0x24, 0x10, 0x24, 0xF9, 0x4E, 0xF9, 0x4E, 0xF9, 0x4E,
  0xF9, 0x4E, 0xF9, 0x4E, 0xF9, 0x4E, 0x08, 0x22, 0xFE, 0x7B, 0xFE, 0x7B, 0xFE, 0x7B, 0xFE, 0x7B, 0xFE, 0x7B, 0xF9, 0x4D, 0xF9, 0x4D, 0xF9, 0x4D,
  0xF9, 0x4D, 0xF9, 0x4D, 0xF9, 0x4D, 0xFE, 0x7B, 0xFE, 0x7B, 0xFE, 0x7B, 0xFE, 0x7B, 0xFE, 0x7B, 0x08, 0x22, 0xF9, 0x4E, 0xF9, 0x4E, 0xF9, 0x4E,
  0xF9, 0x4E, 0xF9, 0x4E, 0xF9, 0x4E, 0x10, 0x24, 0x10, 0x24, 0x94, 0xB4, 0x94, 0xB4, 0x08, 0x22, 0xF9, 0x4D, 0x98, 0xC8, 0x98, 0xC8, 0x48, 0x64,
  0x00, 0x00, 0x00, 0x00, 0x00, 0x00, 0xF9, 0x4D, 0x08, 0x22, 0x8C, 0x94, 0x8C, 0x94, 0x10, 0x44, 0x10, 0x44, 0xA0, 0xC9, 0x20, 0x67, 0x20, 0x67,
  0x20, 0x67, 0x20, 0x67, 0x20, 0x67, 0x20, 0x67, 0x20, 0x67, 0x20, 0x67, 0x20, 0x67, 0x80, 0xA6, 0x80, 0xA6, 0x80, 0xA6, 0x80, 0xA6, 0x80, 0xA6,
  0x80, 0xA6, 0x80, 0xA6, 0x80, 0xA6, 0x80, 0xA6, 0x80, 0xA6, 0x20, 0x67, 0x20, 0x67, 0x20, 0x67, 0x20, 0x67, 0x20, 0x67, 0x20, 0x67, 0x20, 0x67,
  0x20, 0x67, 0x20, 0x67, 0xA0, 0xC9, 0x10, 0x44, 0x10, 0x44, 0x8C, 0x94, 0x8C, 0x94, 0x08, 0x22, 0xF9, 0x4D, 0x00, 0x00, 0x00, 0x00, 0x00, 0x00,
  0x00, 0x00, 0x00, 0x00, 0x00, 0x00, 0xF9, 0x4D, 0x08, 0x22, 0x8C, 0x94, 0x8C, 0x94, 0x10, 0x44, 0x10, 0x44, 0x78, 0xA6, 0x78, 0xA6, 0x78, 0xA6,
  0x78, 0xA6, 0x78, 0xA6, 0x78, 0xA6, 0x08, 0x22, 0xFE, 0x3B, 0xFE, 0x3B, 0xFE, 0x3B, 0xFE, 0x3B, 0xFE, 0x3B, 0xF9, 0x4D, 0xF9, 0x4D, 0xF9, 0x4D,
  0xF9, 0x4D, 0xF9, 0x4D, 0xF9, 0x4D, 0xFE, 0x3B, 0xFE, 0x3B, 0xFE, 0x3B, 0xFE, 0x3B, 0xFE, 0x3B, 0x08, 0x22, 0x78, 0xA6, 0x78, 0xA6, 0x78, 0xA6,
  0x78, 0xA6, 0x78, 0xA6, 0x78, 0xA6, 0x10, 0x44, 0x10, 0x44, 0x8C, 0x94, 0x8C, 0x94, 0x08, 0x22, 0xF9, 0x4D, 0x00, 0x00, 0x00, 0x00, 0x00, 0x00,
  0x48, 0x64, 0x98, 0xC8, 0x98, 0xC8, 0xF9, 0x4D, 0x08, 0x22, 0x8C, 0x94, 0x8C, 0x94, 0x10, 0x44, 0x10, 0x44, 0x78, 0xA6, 0x78, 0xA6, 0x78, 0xA6,
  0x78, 0xA6, 0x78, 0xA6, 0x78, 0xA6, 0x08, 0x22, 0xFE, 0x3B, 0xFE, 0x3B, 0xFE, 0x3B, 0xFE, 0x3B, 0xFE, 0x3B, 0xF9, 0x4D, 0xF9, 0x4D, 0xF9, 0x4D,
  0xF9, 0x4D, 0xF9, 0x4D, 0xF9, 0x4D, 0xFE, 0x3B, 0xFE, 0x3B, 0xFE, 0x3B, 0xFE, 0x3B, 0xFE, 0x3B, 0x08, 0x22, 0x78, 0xA6, 0x78, 0xA6, 0x78, 0xA6,
  0x78, 0xA6, 0x78, 0xA6, 0x78, 0xA6, 0x10, 0x44, 0x10, 0x44, 0x8C, 0x94, 0x8C, 0x94, 0x08, 0x22, 0xF9, 0x4D, 0x98, 0xC8, 0x98, 0xC8, 0x48, 0x64,
  0x00, 0x00, 0x00, 0x00, 0x00, 0x00, 0xF9, 0x4D, 0x08, 0x22, 0x8C, 0x73, 0x8C, 0x73, 0x10, 0x44, 0x10, 0x44, 0xA0, 0xC9, 0x18, 0x45, 0x18, 0x45,
  0x18, 0x45, 0x18, 0x45, 0x18, 0x45, 0x18, 0x45, 0x18, 0x45, 0x18, 0x45, 0x18, 0x45, 0x68, 0x85, 0x68, 0x85, 0x68, 0x85, 0x68, 0x85, 0x68, 0x85,
  0x68, 0x85, 0x68, 0x85, 0x68, 0x85, 0x68, 0x85, 0x68, 0x85, 0x18, 0x45, 0x18, 0x45, 0x18, 0x45, 0x18, 0x45, 0x18, 0x45, 0x18, 0x45, 0x18, 0x45,
  0x18, 0x45, 0x18, 0x45, 0xA0, 0xC9, 0x10, 0x44, 0x10, 0x44, 0x8C, 0x73, 0x8C, 0x73, 0x08, 0x22, 0xF9, 0x4D, 0x00, 0x00, 0x00, 0x00, 0x00, 0x00,
  0x00, 0x00, 0x00, 0x00, 0x00, 0x00, 0xF9, 0x4D, 0x08, 0x22, 0x8C, 0x73, 0x8C, 0x73, 0x10, 0x44, 0x10, 0x44, 0x90, 0xC8, 0x90, 0xC8, 0x90, 0xC8,
  0x90, 0xC8, 0x90, 0xC8, 0x90, 0xC8, 0x08, 0x22, 0xFD, 0xFA, 0xFD, 0xFA, 0xFD, 0xFA, 0xFD, 0xFA, 0xFD, 0xFA, 0xF9, 0x4D, 0xF9, 0x4D, 0xF9, 0x4D,
  0xF9, 0x4D, 0xF9, 0x4D, 0xF9, 0x4D, 0xFD, 0xFA, 0xFD, 0xFA, 0xFD, 0xFA, 0xFD, 0xFA, 0xFD, 0xFA, 0x08, 0x22, 0x90, 0xC8, 0x90, 0xC8, 0x90, 0xC8,
  0x90, 0xC8, 0x90, 0xC8, 0x90, 0xC8, 0x10, 0x44, 0x10, 0x44, 0x8C, 0x73, 0x8C, 0x73, 0x08, 0x22, 0xF9, 0x4D, 0x00, 0x00, 0x00, 0x00, 0x00, 0x00,
  0x48, 0x64, 0x98, 0xC8, 0x98, 0xC8, 0xF9, 0x4D, 0x08, 0x22, 0x8C, 0x73, 0x8C, 0x73, 0x10, 0x44, 0x10, 0x44, 0x90, 0xC8, 0x90, 0xC8, 0x90, 0xC8,
  0x90, 0xC8, 0x90, 0xC8, 0x90, 0xC8, 0x08, 0x22, 0xFD, 0xFA, 0xFD, 0xFA, 0xFD, 0xFA, 0xFD, 0xFA, 0xFD, 0xFA, 0xF9, 0x4D, 0xF9, 0x4D, 0xF9, 0x4D,
  0xF9, 0x4D, 0xF9, 0x4D, 0xF9, 0x4D, 0xFD, 0xFA, 0xFD, 0xFA, 0xFD, 0xFA, 0xFD, 0xFA, 0xFD, 0xFA, 0x08, 0x22, 0x90, 0xC8, 0x90, 0xC8, 0x90, 0xC8,
  0x90, 0xC8, 0x90, 0xC8, 0x90, 0xC8, 0x10, 0x44, 0x10, 0x44, 0x8C, 0x73, 0x8C, 0x73, 0x08, 0x22, 0xF9, 0x4D, 0x98, 0xC8, 0x98, 0xC8, 0x48, 0x64,
  0x00, 0x00, 0x00, 0x00, 0x00, 0x00, 0xF9, 0x4D, 0x08, 0x22, 0x84, 0x53, 0x84, 0x53, 0x10, 0x44, 0x10, 0x44, 0xA0, 0xC9, 0x20, 0x67, 0x20, 0x67,
  0x20, 0x67, 0x20, 0x67, 0x20, 0x67, 0x20, 0x67, 0x20, 0x67, 0x20, 0x67, 0x20, 0x67, 0x80, 0xA6, 0x80, 0xA6, 0x80, 0xA6, 0x80, 0xA6, 0x80, 0xA6,
  0x80, 0xA6, 0x80, 0xA6, 0x80, 0xA6, 0x80, 0xA6, 0x80, 0xA6, 0x20, 0x67, 0x20, 0x67, 0x20, 0x67, 0x20, 0x67, 0x20, 0x67, 0x20, 0x67, 0x20, 0x67,
  0x20, 0x67, 0x20, 0x67, 0xA0, 0xC9, 0x10, 0x44, 0x10, 0x44, 0x84, 0x53, 0x84, 0x53, 0x08, 0x22, 0xF9, 0x4D, 0x00, 0x00, 0x00, 0x00, 0x00, 0x00,
  0x00, 0x00, 0x00, 0x00, 0x00, 0x00, 0xF9, 0x4D, 0x08, 0x22, 0x84, 0x53, 0x84, 0x53, 0x10, 0x44, 0x10, 0x44, 0x98, 0xC8, 0x98, 0xC8, 0x98, 0xC8,
  0x98, 0xC8, 0x98, 0xC8, 0x98, 0xC8, 0x08, 0x22, 0xFD, 0xD9, 0xFD, 0xD9, 0xFD, 0xD9, 0xFD, 0xD9, 0xFD, 0xD9, 0xFD, 0xD9, 0xF9, 0x4D, 0xF9, 0x4D,
  0xF9, 0x4D, 0xF9, 0x4D, 0xFD, 0xD9, 0xFD, 0xD9, 0xFD, 0xD9, 0xFD, 0xD9, 0xFD, 0xD9, 0xFD, 0xD9, 0x08, 0x22, 0x98, 0xC8, 0x98, 0xC8, 0x98, 0xC8,
  0x98, 0xC8, 0x98, 0xC8, 0x98, 0xC8, 0x10, 0x44, 0x10, 0x44, 0x84, 0x53, 0x84, 0x53, 0x08, 0x22, 0xF9, 0x4D, 0x00, 0x00, 0x00, 0x00, 0x00, 0x00,
  0x48, 0x64, 0x98, 0xC8, 0x98, 0xC8, 0xF9, 0x4D, 0x08, 0x22, 0x84, 0x53, 0x84, 0x53, 0x10, 0x44, 0x10, 0x44, 0x98, 0xC8, 0x98, 0xC8, 0x98, 0xC8,
  0x98, 0xC8, 0x98, 0xC8, 0x98, 0xC8, 0x08, 0x22, 0xFD, 0xD9, 0xFD, 0xD9, 0xFD, 0xD9, 0xFD, 0xD9, 0xFD, 0xD9, 0xFD, 0xD9, 0xF9, 0x4D, 0xF9, 0x4D,
  0xF9, 0x4D, 0xF9, 0x4D, 0xFD, 0xD9, 0xFD, 0xD9, 0xFD, 0xD9, 0xFD, 0xD9, 0xFD, 0xD9, 0xFD, 0xD9, 0x08, 0x22, 0x98, 0xC8, 0x98, 0xC8, 0x98, 0xC8,
  0x98, 0xC8, 0x98, 0xC8, 0x98, 0xC8, 0x10, 0x44, 0x10, 0x44, 0x84, 0x53, 0x84, 0x53, 0x08, 0x22, 0xF9, 0x4D, 0x98, 0xC8, 0x98, 0xC8, 0x48, 0x64,
  0x00, 0x00, 0x00, 0x00, 0x00, 0x00, 0xF9, 0x4D, 0x08, 0x22, 0x84, 0x32, 0x84, 0x32, 0x10, 0x44, 0x10, 0x44, 0xA0, 0xC9, 0x20, 0x67, 0x20, 0x67,
  0x20, 0x67, 0x20, 0x67, 0x20, 0x67, 0x20, 0x67, 0x20, 0x67, 0x20, 0x67, 0x20, 0x67, 0x80, 0xA6, 0x80, 0xA6, 0x80, 0xA6, 0x80, 0xA6, 0x80, 0xA6,
  0x80, 0xA6, 0x80, 0xA6, 0x80, 0xA6, 0x80, 0xA6, 0x80, 0xA6, 0x20, 0x67, 0x20, 0x67, 0x20, 0x67, 0x20, 0x67, 0x20, 0x67, 0x20, 0x67, 0x20, 0x67,
  0x20, 0x67, 0x20, 0x67, 0xA0, 0xC9, 0x10, 0x44, 0x10, 0x44, 0x84, 0x32, 0x84, 0x32, 0x08, 0x22, 0xF9, 0x4D, 0x00, 0x00, 0x00, 0x00, 0x00, 0x00,
  0x00, 0x00, 0x00, 0x00, 0x00, 0x00, 0xF9, 0x4D, 0x08, 0x22, 0x84, 0x32, 0x84, 0x32, 0x10, 0x44, 0x10, 0x44, 0x90, 0xA7, 0x90, 0xA7, 0x90, 0xA7,
  0x90, 0xA7, 0x90, 0xA7, 0x90, 0xA7, 0x08, 0x22, 0xFD, 0x99, 0xFD, 0x99, 0xFD, 0x99, 0xFD, 0x99, 0xFD, 0x99, 0xFD, 0x99, 0xFD, 0x99, 0xFD, 0x99,
  0xFD, 0x99, 0xFD, 0x99, 0xFD, 0x99, 0xFD, 0x99, 0xFD, 0x99, 0xFD, 0x99, 0xFD, 0x99, 0xFD, 0x99, 0x08, 0x22, 0x90, 0xA7, 0x90, 0xA7, 0x90, 0xA7,
  0x90, 0xA7, 0x90, 0xA7, 0x90, 0xA7, 0x10, 0x44, 0x10, 0x44, 0x84, 0x32, 0x84, 0x32, 0x08, 0x22, 0xF9, 0x4D, 0x00, 0x00, 0x00, 0x00, 0x00, 0x00,
  0x48, 0x64, 0x98, 0xC8, 0x98, 0xC8, 0xF9, 0x4D, 0x08, 0x22, 0x84, 0x32, 0x84, 0x32, 0x10, 0x44, 0x10, 0x44, 0x90, 0xA7, 0x90, 0xA7, 0x90, 0xA7,
  0x90, 0xA7, 0x90, 0xA7, 0x90, 0xA7, 0x08, 0x22, 0xFD, 0x99, 0xFD, 0x99, 0xFD, 0x99, 0xFD, 0x99, 0xFD, 0x99, 0xFD, 0x99, 0xFD, 0x99, 0xFD, 0x99,
  0xFD, 0x99, 0xFD, 0x99, 0xFD, 0x99, 0xFD, 0x99, 0xFD, 0x99, 0xFD, 0x99, 0xFD, 0x99, 0xFD, 0x99, 0x08, 0x22, 0x90, 0xA7, 0x90, 0xA7, 0x90, 0xA7,
  0x90, 0xA7, 0x90, 0xA7, 0x90, 0xA7, 0x10, 0x44, 0x10, 0x44, 0x84, 0x32, 0x84, 0x32, 0x08, 0x22, 0xF9, 0x4D, 0x98, 0xC8, 0x98, 0xC8, 0x48, 0x64,
  0x00, 0x00, 0x00, 0x00, 0x00, 0x00, 0xF9, 0x4D, 0x08, 0x22, 0x7C, 0x12, 0x7C, 0x12, 0x10, 0x45, 0x10, 0x45, 0xA0, 0xC9, 0x18, 0x66, 0x18, 0x66,
  0x18, 0x66, 0x18, 0x66, 0x18, 0x66, 0x18, 0x66, 0x18, 0x66, 0x18, 0x66, 0x18, 0x66, 0x18, 0x66, 0x68, 0x85, 0x68, 0x85, 0x68, 0x85, 0x68, 0x85,
  0x68, 0x85, 0x68, 0x85, 0x68, 0x85, 0x68, 0x85, 0x18, 0x66, 0x18, 0x66, 0x18, 0x66, 0x18, 0x66, 0x18, 0x66, 0x18, 0x66, 0x18, 0x66, 0x18, 0x66,
  0x18, 0x66, 0x18, 0x66, 0xA0, 0xC9, 0x10, 0x45, 0x10, 0x45, 0x7C, 0x12, 0x7C, 0x12, 0x08, 0x22, 0xF9, 0x4D, 0x00, 0x00, 0x00, 0x00, 0x00, 0x00,
  0x00, 0x00, 0x00, 0x00, 0x00, 0x00, 0xF9, 0x4D, 0x08, 0x22, 0x7C, 0x12, 0x7C, 0x12, 0x10, 0x45, 0x10, 0x45, 0xA8, 0xC9, 0xA8, 0xC9, 0xA8, 0xC9,
  0xA8, 0xC9, 0xA8, 0xC9, 0xA8, 0xC9, 0x08, 0x22, 0xFD, 0x58, 0xFD, 0x58, 0xFD, 0x58, 0xFD, 0x58, 0xFD, 0x58, 0xFD, 0x58, 0xFD, 0x58, 0xFD, 0x58,
  0xFD, 0x58, 0xFD, 0x58, 0xFD, 0x58, 0xFD, 0x58, 0xFD, 0x58, 0xFD, 0x58, 0xFD, 0x58, 0xFD, 0x58, 0x08, 0x22, 0xA8, 0xC9, 0xA8, 0xC9, 0xA8, 0xC9,
  0xA8, 0xC9, 0xA8, 0xC9, 0xA8, 0xC9, 0x10, 0x45, 0x10, 0x45, 0x7C, 0x12, 0x7C, 0x12, 0x08, 0x22, 0xF9, 0x4D, 0x00, 0x00, 0x00, 0x00, 0x00, 0x00,
  0x48, 0x64, 0x98, 0xC8, 0x98, 0xC8, 0xF9, 0x4D, 0x08, 0x22, 0x7C, 0x12, 0x7C, 0x12, 0x10, 0x45, 0x10, 0x45, 0xA8, 0xC9, 0xA8, 0xC9, 0xA8, 0xC9,
  0xA8, 0xC9, 0xA8, 0xC9, 0xA8, 0xC9, 0x08, 0x22, 0xFD, 0x58, 0xFD, 0x58, 0xFD, 0x58, 0xFD, 0x58, 0xFD, 0x58, 0xFD, 0x58, 0xFD, 0x58, 0xFD, 0x58,
  0xFD, 0x58, 0xFD, 0x58, 0xFD, 0x58, 0xFD, 0x58, 0xFD, 0x58, 0xFD, 0x58, 0xFD, 0x58, 0xFD, 0x58, 0x08, 0x22, 0xA8, 0xC9, 0xA8, 0xC9, 0xA8, 0xC9,
  0xA8, 0xC9, 0xA8, 0xC9, 0xA8, 0xC9, 0x10, 0x45, 0x10, 0x45, 0x7C, 0x12, 0x7C, 0x12, 0x08, 0x22, 0xF9, 0x4D, 0x98, 0xC8, 0x98, 0xC8, 0x48, 0x64,
  0x00, 0x00, 0x00, 0x00, 0x00, 0x00, 0xF9, 0x4D, 0x08, 0x22, 0x7B, 0xF1, 0x7B, 0xF1, 0x10, 0x45, 0x10, 0x45, 0xA0, 0xC9, 0x20, 0x67, 0x20, 0x67,
  0x20, 0x67, 0x20, 0x67, 0x20, 0x67, 0x20, 0x67, 0x20, 0x67, 0x20, 0x67, 0x20, 0x67, 0x20, 0x67, 0x20, 0x67, 0x20, 0x67, 0x20, 0x67, 0x20, 0x67,
  0x20, 0x67, 0x20, 0x67, 0x20, 0x67, 0x20, 0x67, 0x20, 0x67, 0x20, 0x67, 0x20, 0x67, 0x20, 0x67, 0x20, 0x67, 0x20, 0x67, 0x20, 0x67, 0x20, 0x67,
  0x20, 0x67, 0x20, 0x67, 0xA0, 0xC9, 0x10, 0x45, 0x10, 0x45, 0x7B, 0xF1, 0x7B, 0xF1, 0x08, 0x22, 0xF9, 0x4D, 0x00, 0x00, 0x00, 0x00, 0x00, 0x00,
  0x00, 0x00, 0x00, 0x00, 0x00, 0x00, 0xF9, 0x4D, 0x08, 0x22, 0x7B, 0xF1, 0x7B, 0xF1, 0x10, 0x45, 0x10, 0x45, 0xB0, 0xE9, 0xB0, 0xE9, 0xB0, 0xE9,
  0xB0, 0xE9, 0xB0, 0xE9, 0xB0, 0xE9, 0x08, 0x22, 0xFD, 0x18, 0xFD, 0x18, 0xFD, 0x18, 0xFD, 0x18, 0xFD, 0x18, 0xFD, 0x18, 0xFD, 0x18, 0xFD, 0x18,
  0xFD, 0x18, 0xFD, 0x18, 0xFD, 0x18, 0xFD, 0x18, 0xFD, 0x18, 0xFD, 0x18, 0xFD, 0x18, 0xFD, 0x18, 0x08, 0x22, 0xB0, 0xE9, 0xB0, 0xE9, 0xB0, 0xE9,
  0xB0, 0xE9, 0xB0, 0xE9, 0xB0, 0xE9, 0x10, 0x45, 0x10, 0x45, 0x7B, 0xF1, 0x7B, 0xF1, 0x08, 0x22, 0xF9, 0x4D, 0x00, 0x00, 0x00, 0x00, 0x00, 0x00,
  0x48, 0x64, 0x98, 0xC8, 0x98, 0xC8, 0xF9, 0x4D, 0x08, 0x22, 0x7B, 0xF1, 0x7B, 0xF1, 0x10, 0x45, 0x10, 0x45, 0xB0, 0xE9, 0xB0, 0xE9, 0xB0, 0xE9,
  0xB0, 0xE9, 0xB0, 0xE9, 0xB0, 0xE9, 0x08, 0x22, 0xFD, 0x18, 0xFD, 0x18, 0xFD, 0x18, 0xFD, 0x18, 0xFD, 0x18, 0xFD, 0x18, 0xFD, 0x18, 0xFD, 0x18,
  0xFD, 0x18, 0xFD, 0x18, 0xFD, 0x18, 0xFD, 0x18, 0xFD, 0x18, 0xFD, 0x18, 0xFD, 0x18, 0xFD, 0x18, 0x08, 0x22, 0xB0, 0xE9, 0xB0, 0xE9, 0xB0, 0xE9,
  0xB0, 0xE9, 0xB0, 0xE9, 0xB0, 0xE9, 0x10, 0x45, 0x10, 0x45, 0x7B, 0xF1, 0x7B, 0xF1, 0x08, 0x22, 0xF9, 0x4D, 0x98, 0xC8, 0x98, 0xC8, 0x48, 0x64,
  0x00, 0x00, 0x00, 0x00, 0x00, 0x00, 0xF9, 0x4D, 0x08, 0x22, 0x73, 0xD1, 0x73, 0xD1, 0x10, 0x45, 0x10, 0x45, 0xA0, 0xC9, 0x20, 0x68, 0x20, 0x68,
  0x20, 0x68, 0x20, 0x68, 0x20, 0x68, 0x20, 0x68, 0x20, 0x68, 0x20, 0x68, 0x20, 0x68, 0x20, 0x68, 0x20, 0x68, 0x20, 0x68, 0x20, 0x68, 0x20, 0x68,
  0x20, 0x68, 0x20, 0x68, 0x20, 0x68, 0x20, 0x68, 0x20, 0x68, 0x20, 0x68, 0x20, 0x68, 0x20, 0x68, 0x20, 0x68, 0x20, 0x68, 0x20, 0x68, 0x20, 0x68,
  0x20, 0x68, 0x20, 0x68, 0xA0, 0xC9, 0x10, 0x45, 0x10, 0x45, 0x73, 0xD1, 0x73, 0xD1, 0x08, 0x22, 0xF9, 0x4D, 0x00, 0x00, 0x00, 0x00, 0x00, 0x00,
  0x00, 0x00, 0x00, 0x00, 0x00, 0x00, 0xF9, 0x4D, 0x08, 0x22, 0x73, 0xD1, 0x73, 0xD1, 0x10, 0x45, 0x10, 0x45, 0xA0, 0xC8, 0xA0, 0xC8, 0xA0, 0xC8,
  0xA0, 0xC8, 0xA0, 0xC8, 0xA0, 0xC8, 0x08, 0x22, 0xFC, 0xD7, 0xFC, 0xD7, 0xFC, 0xD7, 0xFC, 0xD7, 0xFC, 0xD7, 0xFC, 0xD7, 0xFC, 0xD7, 0xFC, 0xD7,
  0xFC, 0xD7, 0xFC, 0xD7, 0xFC, 0xD7, 0xFC, 0xD7, 0xFC, 0xD7, 0xFC, 0xD7, 0xFC, 0xD7, 0xFC, 0xD7, 0x08, 0x22, 0xA0, 0xC8, 0xA0, 0xC8, 0xA0, 0xC8,
  0xA0, 0xC8, 0xA0, 0xC8, 0xA0, 0xC8, 0x10, 0x45, 0x10, 0x45, 0x73, 0xD1, 0x73, 0xD1, 0x08, 0x22, 0xF9, 0x4D, 0x00, 0x00, 0x00, 0x00, 0x00, 0x00,
  0x48, 0x64, 0x98, 0xC8, 0x98, 0xC8, 0xF9, 0x4D, 0x08, 0x22, 0x73, 0xD1, 0x73, 0xD1, 0x10, 0x45, 0x10, 0x45, 0xA0, 0xC8, 0xA0, 0xC8, 0xA0, 0xC8,
  0xA0, 0xC8, 0xA0, 0xC8, 0xA0, 0xC8, 0x08, 0x22, 0xFC, 0xD7, 0xFC, 0xD7, 0xFC, 0xD7, 0xFC, 0xD7, 0xFC, 0xD7, 0xFC, 0xD7, 0xFC, 0xD7, 0xFC, 0xD7,
  0xFC, 0xD7, 0xFC, 0xD7, 0xFC, 0xD7, 0xFC, 0xD7, 0xFC, 0xD7, 0xFC, 0xD7, 0xFC, 0xD7, 0xFC, 0xD7, 0x08, 0x22, 0xA0, 0xC8, 0xA0, 0xC8, 0xA0, 0xC8,
  0xA0, 0xC8, 0xA0, 0xC8, 0xA0, 0xC8, 0x10, 0x45, 0x10, 0x45, 0x73, 0xD1, 0x73, 0xD1, 0x08, 0x22, 0xF9, 0x4D, 0x98, 0xC8, 0x98, 0xC8, 0x48, 0x64,
  0x00, 0x00, 0x00, 0x00, 0x00, 0x00, 0xF9, 0x4D, 0x08, 0x22, 0x73, 0xB0, 0x73, 0xB0, 0x18, 0x45, 0x18, 0x45, 0xA0, 0xC9, 0x18, 0x66, 0x18, 0x66,
  0x18, 0x66, 0x18, 0x66, 0x18, 0x66, 0x18, 0x66, 0x18, 0x66, 0x18, 0x66, 0x18, 0x66, 0x18, 0x66, 0x18, 0x66, 0x18, 0x66, 0x18, 0x66, 0x18, 0x66,
  0x18, 0x66, 0x18, 0x66, 0x18, 0x66, 0x18, 0x66, 0x18, 0x66, 0x18, 0x66, 0x18, 0x66, 0x18, 0x66, 0x18, 0x66, 0x18, 0x66, 0x18, 0x66, 0x18, 0x66,
  0x18, 0x66, 0x18, 0x66, 0xA0, 0xC9, 0x18, 0x45, 0x18, 0x45, 0x73, 0xB0, 0x73, 0xB0, 0x08, 0x22, 0xF9, 0x4D, 0x00, 0x00, 0x00, 0x00, 0x00, 0x00,
  0x00, 0x00, 0x00, 0x00, 0x00, 0x00, 0xF9, 0x4D, 0x08, 0x22, 0x73, 0xB0, 0x73, 0xB0, 0x18, 0x45, 0x18, 0x45, 0xC0, 0xEA, 0xC0, 0xEA, 0xC0, 0xEA,
  0xC0, 0xEA, 0xC0, 0xEA, 0xC0, 0xEA, 0x08, 0x22, 0x08, 0x22, 0xFC, 0xB6, 0xFC, 0xB6, 0xFC, 0xB6, 0xFC, 0xB6, 0xFC, 0xB6, 0xFC, 0xB6, 0xFC, 0xB6,
  0xFC, 0xB6, 0xFC, 0xB6, 0xFC, 0xB6, 0xFC, 0xB6, 0xFC, 0xB6, 0xFC, 0xB6, 0xFC, 0xB6, 0x08, 0x22, 0x08, 0x22, 0xC0, 0xEA, 0xC0, 0xEA, 0xC0, 0xEA,
  0xC0, 0xEA, 0xC0, 0xEA, 0xC0, 0xEA, 0x18, 0x45, 0x18, 0x45, 0x73, 0xB0, 0x73, 0xB0, 0x08, 0x22, 0xF9, 0x4D, 0x00, 0x00, 0x00, 0x00, 0x00, 0x00,
  0x48, 0x64, 0x98, 0xC8, 0x98, 0xC8, 0xF9, 0x4D, 0x08, 0x22, 0x73, 0xB0, 0x73, 0xB0, 0x18, 0x45, 0x18, 0x45, 0xC0, 0xEA, 0xC0, 0xEA, 0xC0, 0xEA,
  0xC0, 0xEA, 0xC0, 0xEA, 0xC0, 0xEA, 0x08, 0x22, 0x08, 0x22, 0xFC, 0xB6, 0xFC, 0xB6, 0xFC, 0xB6, 0xFC, 0xB6, 0xFC, 0xB6, 0xFC, 0xB6, 0xFC, 0xB6,
  0xFC, 0xB6, 0xFC, 0xB6, 0xFC, 0xB6, 0xFC, 0xB6, 0xFC, 0xB6, 0xFC, 0xB6, 0xFC, 0xB6, 0x08, 0x22, 0x08, 0x22, 0xC0, 0xEA, 0xC0, 0xEA, 0xC0, 0xEA,
  0xC0, 0xEA, 0xC0, 0xEA, 0xC0, 0xEA, 0x18, 0x45, 0x18, 0x45, 0x73, 0xB0, 0x73, 0xB0, 0x08, 0x22, 0xF9, 0x4D, 0x98, 0xC8, 0x98, 0xC8, 0x48, 0x64,
  0x00, 0x00, 0x00, 0x00, 0x00, 0x00, 0xF9, 0x4D, 0x08, 0x22, 0x6B, 0x90, 0x6B, 0x90, 0x18, 0x45, 0x18, 0x45, 0xA0, 0xC9, 0x28, 0x88, 0x28, 0x88,
  0x28, 0x88, 0x28, 0x88, 0x28, 0x88, 0x28, 0x88, 0x28, 0x88, 0x28, 0x88, 0x28, 0x88, 0x28, 0x88, 0x28, 0x88, 0x28, 0x88, 0x28, 0x88, 0x28, 0x88,
  0x28, 0x88, 0x28, 0x88, 0x28, 0x88, 0x28, 0x88, 0x28, 0x88, 0x28, 0x88, 0x28, 0x88, 0x28, 0x88, 0x28, 0x88, 0x28, 0x88, 0x28, 0x88, 0x28, 0x88,
  0x28, 0x88, 0x28, 0x88, 0xA0, 0xC9, 0x18, 0x45, 0x18, 0x45, 0x6B, 0x90, 0x6B, 0x90, 0x08, 0x22, 0xF9, 0x4D, 0x00, 0x00, 0x00, 0x00, 0x00, 0x00,
  0x00, 0x00, 0x00, 0x00, 0x00, 0x00, 0xF9, 0x4D, 0x08, 0x22, 0x6B, 0x90, 0x6B, 0x90, 0x18, 0x45, 0x18, 0x45, 0xC8, 0xEA, 0xC8, 0xEA, 0xC8, 0xEA,
  0xC8, 0xEA, 0xC8, 0xEA, 0xC8, 0xEA, 0xC8, 0xEA, 0x08, 0x22, 0x08, 0x22, 0x08, 0x22, 0x08, 0x22, 0x08, 0x22, 0x08, 0x22, 0x08, 0x22, 0x08, 0x22,
  0x08, 0x22, 0x08, 0x22, 0x08, 0x22, 0x08, 0x22, 0x08, 0x22, 0x08, 0x22, 0x08, 0x22, 0x08, 0x22, 0xC8, 0xEA, 0xC8, 0xEA, 0xC8, 0xEA, 0xC8, 0xEA,
  0xC8, 0xEA, 0xC8, 0xEA, 0xC8, 0xEA, 0x18, 0x45, 0x18, 0x45, 0x6B, 0x90, 0x6B, 0x90, 0x08, 0x22, 0xF9, 0x4D, 0x00, 0x00, 0x00, 0x00, 0x00, 0x00,
  0x48, 0x64, 0x98, 0xC8, 0x98, 0xC8, 0xF9, 0x4D, 0x08, 0x22, 0x6B, 0x90, 0x6B, 0x90, 0x18, 0x45, 0x18, 0x45, 0xC8, 0xEA, 0xC8, 0xEA, 0xC8, 0xEA,
  0xC8, 0xEA, 0xC8, 0xEA, 0xC8, 0xEA, 0xC8, 0xEA, 0x08, 0x22, 0x08, 0x22, 0x08, 0x22, 0x08, 0x22, 0x08, 0x22, 0x08, 0x22, 0x08, 0x22, 0x08, 0x22,
  0x08, 0x22, 0x08, 0x22, 0x08, 0x22, 0x08, 0x22, 0x08, 0x22, 0x08, 0x22, 0x08, 0x22, 0x08, 0x22, 0xC8, 0xEA, 0xC8, 0xEA, 0xC8, 0xEA, 0xC8, 0xEA,
  0xC8, 0xEA, 0xC8, 0xEA, 0xC8, 0xEA, 0x18, 0x45, 0x18, 0x45, 0x6B, 0x90, 0x6B, 0x90, 0x08, 0x22, 0xF9, 0x4D, 0x98, 0xC8, 0x98, 0xC8, 0x48, 0x64,
  0x00, 0x00, 0x00, 0x00, 0x00, 0x00, 0xF9, 0x4D, 0x08, 0x22, 0x6B, 0x6F, 0x6B, 0x6F, 0x18, 0x45, 0x18, 0x45, 0xA0, 0xC9, 0x28, 0x88, 0x28, 0x88,
  0x28, 0x88, 0x28, 0x88, 0x28, 0x88, 0x28, 0x88, 0x28, 0x88, 0x28, 0x88, 0x28, 0x88, 0x28, 0x88, 0x28, 0x88, 0x28, 0x88, 0x28, 0x88, 0x28, 0x88,
  0x28, 0x88, 0x28, 0x88, 0x28, 0x88, 0x28, 0x88, 0x28, 0x88, 0x28, 0x88, 0x28, 0x88, 0x28, 0x88, 0x28, 0x88, 0x28, 0x88, 0x28, 0x88, 0x28, 0x88,
  0x28, 0x88, 0x28, 0x88, 0xA0, 0xC9, 0x18, 0x45, 0x18, 0x45, 0x6B, 0x6F, 0x6B, 0x6F, 0x08, 0x22, 0xF9, 0x4D, 0x00, 0x00, 0x00, 0x00, 0x00, 0x00,
  0x00, 0x00, 0x00, 0x00, 0x00, 0x00, 0xF9, 0x4D, 0x08, 0x22, 0x6B, 0x6F, 0x6B, 0x6F, 0x18, 0x45, 0x18, 0x45, 0xB0, 0xE9, 0xB0, 0xE9, 0xB0, 0xE9,
  0xB0, 0xE9, 0xB0, 0xE9, 0xB0, 0xE9, 0xB0, 0xE9, 0xB0, 0xE9, 0xB0, 0xE9, 0xB0, 0xE9, 0xB0, 0xE9, 0xB0, 0xE9, 0xB0, 0xE9, 0xB0, 0xE9, 0xB0, 0xE9,
  0xB0, 0xE9, 0xB0, 0xE9, 0xB0, 0xE9, 0xB0, 0xE9, 0xB0, 0xE9, 0xB0, 0xE9, 0xB0, 0xE9, 0xB0, 0xE9, 0xB0, 0xE9, 0xB0, 0xE9, 0xB0, 0xE9, 0xB0, 0xE9,
  0xB0, 0xE9, 0xB0, 0xE9, 0xB0, 0xE9, 0x18, 0x45, 0x18, 0x45, 0x6B, 0x6F, 0x6B, 0x6F, 0x08, 0x22, 0xF9, 0x4D, 0x00, 0x00, 0x00, 0x00, 0x00, 0x00,
  0x48, 0x64, 0x98, 0xC8, 0x98, 0xC8, 0xF9, 0x4D, 0x08, 0x22, 0x6B, 0x6F, 0x6B, 0x6F, 0x18, 0x45, 0x18, 0x45, 0xB0, 0xE9, 0xB0, 0xE9, 0xB0, 0xE9,
  0xB0, 0xE9, 0xB0, 0xE9, 0xB0, 0xE9, 0xB0, 0xE9, 0xB0, 0xE9, 0xB0, 0xE9, 0xB0, 0xE9, 0xB0, 0xE9, 0xB0, 0xE9, 0xB0, 0xE9, 0xB0, 0xE9, 0xB0, 0xE9,
  0xB0, 0xE9, 0xB0, 0xE9, 0xB0, 0xE9, 0xB0, 0xE9, 0xB0, 0xE9, 0xB0, 0xE9, 0xB0, 0xE9, 0xB0, 0xE9, 0xB0, 0xE9, 0xB0, 0xE9, 0xB0, 0xE9, 0xB0, 0xE9,
  0xB0, 0xE9, 0xB0, 0xE9, 0xB0, 0xE9, 0x18, 0x45, 0x18, 0x45, 0x6B, 0x6F, 0x6B, 0x6F, 0x08, 0x22, 0xF9, 0x4D, 0x98, 0xC8, 0x98, 0xC8, 0x48, 0x64,
  0x00, 0x00, 0x00, 0x00, 0x00, 0x00, 0xF9, 0x4D, 0x08, 0x22, 0x63, 0x4F, 0x63, 0x4F, 0x18, 0x45, 0x18, 0x45, 0xA0, 0xC9, 0x20, 0x66, 0x20, 0x66,
  0x20, 0x66, 0x20, 0x66, 0x20, 0x66, 0x20, 0x66, 0x20, 0x66, 0x20, 0x66, 0x20, 0x66, 0x20, 0x66, 0x20, 0x66, 0x20, 0x66, 0x20, 0x66, 0x20, 0x66,
  0x20, 0x66, 0x20, 0x66, 0x20, 0x66, 0x20, 0x66, 0x20, 0x66, 0x20, 0x66, 0x20, 0x66, 0x20, 0x66, 0x20, 0x66, 0x20, 0x66, 0x20, 0x66, 0x20, 0x66,
  0x20, 0x66, 0x20, 0x66, 0xA0, 0xC9, 0x18, 0x45, 0x18, 0x45, 0x63, 0x4F, 0x63, 0x4F, 0x08, 0x22, 0xF9, 0x4D, 0x00, 0x00, 0x00, 0x00, 0x00, 0x00,
  0x00, 0x00, 0x00, 0x00, 0x00, 0x00, 0xF9, 0x4D, 0x08, 0x22, 0x63, 0x4F, 0x63, 0x4F, 0x18, 0x45, 0x18, 0x45, 0xD1, 0x0B, 0xD1, 0x0B, 0xD1, 0x0B,
  0xD1, 0x0B, 0xD1, 0x0B, 0xD1, 0x0B, 0xD1, 0x0B, 0xD1, 0x0B, 0xD1, 0x0B, 0xD1, 0x0B, 0xD1, 0x0B, 0xD1, 0x0B, 0xD1, 0x0B, 0xD1, 0x0B, 0xD1, 0x0B,
  0xD1, 0x0B, 0xD1, 0x0B, 0xD1, 0x0B, 0xD1, 0x0B, 0xD1, 0x0B, 0xD1, 0x0B, 0xD1, 0x0B, 0xD1, 0x0B, 0xD1, 0x0B, 0xD1, 0x0B, 0xD1, 0x0B, 0xD1, 0x0B,
  0xD1, 0x0B, 0xD1, 0x0B, 0xD1, 0x0B, 0x18, 0x45, 0x18, 0x45, 0x63, 0x4F, 0x63, 0x4F, 0x08, 0x22, 0xF9, 0x4D, 0x00, 0x00, 0x00, 0x00, 0x00, 0x00,
  0x48, 0x64, 0x98, 0xC8, 0x98, 0xC8, 0xF9, 0x4D, 0x08, 0x22, 0x63, 0x4F, 0x63, 0x4F, 0x18, 0x45, 0x18, 0x45, 0xD1, 0x0B, 0xD1, 0x0B, 0xD1, 0x0B,
  0xD1, 0x0B, 0xD1, 0x0B, 0xD1, 0x0B, 0xD1, 0x0B, 0xD1, 0x0B, 0xD1, 0x0B, 0xD1, 0x0B, 0xD1, 0x0B, 0xD1, 0x0B, 0xD1, 0x0B, 0xD1, 0x0B, 0xD1, 0x0B,
  0xD1, 0x0B, 0xD1, 0x0B, 0xD1, 0x0B, 0xD1, 0x0B, 0xD1, 0x0B, 0xD1, 0x0B, 0xD1, 0x0B, 0xD1, 0x0B, 0xD1, 0x0B, 0xD1, 0x0B, 0xD1, 0x0B, 0xD1, 0x0B,
  0xD1, 0x0B, 0xD1, 0x0B, 0xD1, 0x0B, 0x18, 0x45, 0x18, 0x45, 0x63, 0x4F, 0x63, 0x4F, 0x08, 0x22, 0xF9, 0x4D, 0x98, 0xC8, 0x98, 0xC8, 0x48, 0x64,
  0x00, 0x00, 0x00, 0x00, 0x00, 0x00, 0xF9, 0x4D, 0x08, 0x22, 0x63, 0x2E, 0x63, 0x2E, 0x18, 0x45, 0x18, 0x45, 0xA0, 0xC9, 0x28, 0x88, 0x28, 0x88,
  0x28, 0x88, 0x28, 0x88, 0x28, 0x88, 0x28, 0x88, 0x28, 0x88, 0x28, 0x88, 0x28, 0x88, 0x28, 0x88, 0x28, 0x88, 0x28, 0x88, 0x28, 0x88, 0x28, 0x88,
  0x28, 0x88, 0x28, 0x88, 0x28, 0x88, 0x28, 0x88, 0x28, 0x88, 0x28, 0x88, 0x28, 0x88, 0x28, 0x88, 0x28, 0x88, 0x28, 0x88, 0x28, 0x88, 0x28, 0x88,
  0x28, 0x88, 0x28, 0x88, 0xA0, 0xC9, 0x18, 0x45, 0x18, 0x45, 0x63, 0x2E, 0x63, 0x2E, 0x08, 0x22, 0xF9, 0x4D, 0x00, 0x00, 0x00, 0x00, 0x00, 0x00,
  0x00, 0x00, 0x00, 0x00, 0x00, 0x00, 0xF9, 0x4D, 0x08, 0x22, 0x63, 0x2E, 0x63, 0x2E, 0x18, 0x45, 0x18, 0x45, 0xD9, 0x0B, 0xD9, 0x0B, 0xD9, 0x0B,
  0xD9, 0x0B, 0xD9, 0x0B, 0xD9, 0x0B, 0xD9, 0x0B, 0xD9, 0x0B, 0xD9, 0x0B, 0xD9, 0x0B, 0xD9, 0x0B, 0xD9, 0x0B, 0xD9, 0x0B, 0xD9, 0x0B, 0xD9, 0x0B,
  0xD9, 0x0B, 0xD9, 0x0B, 0xD9, 0x0B, 0xD9, 0x0B, 0xD9, 0x0B, 0xD9, 0x0B, 0xD9, 0x0B, 0xD9, 0x0B, 0xD9, 0x0B, 0xD9, 0x0B, 0xD9, 0x0B, 0xD9, 0x0B,
  0xD9, 0x0B, 0xD9, 0x0B, 0xD9, 0x0B, 0x18, 0x45, 0x18, 0x45, 0x63, 0x2E, 0x63, 0x2E, 0x08, 0x22, 0xF9, 0x4D, 0x00, 0x00, 0x00, 0x00, 0x00, 0x00,
  0x48, 0x64, 0x98, 0xC8, 0x98, 0xC8, 0xF9, 0x4D, 0x08, 0x22, 0x63, 0x2E, 0x63, 0x2E, 0x18, 0x45, 0x18, 0x45, 0xD9, 0x0B, 0xD9, 0x0B, 0xD9, 0x0B,
  0xD9, 0x0B, 0xD9, 0x0B, 0xD9, 0x0B, 0xD9, 0x0B, 0xD9, 0x0B, 0xD9, 0x0B, 0xD9, 0x0B, 0xD9, 0x0B, 0xD9, 0x0B, 0xD9, 0x0B, 0xD9, 0x0B, 0xD9, 0x0B,
  0xD9, 0x0B, 0xD9, 0x0B, 0xD9, 0x0B, 0xD9, 0x0B, 0xD9, 0x0B, 0xD9, 0x0B, 0xD9, 0x0B, 0xD9, 0x0B, 0xD9, 0x0B, 0xD9, 0x0B, 0xD9, 0x0B, 0xD9, 0x0B,
  0xD9, 0x0B, 0xD9, 0x0B, 0xD9, 0x0B, 0x18, 0x45, 0x18, 0x45, 0x63, 0x2E, 0x63, 0x2E, 0x08, 0x22, 0xF9, 0x4D, 0x98, 0xC8, 0x98, 0xC8, 0x48, 0x64,
  0x00, 0x00, 0x00, 0x00, 0x00, 0x00, 0xF9, 0x4D, 0x08, 0x22, 0x5B, 0x0E, 0x5B, 0x0E, 0x18, 0x46, 0x18, 0x46, 0xA0, 0xC9, 0x28, 0x88, 0x28, 0x88,
  0x28, 0x88, 0x28, 0x88, 0x28, 0x88, 0x28, 0x88, 0x28, 0x88, 0x28, 0x88, 0x28, 0x88, 0x28, 0x88, 0x28, 0x88, 0x28, 0x88, 0x28, 0x88, 0x28, 0x88,
  0x28, 0x88, 0x28, 0x88, 0x28, 0x88, 0x28, 0x88, 0x28, 0x88, 0x28, 0x88, 0x28, 0x88, 0x28, 0x88, 0x28, 0x88, 0x28, 0x88, 0x28, 0x88, 0x28, 0x88,
  0x28, 0x88, 0x28, 0x88, 0xA0, 0xC9, 0x18, 0x46, 0x18, 0x46, 0x5B, 0x0E, 0x5B, 0x0E, 0x08, 0x22, 0xF9, 0x4D, 0x00, 0x00, 0x00, 0x00, 0x00, 0x00,
  0x00, 0x00, 0x00, 0x00, 0x00, 0x00, 0xF9, 0x4D, 0x08, 0x22, 0x5B, 0x0E, 0x5B, 0x0E, 0x18, 0x46, 0x18, 0x46, 0xC8, 0xEA, 0xC8, 0xEA, 0xC8, 0xEA,
  0xC8, 0xEA, 0xC8, 0xEA, 0xC8, 0xEA, 0xC8, 0xEA, 0xC8, 0xEA, 0xC8, 0xEA, 0xC8, 0xEA, 0xC8, 0xEA, 0xC8, 0xEA, 0xC8, 0xEA, 0xC8, 0xEA, 0xC8, 0xEA,
  0xC8, 0xEA, 0xC8, 0xEA, 0xC8, 0xEA, 0xC8, 0xEA, 0xC8, 0xEA, 0xC8, 0xEA, 0xC8, 0xEA, 0xC8, 0xEA, 0xC8, 0xEA, 0xC8, 0xEA, 0xC8, 0xEA, 0xC8, 0xEA,
  0xC8, 0xEA, 0xC8, 0xEA, 0xC8, 0xEA, 0x18, 0x46, 0x18, 0x46, 0x5B, 0x0E, 0x5B, 0x0E, 0x08, 0x22, 0xF9, 0x4D, 0x00, 0x00, 0x00, 0x00, 0x00, 0x00,
  0x48, 0x64, 0x98, 0xC8, 0x98, 0xC8, 0xF9, 0x4D, 0x08, 0x22, 0x5B, 0x0E, 0x5B, 0x0E, 0x18, 0x46, 0x18, 0x46, 0xC8, 0xEA, 0xC8, 0xEA, 0xC8, 0xEA,
  0xC8, 0xEA, 0xC8, 0xEA, 0xC8, 0xEA, 0xC8, 0xEA, 0xC8, 0xEA, 0xC8, 0xEA, 0xC8, 0xEA, 0xC8, 0xEA, 0xC8, 0xEA, 0xC8, 0xEA, 0xC8, 0xEA, 0xC8, 0xEA,
  0xC8, 0xEA, 0xC8, 0xEA, 0xC8, 0xEA, 0xC8, 0xEA, 0xC8, 0xEA, 0xC8, 0xEA, 0xC8, 0xEA, 0xC8, 0xEA, 0xC8, 0xEA, 0xC8, 0xEA, 0xC8, 0xEA, 0xC8, 0xEA,
  0xC8, 0xEA, 0xC8, 0xEA, 0xC8, 0xEA, 0x18, 0x46, 0x18, 0x46, 0x5B, 0x0E, 0x5B, 0x0E, 0x08, 0x22, 0xF9, 0x4D, 0x98, 0xC8, 0x98, 0xC8, 0x48, 0x64,
  0x00, 0x00, 0x00, 0x00, 0x00, 0x00, 0xF9, 0x4D, 0x08, 0x22, 0x5A, 0xED, 0x5A, 0xED, 0x18, 0x46, 0x18, 0x46, 0xA0, 0xC9, 0x88, 0xA7, 0x20, 0x67,
  0x20, 0x67, 0x20, 0x67, 0x20, 0x67, 0x20, 0x67, 0x20, 0x67, 0x20, 0x67, 0x20, 0x67, 0x20, 0x67, 0x20, 0x67, 0x20, 0x67, 0x20, 0x67, 0x20, 0x67,
  0x20, 0x67, 0x20, 0x67, 0x20, 0x67, 0x20, 0x67, 0x20, 0x67, 0x20, 0x67, 0x20, 0x67, 0x20, 0x67, 0x20, 0x67, 0x20, 0x67, 0x20, 0x67, 0x20, 0x67,
  0x20, 0x67, 0x88, 0xA7, 0xA0, 0xC9, 0x18, 0x46, 0x18, 0x46, 0x5A, 0xED, 0x5A, 0xED, 0x08, 0x22, 0xF9, 0x4D, 0x00, 0x00, 0x00, 0x00, 0x00, 0x00,
  0x00, 0x00, 0x00, 0x00, 0x00, 0x00, 0xF9, 0x4D, 0x08, 0x22, 0x5A, 0xED, 0x5A, 0xED, 0x18, 0x46, 0x18, 0x46, 0xE9, 0x2C, 0xE9, 0x2C, 0xE9, 0x2C,
  0xE9, 0x2C, 0xE9, 0x2C, 0xE9, 0x2C, 0xE9, 0x2C, 0xE9, 0x2C, 0xE9, 0x2C, 0xE9, 0x2C, 0xE9, 0x2C, 0xE9, 0x2C, 0xE9, 0x2C, 0xE9, 0x2C, 0xE9, 0x2C,
  0xE9, 0x2C, 0xE9, 0x2C, 0xE9, 0x2C, 0xE9, 0x2C, 0xE9, 0x2C, 0xE9, 0x2C, 0xE9, 0x2C, 0xE9, 0x2C, 0xE9, 0x2C, 0xE9, 0x2C, 0xE9, 0x2C, 0xE9, 0x2C,
  0xE9, 0x2C, 0xE9, 0x2C, 0xE9, 0x2C, 0x18, 0x46, 0x18, 0x46, 0x5A, 0xED, 0x5A, 0xED, 0x08, 0x22, 0xF9, 0x4D, 0x00, 0x00, 0x00, 0x00, 0x00, 0x00,
  0x48, 0x64, 0x98, 0xC8, 0x98, 0xC8, 0xF9, 0x4D, 0x08, 0x22, 0x5A, 0xED, 0x5A, 0xED, 0x18, 0x46, 0x18, 0x46, 0xE9, 0x2C, 0xE9, 0x2C, 0xE9, 0x2C,
  0xE9, 0x2C, 0xE9, 0x2C, 0xE9, 0x2C, 0xE9, 0x2C, 0xE9, 0x2C, 0xE9, 0x2C, 0xE9, 0x2C, 0xE9, 0x2C, 0xE9, 0x2C, 0xE9, 0x2C, 0xE9, 0x2C, 0xE9, 0x2C,
  0xE9, 0x2C, 0xE9, 0x2C, 0xE9, 0x2C, 0xE9, 0x2C, 0xE9, 0x2C, 0xE9, 0x2C, 0xE9, 0x2C, 0xE9, 0x2C, 0xE9, 0x2C, 0xE9, 0x2C, 0xE9, 0x2C, 0xE9, 0x2C,
  0xE9, 0x2C, 0xE9, 0x2C, 0xE9, 0x2C, 0x18, 0x46, 0x18, 0x46, 0x5A, 0xED, 0x5A, 0xED, 0x08, 0x22, 0xF9, 0x4D, 0x98, 0xC8, 0x98, 0xC8, 0x48, 0x64,
  0x00, 0x00, 0x00, 0x00, 0x00, 0x00, 0xF9, 0x4D, 0x08, 0x22, 0x52, 0xCD, 0x52, 0xCD, 0x18, 0x46, 0x18, 0x46, 0x18, 0x46, 0xA0, 0xC9, 0xA0, 0xC9,
  0xA0, 0xC9, 0xA0, 0xC9, 0xA0, 0xC9, 0xA0, 0xC9, 0xA0, 0xC9, 0xA0, 0xC9, 0xA0, 0xC9, 0xA0, 0xC9, 0xA0, 0xC9, 0xA0, 0xC9, 0xA0, 0xC9, 0xA0, 0xC9,
  0xA0, 0xC9, 0xA0, 0xC9, 0xA0, 0xC9, 0xA0, 0xC9, 0xA0, 0xC9, 0xA0, 0xC9, 0xA0, 0xC9, 0xA0, 0xC9, 0xA0, 0xC9, 0xA0, 0xC9, 0xA0, 0xC9, 0xA0, 0xC9,
  0xA0, 0xC9, 0xA0, 0xC9, 0x18, 0x46, 0x18, 0x46, 0x18, 0x46, 0x52, 0xCD, 0x52, 0xCD, 0x08, 0x22, 0xF9, 0x4D, 0x00, 0x00, 0x00, 0x00, 0x00, 0x00,
  0x00, 0x00, 0x00, 0x00, 0x00, 0x00, 0xF9, 0x4D, 0x08, 0x22, 0x52, 0xCD, 0x52, 0xCD, 0x18, 0x46, 0x18, 0x46, 0x18, 0x46, 0xF1, 0x2D, 0xF1, 0x2D,
  0xF1, 0x2D, 0xF1, 0x2D, 0xF1, 0x2D, 0xF1, 0x2D, 0xF1, 0x2D, 0xF1, 0x2D, 0xF1, 0x2D, 0xF1, 0x2D, 0xF1, 0x2D, 0xF1, 0x2D, 0xF1, 0x2D, 0xF1, 0x2D,
  0xF1, 0x2D, 0xF1, 0x2D, 0xF1, 0x2D, 0xF1, 0x2D, 0xF1, 0x2D, 0xF1, 0x2D, 0xF1, 0x2D, 0xF1, 0x2D, 0xF1, 0x2D, 0xF1, 0x2D, 0xF1, 0x2D, 0xF1, 0x2D,
  0xF1, 0x2D, 0xF1, 0x2D, 0x18, 0x46, 0x18, 0x46, 0x18, 0x46, 0x52, 0xCD, 0x52, 0xCD, 0x08, 0x22, 0xF9, 0x4D, 0x00, 0x00, 0x00, 0x00, 0x00, 0x00,
  0x48, 0x64, 0x98, 0xC8, 0x98, 0xC8, 0xF9, 0x4D, 0x08, 0x22, 0x52, 0xCD, 0x52, 0xCD, 0x18, 0x46, 0x18, 0x46, 0x18, 0x46, 0xF1, 0x2D, 0xF1, 0x2D,
  0xF1, 0x2D, 0xF1, 0x2D, 0xF1, 0x2D, 0xF1, 0x2D, 0xF1, 0x2D, 0xF1, 0x2D, 0xF1, 0x2D, 0xF1, 0x2D, 0xF1, 0x2D, 0xF1, 0x2D, 0xF1, 0x2D, 0xF1, 0x2D,
  0xF1, 0x2D, 0xF1, 0x2D, 0xF1, 0x2D, 0xF1, 0x2D, 0xF1, 0x2D, 0xF1, 0x2D, 0xF1, 0x2D, 0xF1, 0x2D, 0xF1, 0x2D, 0xF1, 0x2D, 0xF1, 0x2D, 0xF1, 0x2D,
  0xF1, 0x2D, 0xF1, 0x2D, 0x18, 0x46, 0x18, 0x46, 0x18, 0x46, 0x52, 0xCD, 0x52, 0xCD, 0x08, 0x22, 0xF9, 0x4D, 0x98, 0xC8, 0x98, 0xC8, 0x48, 0x64,
  0x00, 0x00, 0x00, 0x00, 0x00, 0x00, 0xF9, 0x4D, 0x08, 0x22, 0x52, 0xAC, 0x52, 0xAC, 0x52, 0xAC, 0x18, 0x66, 0x18, 0x66, 0x18, 0x66, 0x18, 0x66,
  0x18, 0x66, 0x18, 0x66, 0x18, 0x66, 0x18, 0x66, 0x18, 0x66, 0x18, 0x66, 0x18, 0x66, 0x18, 0x66, 0x18, 0x66, 0x18, 0x66, 0x18, 0x66, 0x18, 0x66,
  0x18, 0x66, 0x18, 0x66, 0x18, 0x66, 0x18, 0x66, 0x18, 0x66, 0x18, 0x66, 0x18, 0x66, 0x18, 0x66, 0x18, 0x66, 0x18, 0x66, 0x18, 0x66, 0x18, 0x66,
  0x18, 0x66, 0x18, 0x66, 0x18, 0x66, 0x18, 0x66, 0x52, 0xAC, 0x52, 0xAC, 0x52, 0xAC, 0x08, 0x22, 0xF9, 0x4D, 0x00, 0x00, 0x00, 0x00, 0x00, 0x00,
  0x00, 0x00, 0x00, 0x00, 0x00, 0x00, 0xF9, 0x4D, 0x08, 0x22, 0x52, 0xAC, 0x52, 0xAC, 0x52, 0xAC, 0x18, 0x66, 0x18, 0x66, 0x18, 0x66, 0x18, 0x66,
  0x18, 0x66, 0x18, 0x66, 0x18, 0x66, 0x18, 0x66, 0x18, 0x66, 0x18, 0x66, 0x18, 0x66, 0x18, 0x66, 0x18, 0x66, 0x18, 0x66, 0x18, 0x66, 0x18, 0x66,
  0x18, 0x66, 0x18, 0x66, 0x18, 0x66, 0x18, 0x66, 0x18, 0x66, 0x18, 0x66, 0x18, 0x66, 0x18, 0x66, 0x18, 0x66, 0x18, 0x66, 0x18, 0x66, 0x18, 0x66,
  0x18, 0x66, 0x18, 0x66, 0x18, 0x66, 0x18, 0x66, 0x52, 0xAC, 0x52, 0xAC, 0x52, 0xAC, 0x08, 0x22, 0xF9, 0x4D, 0x00, 0x00, 0x00, 0x00, 0x00, 0x00,
  0x48, 0x64, 0x98, 0xC8, 0x98, 0xC8, 0xF9, 0x4D, 0x08, 0x22, 0x52, 0xAC, 0x52, 0xAC, 0x52, 0xAC, 0x18, 0x66, 0x18, 0x66, 0x18, 0x66, 0x18, 0x66,
  0x18, 0x66, 0x18, 0x66, 0x18, 0x66, 0x18, 0x66, 0x18, 0x66, 0x18, 0x66, 0x18, 0x66, 0x18, 0x66, 0x18, 0x66, 0x18, 0x66, 0x18, 0x66, 0x18, 0x66,
  0x18, 0x66, 0x18, 0x66, 0x18, 0x66, 0x18, 0x66, 0x18, 0x66, 0x18, 0x66, 0x18, 0x66, 0x18, 0x66, 0x18, 0x66, 0x18, 0x66, 0x18, 0x66, 0x18, 0x66,
  0x18, 0x66, 0x18, 0x66, 0x18, 0x66, 0x18, 0x66, 0x52, 0xAC, 0x52, 0xAC, 0x52, 0xAC, 0x08, 0x22, 0xF9, 0x4D, 0x98, 0xC8, 0x98, 0xC8, 0x48, 0x64,
  0x00, 0x00, 0x00, 0x00, 0x00, 0x00, 0xF9, 0x4D, 0x08, 0x22, 0x08, 0x22, 0x4A, 0x8C, 0x4A, 0x8C, 0x4A, 0x8C, 0x18, 0x66, 0x18, 0x66, 0x18, 0x66,
  0x18, 0x66, 0x18, 0x66, 0x18, 0x66, 0x18, 0x66, 0x18, 0x66, 0x18, 0x66, 0x18, 0x66, 0x18, 0x66, 0x18, 0x66, 0x18, 0x66, 0x18, 0x66, 0x18, 0x66,
  0x18, 0x66, 0x18, 0x66, 0x18, 0x66, 0x18, 0x66, 0x18, 0x66, 0x18, 0x66, 0x18, 0x66, 0x18, 0x66, 0x18, 0x66, 0x18, 0x66, 0x18, 0x66, 0x18, 0x66,
  0x18, 0x66, 0x18, 0x66, 0x18, 0x66, 0x4A, 0x8C, 0x4A, 0x8C, 0x4A, 0x8C, 0x08, 0x22, 0x08, 0x22, 0xF9, 0x4D, 0x00, 0x00, 0x00, 0x00, 0x00, 0x00,
  0x00, 0x00, 0x00, 0x00, 0x00, 0x00, 0xF9, 0x4D, 0x08, 0x22, 0x08, 0x22, 0x4A, 0x8C, 0x4A, 0x8C, 0x4A, 0x8C, 0x18, 0x66, 0x18, 0x66, 0x18, 0x66,
  0x18, 0x66, 0x18, 0x66, 0x18, 0x66, 0x18, 0x66, 0x18, 0x66, 0x18, 0x66, 0x18, 0x66, 0x18, 0x66, 0x18, 0x66, 0x18, 0x66, 0x18, 0x66, 0x18, 0x66,
  0x18, 0x66, 0x18, 0x66, 0x18, 0x66, 0x18, 0x66, 0x18, 0x66, 0x18, 0x66, 0x18, 0x66, 0x18, 0x66, 0x18, 0x66, 0x18, 0x66, 0x18, 0x66, 0x18, 0x66,
  0x18, 0x66, 0x18, 0x66, 0x18, 0x66, 0x4A, 0x8C, 0x4A, 0x8C, 0x4A, 0x8C, 0x08, 0x22, 0x08, 0x22, 0xF9, 0x4D, 0x00, 0x00, 0x00, 0x00, 0x00, 0x00,
  0x48, 0x64, 0x98, 0xC8, 0x98, 0xC8, 0xF9, 0x4D, 0x08, 0x22, 0x08, 0x22, 0x4A, 0x8C, 0x4A, 0x8C, 0x4A, 0x8C, 0x18, 0x66, 0x18, 0x66, 0x18, 0x66,
  0x18, 0x66, 0x18, 0x66, 0x18, 0x66, 0x18, 0x66, 0x18, 0x66, 0x18, 0x66, 0x18, 0x66, 0x18, 0x66, 0x18, 0x66, 0x18, 0x66, 0x18, 0x66, 0x18, 0x66,
  0x18, 0x66, 0x18, 0x66, 0x18, 0x66, 0x18, 0x66, 0x18, 0x66, 0x18, 0x66, 0x18, 0x66, 0x18, 0x66, 0x18, 0x66, 0x18, 0x66, 0x18, 0x66, 0x18, 0x66,
  0x18, 0x66, 0x18, 0x66, 0x18, 0x66, 0x4A, 0x8C, 0x4A, 0x8C, 0x4A, 0x8C, 0x08, 0x22, 0x08, 0x22, 0xF9, 0x4D, 0x98, 0xC8, 0x98, 0xC8, 0x48, 0x64,
  0x00, 0x00, 0x00, 0x00, 0x00, 0x00, 0xF9, 0x4D, 0xF9, 0x4D, 0x08, 0x22, 0x4A, 0x6B, 0x4A, 0x6B, 0x4A, 0x6B, 0x4A, 0x6B, 0x4A, 0x6B, 0x4A, 0x6B,
  0x4A, 0x6B, 0x4A, 0x6B, 0x4A, 0x6B, 0x4A, 0x6B, 0x4A, 0x6B, 0x4A, 0x6B, 0x4A, 0x6B, 0x4A, 0x6B, 0x4A, 0x6B, 0x4A, 0x6B, 0x4A, 0x6B, 0x4A, 0x6B,
  0x4A, 0x6B, 0x4A, 0x6B, 0x4A, 0x6B, 0x4A, 0x6B, 0x4A, 0x6B, 0x4A, 0x6B, 0x4A, 0x6B, 0x4A, 0x6B, 0x4A, 0x6B, 0x4A, 0x6B, 0x4A, 0x6B, 0x4A, 0x6B,
  0x4A, 0x6B, 0x4A, 0x6B, 0x4A, 0x6B, 0x4A, 0x6B, 0x4A, 0x6B, 0x4A, 0x6B, 0x08, 0x22, 0xF9, 0x4D, 0xF9, 0x4D, 0x00, 0x00, 0x00, 0x00, 0x00, 0x00,
  0x00, 0x00, 0x00, 0x00, 0x00, 0x00, 0xF9, 0x4D, 0xF9, 0x4D, 0x08, 0x22, 0x4A, 0x6B, 0x4A, 0x6B, 0x4A, 0x6B, 0x4A, 0x6B, 0x4A, 0x6B, 0x4A, 0x6B,
  0x4A, 0x6B, 0x4A, 0x6B, 0x4A, 0x6B, 0x4A, 0x6B, 0x4A, 0x6B, 0x4A, 0x6B, 0x4A, 0x6B, 0x4A, 0x6B, 0x4A, 0x6B, 0x4A, 0x6B, 0x4A, 0x6B, 0x4A, 0x6B,
  0x4A, 0x6B, 0x4A, 0x6B, 0x4A, 0x6B, 0x4A, 0x6B, 0x4A, 0x6B, 0x4A, 0x6B, 0x4A, 0x6B, 0x4A, 0x6B, 0x4A, 0x6B, 0x4A, 0x6B, 0x4A, 0x6B, 0x4A, 0x6B,
  0x4A, 0x6B, 0x4A, 0x6B, 0x4A, 0x6B, 0x4A, 0x6B, 0x4A, 0x6B, 0x4A, 0x6B, 0x08, 0x22, 0xF9, 0x4D, 0xF9, 0x4D, 0x00, 0x00, 0x00, 0x00, 0x00, 0x00,
  0x48, 0x64, 0x98, 0xC8, 0x98, 0xC8, 0xF9, 0x4D, 0xF9, 0x4D, 0x08, 0x22, 0x4A, 0x6B, 0x4A, 0x6B, 0x4A, 0x6B, 0x4A, 0x6B, 0x4A, 0x6B, 0x4A, 0x6B,
  0x4A, 0x6B, 0x4A, 0x6B, 0x4A, 0x6B, 0x4A, 0x6B, 0x4A, 0x6B, 0x4A, 0x6B, 0x4A, 0x6B, 0x4A, 0x6B, 0x4A, 0x6B, 0x4A, 0x6B, 0x4A, 0x6B, 0x4A, 0x6B,
  0x4A, 0x6B, 0x4A, 0x6B, 0x4A, 0x6B, 0x4A, 0x6B, 0x4A, 0x6B, 0x4A, 0x6B, 0x4A, 0x6B, 0x4A, 0x6B, 0x4A, 0x6B, 0x4A, 0x6B, 0x4A, 0x6B, 0x4A, 0x6B,
  0x4A, 0x6B, 0x4A, 0x6B, 0x4A, 0x6B, 0x4A, 0x6B, 0x4A, 0x6B, 0x4A, 0x6B, 0x08, 0x22, 0xF9, 0x4D, 0xF9, 0x4D, 0x98, 0xC8, 0x98, 0xC8, 0x48, 0x64,
  0x00, 0x00, 0x00, 0x00, 0x00, 0x00, 0x00, 0x00, 0xF9, 0x4D, 0x08, 0x22, 0x08, 0x22, 0x08, 0x22, 0x42, 0x4B, 0x42, 0x4B, 0x42, 0x4B, 0x42, 0x4B,
  0x42, 0x4B, 0x42, 0x4B, 0x42, 0x4B, 0x42, 0x4B, 0x42, 0x4B, 0x42, 0x4B, 0x42, 0x4B, 0x42, 0x4B, 0x42, 0x4B, 0x42, 0x4B, 0x42, 0x4B, 0x42, 0x4B,
  0x42, 0x4B, 0x42, 0x4B, 0x42, 0x4B, 0x42, 0x4B, 0x42, 0x4B, 0x42, 0x4B, 0x42, 0x4B, 0x42, 0x4B, 0x42, 0x4B, 0x42, 0x4B, 0x42, 0x4B, 0x42, 0x4B,
  0x42, 0x4B, 0x42, 0x4B, 0x42, 0x4B, 0x42, 0x4B, 0x08, 0x22, 0x08, 0x22, 0x08, 0x22, 0xF9, 0x4D, 0x00, 0x00, 0x00, 0x00, 0x00, 0x00, 0x00, 0x00,
  0x00, 0x00, 0x00, 0x00, 0x00, 0x00, 0x00, 0x00, 0xF9, 0x4D, 0x08, 0x22, 0x08, 0x22, 0x08, 0x22, 0x42, 0x4B, 0x42, 0x4B, 0x42, 0x4B, 0x42, 0x4B,
  0x42, 0x4B, 0x42, 0x4B, 0x42, 0x4B, 0x42, 0x4B, 0x42, 0x4B, 0x42, 0x4B, 0x42, 0x4B, 0x42, 0x4B, 0x42, 0x4B, 0x42, 0x4B, 0x42, 0x4B, 0x42, 0x4B,
  0x42, 0x4B, 0x42, 0x4B, 0x42, 0x4B, 0x42, 0x4B, 0x42, 0x4B, 0x42, 0x4B, 0x42, 0x4B, 0x42, 0x4B, 0x42, 0x4B, 0x42, 0x4B, 0x42, 0x4B, 0x42, 0x4B,
  0x42, 0x4B, 0x42, 0x4B, 0x42, 0x4B, 0x42, 0x4B, 0x08, 0x22, 0x08, 0x22, 0x08, 0x22, 0xF9, 0x4D, 0x00, 0x00, 0x00, 0x00, 0x00, 0x00, 0x00, 0x00,
  0x48, 0x64, 0x98, 0xC8, 0x98, 0xC8, 0x98, 0xC8, 0xF9, 0x4D, 0x08, 0x22, 0x08, 0x22, 0x08, 0x22, 0x42, 0x4B, 0x42, 0x4B, 0x42, 0x4B, 0x42, 0x4B,
  0x42, 0x4B, 0x42, 0x4B, 0x42, 0x4B, 0x42, 0x4B, 0x42, 0x4B, 0x42, 0x4B, 0x42, 0x4B, 0x42, 0x4B, 0x42, 0x4B, 0x42, 0x4B, 0x42, 0x4B, 0x42, 0x4B,
  0x42, 0x4B, 0x42, 0x4B, 0x42, 0x4B, 0x42, 0x4B, 0x42, 0x4B, 0x42, 0x4B, 0x42, 0x4B, 0x42, 0x4B, 0x42, 0x4B, 0x42, 0x4B, 0x42, 0x4B, 0x42, 0x4B,
  0x42, 0x4B, 0x42, 0x4B, 0x42, 0x4B, 0x42, 0x4B, 0x08, 0x22, 0x08, 0x22, 0x08, 0x22, 0xF9, 0x4D, 0x98, 0xC8, 0x98, 0xC8, 0x98, 0xC8, 0x48, 0x64,
  0x00, 0x00, 0x00, 0x00, 0x00, 0x00, 0x00, 0x00, 0x00, 0x00, 0xF9, 0x4D, 0xF9, 0x4D, 0x08, 0x22, 0x08, 0x22, 0x08, 0x22, 0x08, 0x22, 0x08, 0x22,
  0x08, 0x22, 0x08, 0x22, 0x08, 0x22, 0x08, 0x22, 0x08, 0x22, 0x08, 0x22, 0x08, 0x22, 0x08, 0x22, 0x08, 0x22, 0x08, 0x22, 0x08, 0x22, 0x08, 0x22,
  0x08, 0x22, 0x08, 0x22, 0x08, 0x22, 0x08, 0x22, 0x08, 0x22, 0x08, 0x22, 0x08, 0x22, 0x08, 0x22, 0x08, 0x22, 0x08, 0x22, 0x08, 0x22, 0x08, 0x22,
  0x08, 0x22, 0x08, 0x22, 0x08, 0x22, 0x08, 0x22, 0x08, 0x22, 0xF9, 0x4D, 0xF9, 0x4D, 0x00, 0x00, 0x00, 0x00, 0x00, 0x00, 0x00, 0x00, 0x00, 0x00,
  0x00, 0x00, 0x00, 0x00, 0x00, 0x00, 0x00, 0x00, 0x00, 0x00, 0xF9, 0x4D, 0xF9, 0x4D, 0x08, 0x22, 0x08, 0x22, 0x08, 0x22, 0x08, 0x22, 0x08, 0x22,
  0x08, 0x22, 0x08, 0x22, 0x08, 0x22, 0x08, 0x22, 0x08, 0x22, 0x08, 0x22, 0x08, 0x22, 0x08, 0x22, 0x08, 0x22, 0x08, 0x22, 0x08, 0x22, 0x08, 0x22,
  0x08, 0x22, 0x08, 0x22, 0x08, 0x22, 0x08, 0x22, 0x08, 0x22, 0x08, 0x22, 0x08, 0x22, 0x08, 0x22, 0x08, 0x22, 0x08, 0x22, 0x08, 0x22, 0x08, 0x22,
  0x08, 0x22, 0x08, 0x22, 0x08, 0x22, 0x08, 0x22, 0x08, 0x22, 0xF9, 0x4D, 0xF9, 0x4D, 0x00, 0x00, 0x00, 0x00, 0x00, 0x00, 0x00, 0x00, 0x00, 0x00,
  0x00, 0x00, 0x48, 0x64, 0x98, 0xC8, 0x98, 0xC8, 0x98, 0xC8, 0xF9, 0x4D, 0xF9, 0x4D, 0x08, 0x22, 0x08, 0x22, 0x08, 0x22, 0x08, 0x22, 0x08, 0x22,
  0x08, 0x22, 0x08, 0x22, 0x08, 0x22, 0x08, 0x22, 0x08, 0x22, 0x08, 0x22, 0x08, 0x22, 0x08, 0x22, 0x08, 0x22, 0x08, 0x22, 0x08, 0x22, 0x08, 0x22,
  0x08, 0x22, 0x08, 0x22, 0x08, 0x22, 0x08, 0x22, 0x08, 0x22, 0x08, 0x22, 0x08, 0x22, 0x08, 0x22, 0x08, 0x22, 0x08, 0x22, 0x08, 0x22, 0x08, 0x22,
  0x08, 0x22, 0x08, 0x22, 0x08, 0x22, 0x08, 0x22, 0x08, 0x22, 0xF9, 0x4D, 0xF9, 0x4D, 0x98, 0xC8, 0x98, 0xC8, 0x98, 0xC8, 0x48, 0x64, 0x00, 0x00,
  0x00, 0x00, 0x00, 0x00, 0x00, 0x00, 0x00, 0x00, 0x00, 0x00, 0x00, 0x00, 0xF9, 0x4D, 0xF9, 0x4D, 0xF9, 0x4D, 0xF9, 0x4D, 0xF9, 0x4D, 0xF9, 0x4D,
  0xF9, 0x4D, 0xF9, 0x4D, 0xF9, 0x4D, 0xF9, 0x4D, 0xF9, 0x4D, 0xF9, 0x4D, 0xF9, 0x4D, 0xF9, 0x4D, 0xF9, 0x4D, 0xF9, 0x4D, 0xF9, 0x4D, 0xF9, 0x4D,
  0xF9, 0x4D, 0xF9, 0x4D, 0xF9, 0x4D, 0xF9, 0x4D, 0xF9, 0x4D, 0xF9, 0x4D, 0xF9, 0x4D, 0xF9, 0x4D, 0xF9, 0x4D, 0xF9, 0x4D, 0xF9, 0x4D, 0xF9, 0x4D,
  0xF9, 0x4D, 0xF9, 0x4D, 0xF9, 0x4D, 0xF9, 0x4D, 0xF9, 0x4D, 0xF9, 0x4D, 0x00, 0x00, 0x00, 0x00, 0x00, 0x00, 0x00, 0x00, 0x00, 0x00, 0x00, 0x00,
  0x00, 0x00, 0x00, 0x00, 0x00, 0x00, 0x00, 0x00, 0x00, 0x00, 0x00, 0x00, 0xF9, 0x4D, 0xF9, 0x4D, 0xF9, 0x4D, 0xF9, 0x4D, 0xF9, 0x4D, 0xF9, 0x4D,
  0xF9, 0x4D, 0xF9, 0x4D, 0xF9, 0x4D, 0xF9, 0x4D, 0xF9, 0x4D, 0xF9, 0x4D, 0xF9, 0x4D, 0xF9, 0x4D, 0xF9, 0x4D, 0xF9, 0x4D, 0xF9, 0x4D, 0xF9, 0x4D,
  0xF9, 0x4D, 0xF9, 0x4D, 0xF9, 0x4D, 0xF9, 0x4D, 0xF9, 0x4D, 0xF9, 0x4D, 0xF9, 0x4D, 0xF9, 0x4D, 0xF9, 0x4D, 0xF9, 0x4D, 0xF9, 0x4D, 0xF9, 0x4D,
  0xF9, 0x4D, 0xF9, 0x4D, 0xF9, 0x4D, 0xF9, 0x4D, 0xF9, 0x4D, 0xF9, 0x4D, 0x00, 0x00, 0x00, 0x00, 0x00, 0x00, 0x00, 0x00, 0x00, 0x00, 0x00, 0x00,
  0x00, 0x00, 0x48, 0x64, 0x48, 0x64, 0x98, 0xC8, 0x98, 0xC8, 0x98, 0xC8, 0xF9, 0x4D, 0xF9, 0x4D, 0xF9, 0x4D, 0xF9, 0x4D, 0xF9, 0x4D, 0xF9, 0x4D,
  0xF9, 0x4D, 0xF9, 0x4D, 0xF9, 0x4D, 0xF9, 0x4D, 0xF9, 0x4D, 0xF9, 0x4D, 0xF9, 0x4D, 0xF9, 0x4D, 0xF9, 0x4D, 0xF9, 0x4D, 0xF9, 0x4D, 0xF9, 0x4D,
  0xF9, 0x4D, 0xF9, 0x4D, 0xF9, 0x4D, 0xF9, 0x4D, 0xF9, 0x4D, 0xF9, 0x4D, 0xF9, 0x4D, 0xF9, 0x4D, 0xF9, 0x4D, 0xF9, 0x4D, 0xF9, 0x4D, 0xF9, 0x4D,
  0xF9, 0x4D, 0xF9, 0x4D, 0xF9, 0x4D, 0xF9, 0x4D, 0xF9, 0x4D, 0xF9, 0x4D, 0x98, 0xC8, 0x98, 0xC8, 0x98, 0xC8, 0x48, 0x64, 0x48, 0x64, 0x00, 0x00,
  0x00, 0x00, 0x00, 0x00, 0x00, 0x00, 0x00, 0x00, 0x00, 0x00, 0x00, 0x00, 0x00, 0x00, 0x00, 0x00, 0x00, 0x00, 0x00, 0x00, 0x00, 0x00, 0x00, 0x00,
  0x00, 0x00, 0x00, 0x00, 0x00, 0x00, 0x00, 0x00, 0x00, 0x00, 0x00, 0x00, 0x00, 0x00, 0x00, 0x00, 0x00, 0x00, 0x00, 0x00, 0x00, 0x00, 0x00, 0x00,
  0x00, 0x00, 0x00, 0x00, 0x00, 0x00, 0x00, 0x00, 0x00, 0x00, 0x00, 0x00, 0x00, 0x00, 0x00, 0x00, 0x00, 0x00, 0x00, 0x00, 0x00, 0x00, 0x00, 0x00,
  0x00, 0x00, 0x00, 0x00, 0x00, 0x00, 0x00, 0x00, 0x00, 0x00, 0x00, 0x00, 0x00, 0x00, 0x00, 0x00, 0x00, 0x00, 0x00, 0x00, 0x00, 0x00, 0x00, 0x00,
  0x00, 0x00, 0x00, 0x00, 0x00, 0x00, 0x00, 0x00, 0x00, 0x00, 0x00, 0x00, 0x00, 0x00, 0x00, 0x00, 0x00, 0x00, 0x00, 0x00, 0x00, 0x00, 0x00, 0x00,
  0x00, 0x00, 0x00, 0x00, 0x00, 0x00, 0x00, 0x00, 0x00, 0x00, 0x00, 0x00, 0x00, 0x00, 0x00, 0x00, 0x00, 0x00, 0x00, 0x00, 0x00, 0x00, 0x00, 0x00,
  0x00, 0x00, 0x00, 0x00, 0x00, 0x00, 0x00, 0x00, 0x00, 0x00, 0x00, 0x00, 0x00, 0x00, 0x00, 0x00, 0x00, 0x00, 0x00, 0x00, 0x00, 0x00, 0x00, 0x00,
  0x00, 0x00, 0x00, 0x00, 0x00, 0x00, 0x00, 0x00, 0x00, 0x00, 0x00, 0x00, 0x00, 0x00, 0x00, 0x00, 0x00, 0x00, 0x00, 0x00, 0x00, 0x00, 0x00, 0x00,
  0x00, 0x00, 0x00, 0x00, 0x48, 0x64, 0x48, 0x64, 0x98, 0xC8, 0x98, 0xC8, 0x98, 0xC8, 0x98, 0xC8, 0x98, 0xC8, 0x98, 0xC8, 0x98, 0xC8, 0x98, 0xC8,
  0x98, 0xC8, 0x98, 0xC8, 0x98, 0xC8, 0x98, 0xC8, 0x98, 0xC8, 0x98, 0xC8, 0x98, 0xC8, 0x98, 0xC8, 0x98, 0xC8, 0x98, 0xC8, 0x98, 0xC8, 0x98, 0xC8,
  0x98, 0xC8, 0x98, 0xC8, 0x98, 0xC8, 0x98, 0xC8, 0x98, 0xC8, 0x98, 0xC8, 0x98, 0xC8, 0x98, 0xC8, 0x98, 0xC8, 0x98, 0xC8, 0x98, 0xC8, 0x98, 0xC8,
  0x98, 0xC8, 0x98, 0xC8, 0x98, 0xC8, 0x98, 0xC8, 0x98, 0xC8, 0x98, 0xC8, 0x98, 0xC8, 0x98, 0xC8, 0x48, 0x64, 0x48, 0x64, 0x00, 0x00, 0x00, 0x00,
  0x00, 0x00, 0x00, 0x00, 0x00, 0x00, 0x00, 0x00, 0x00, 0x00, 0x00, 0x00, 0x00, 0x00, 0x00, 0x00, 0x00, 0x00, 0x00, 0x00, 0x00, 0x00, 0x00, 0x00,
  0x00, 0x00, 0x00, 0x00, 0x00, 0x00, 0x00, 0x00, 0x00, 0x00, 0x00, 0x00, 0x00, 0x00, 0x00, 0x00, 0x00, 0x00, 0x00, 0x00, 0x00, 0x00, 0x00, 0x00,
  0x00, 0x00, 0x00, 0x00, 0x00, 0x00, 0x00, 0x00, 0x00, 0x00, 0x00, 0x00, 0x00, 0x00, 0x00, 0x00, 0x00, 0x00, 0x00, 0x00, 0x00, 0x00, 0x00, 0x00,
  0x00, 0x00, 0x00, 0x00, 0x00, 0x00, 0x00, 0x00, 0x00, 0x00, 0x00, 0x00, 0x00, 0x00, 0x00, 0x00, 0x00, 0x00, 0x00, 0x00, 0x00, 0x00, 0x00, 0x00,
  0x00, 0x00, 0x00, 0x00, 0x00, 0x00, 0x00, 0x00, 0x00, 0x00, 0x00, 0x00, 0x00, 0x00, 0x00, 0x00, 0x00, 0x00, 0x00, 0x00, 0x00, 0x00, 0x00, 0x00,
  0x00, 0x00, 0x00, 0x00, 0x00, 0x00, 0x00, 0x00, 0x00, 0x00, 0x00, 0x00, 0x00, 0x00, 0x00, 0x00, 0x00, 0x00, 0x00, 0x00, 0x00, 0x00, 0x00, 0x00,
  0x00, 0x00, 0x00, 0x00, 0x00, 0x00, 0x00, 0x00, 0x00, 0x00, 0x00, 0x00, 0x00, 0x00, 0x00, 0x00, 0x00, 0x00, 0x00, 0x00, 0x00, 0x00, 0x00, 0x00,
  0x00, 0x00, 0x00, 0x00, 0x00, 0x00, 0x00, 0x00, 0x00, 0x00, 0x00, 0x00, 0x00, 0x00, 0x00, 0x00, 0x00, 0x00, 0x00, 0x00, 0x00, 0x00, 0x00, 0x00,
  0x00, 0x00, 0x00, 0x00, 0x00, 0x00, 0x48, 0x64, 0x48, 0x64, 0x98, 0xC8, 0x98, 0xC8, 0x98, 0xC8, 0x98, 0xC8, 0x98, 0xC8, 0x98, 0xC8, 0x98, 0xC8,
  0x98, 0xC8, 0x98, 0xC8, 0x98, 0xC8, 0x98, 0xC8, 0x98, 0xC8, 0x98, 0xC8, 0x98, 0xC8, 0x98, 0xC8, 0x98, 0xC8, 0x98, 0xC8, 0x98, 0xC8, 0x98, 0xC8,
  0x98, 0xC8, 0x98, 0xC8, 0x98, 0xC8, 0x98, 0xC8, 0x98, 0xC8, 0x98, 0xC8, 0x98, 0xC8, 0x98, 0xC8, 0x98, 0xC8, 0x98, 0xC8, 0x98, 0xC8, 0x98, 0xC8,
  0x98, 0xC8, 0x98, 0xC8, 0x98, 0xC8, 0x98, 0xC8, 0x98, 0xC8, 0x98, 0xC8, 0x98, 0xC8, 0x48, 0x64, 0x48, 0x64, 0x00, 0x00, 0x00, 0x00, 0x00, 0x00,
  0x00, 0x00, 0x00, 0x00, 0x00, 0x00, 0x00, 0x00, 0x00, 0x00, 0x00, 0x00, 0x00, 0x00, 0x00, 0x00, 0x00, 0x00, 0x00, 0x00, 0x00, 0x00, 0x00, 0x00,
  0x00, 0x00, 0x00, 0x00, 0x00, 0x00, 0x00, 0x00, 0x00, 0x00, 0x00, 0x00, 0x00, 0x00, 0x00, 0x00, 0x00, 0x00, 0x00, 0x00, 0x00, 0x00, 0x00, 0x00,
  0x00, 0x00, 0x00, 0x00, 0x00, 0x00, 0x00, 0x00, 0x00, 0x00, 0x00, 0x00, 0x00, 0x00, 0x00, 0x00, 0x00, 0x00, 0x00, 0x00, 0x00, 0x00, 0x00, 0x00,
  0x00, 0x00, 0x00, 0x00, 0x00, 0x00, 0x00, 0x00, 0x00, 0x00, 0x00, 0x00, 0x00, 0x00, 0x00, 0x00, 0x00, 0x00, 0x00, 0x00, 0x00, 0x00, 0x00, 0x00,
  0x00, 0x00, 0x00, 0x00, 0x00, 0x00, 0x00, 0x00, 0x00, 0x00, 0x00, 0x00, 0x00, 0x00, 0x00, 0x00, 0x00, 0x00, 0x00, 0x00, 0x00, 0x00, 0x00, 0x00,
  0x00, 0x00, 0x00, 0x00, 0x00, 0x00, 0x00, 0x00, 0x00, 0x00, 0x00, 0x00, 0x00, 0x00, 0x00, 0x00, 0x00, 0x00, 0x00, 0x00, 0x00, 0x00, 0x00, 0x00,
  0x00, 0x00, 0x00, 0x00, 0x00, 0x00, 0x00, 0x00, 0x00, 0x00, 0x00, 0x00, 0x00, 0x00, 0x00, 0x00, 0x00, 0x00, 0x00, 0x00, 0x00, 0x00, 0x00, 0x00,
  0x00, 0x00, 0x00, 0x00, 0x00, 0x00, 0x00, 0x00, 0x00, 0x00, 0x00, 0x00, 0x00, 0x00, 0x00, 0x00, 0x00, 0x00, 0x00, 0x00, 0x00, 0x00, 0x00, 0x00,
  0x00, 0x00, 0x00, 0x00, 0x00, 0x00, 0x00, 0x00, 0x00, 0x00, 0x48, 0x64, 0x48, 0x64, 0x48, 0x64, 0x48, 0x64, 0x48, 0x64, 0x48, 0x64, 0x48, 0x64,
  0x48, 0x64, 0x48, 0x64, 0x48, 0x64, 0x48, 0x64, 0x48, 0x64, 0x48, 0x64, 0x48, 0x64, 0x48, 0x64, 0x48, 0x64, 0x48, 0x64, 0x48, 0x64, 0x48, 0x64,
  0x48, 0x64, 0x48, 0x64, 0x48, 0x64, 0x48, 0x64, 0x48, 0x64, 0x48, 0x64, 0x48, 0x64, 0x48, 0x64, 0x48, 0x64, 0x48, 0x64, 0x48, 0x64, 0x48, 0x64,
  0x48, 0x64, 0x48, 0x64, 0x48, 0x64, 0x48, 0x64, 0x48, 0x64, 0x48, 0x64, 0x48, 0x64, 0x00, 0x00, 0x00, 0x00, 0x00, 0x00, 0x00, 0x00, 0x00, 0x00,
};

/* Hoja botón yellow: 144x48, 3 cuadros de 48x48 (0=reposo, 1=presionado, 2=sostenido) */
uint8_t btn_yellow[13824] = {
  0x00, 0x00, 0x00, 0x00, 0x00, 0x00, 0x00, 0x00, 0x00, 0x00, 0x00, 0x00, 0x00, 0x00, 0x00, 0x00, 0x00, 0x00, 0x00, 0x00, 0x00, 0x00, 0x00, 0x00,
  0x00, 0x00, 0x00, 0x00, 0x00, 0x00, 0x00, 0x00, 0x00, 0x00, 0x00, 0x00, 0x00, 0x00, 0x00, 0x00, 0x00, 0x00, 0x00, 0x00, 0x00, 0x00, 0x00, 0x00,
  0x00, 0x00, 0x00, 0x00, 0x00, 0x00, 0x00, 0x00, 0x00, 0x00, 0x00, 0x00, 0x00, 0x00, 0x00, 0x00, 0x00, 0x00, 0x00, 0x00, 0x00, 0x00, 0x00, 0x00,
  0x00, 0x00, 0x00, 0x00, 0x00, 0x00, 0x00, 0x00, 0x00, 0x00, 0x00, 0x00, 0x00, 0x00, 0x00, 0x00, 0x00, 0x00, 0x00, 0x00, 0x00, 0x00, 0x00, 0x00,
  0x00, 0x00, 0x00, 0x00, 0x00, 0x00, 0x00, 0x00, 0x00, 0x00, 0x00, 0x00, 0x00, 0x00, 0x00, 0x00, 0x00, 0x00, 0x00, 0x00, 0x00, 0x00, 0x00, 0x00,
  0x00, 0x00, 0x00, 0x00, 0x00, 0x00, 0x00, 0x00, 0x00, 0x00, 0x00, 0x00, 0x00, 0x00, 0x00, 0x00, 0x00, 0x00, 0x00, 0x00, 0x00, 0x00, 0x00, 0x00,
  0x00, 0x00, 0x00, 0x00, 0x00, 0x00, 0x00, 0x00, 0x00, 0x00, 0x00, 0x00, 0x00, 0x00, 0x00, 0x00, 0x00, 0x00, 0x00, 0x00, 0x00, 0x00, 0x00, 0x00,
  0x00, 0x00, 0x00, 0x00, 0x00, 0x00, 0x00, 0x00, 0x00, 0x00, 0x00, 0x00, 0x00, 0x00, 0x00, 0x00, 0x00, 0x00, 0x00, 0x00, 0x00, 0x00, 0x00, 0x00,
  0x00, 0x00, 0x00, 0x00, 0x00, 0x00, 0x00, 0x00, 0x00, 0x00, 0x4A, 0x21, 0x4A, 0x21, 0x4A, 0x21, 0x4A, 0x21, 0x4A, 0x21, 0x4A, 0x21, 0x4A, 0x21,
  0x4A, 0x21, 0x4A, 0x21, 0x4A, 0x21, 0x4A, 0x21, 0x4A, 0x21, 0x4A, 0x21, 0x4A, 0x21, 0x4A, 0x21, 0x4A, 0x21, 0x4A, 0x21, 0x4A, 0x21, 0x4A, 0x21,
  0x4A, 0x21, 0x4A, 0x21, 0x4A, 0x21, 0x4A, 0x21, 0x4A, 0x21, 0x4A, 0x21, 0x4A, 0x21, 0x4A, 0x21, 0x4A, 0x21, 0x4A, 0x21, 0x4A, 0x21, 0x4A, 0x21,
  0x4A, 0x21, 0x4A, 0x21, 0x4A, 0x21, 0x4A, 0x21, 0x4A, 0x21, 0x4A, 0x21, 0x4A, 0x21, 0x00, 0x00, 0x00, 0x00, 0x00, 0x00, 0x00, 0x00, 0x00, 0x00,
  0x00, 0x00, 0x00, 0x00, 0x00, 0x00, 0x00, 0x00, 0x00, 0x00, 0x00, 0x00, 0x00, 0x00, 0x00, 0x00, 0x00, 0x00, 0x00, 0x00, 0x00, 0x00, 0x00, 0x00,
  0x00, 0x00, 0x00, 0x00, 0x00, 0x00, 0x00, 0x00, 0x00, 0x00, 0x00, 0x00, 0x00, 0x00, 0x00, 0x00, 0x00, 0x00, 0x00, 0x00, 0x00, 0x00, 0x00, 0x00,
  0x00, 0x00, 0x00, 0x00, 0x00, 0x00, 0x00, 0x00, 0x00, 0x00, 0x00, 0x00, 0x00, 0x00, 0x00, 0x00, 0x00, 0x00, 0x00, 0x00, 0x00, 0x00, 0x00, 0x00,
  0x00, 0x00, 0x00, 0x00, 0x00, 0x00, 0x00, 0x00, 0x00, 0x00, 0x00, 0x00, 0x00, 0x00, 0x00, 0x00, 0x00, 0x00, 0x00, 0x00, 0x00, 0x00, 0x00, 0x00,
  0x00, 0x00, 0x00, 0x00, 0x00, 0x00, 0x00, 0x00, 0x00, 0x00, 0x00, 0x00, 0x00, 0x00, 0x00, 0x00, 0x00, 0x00, 0x00, 0x00, 0x00, 0x00, 0x00, 0x00,
  0x00, 0x00, 0x00, 0x00, 0x00, 0x00, 0x00, 0x00, 0x00, 0x00, 0x00, 0x00, 0x00, 0x00, 0x00, 0x00, 0x00, 0x00, 0x00, 0x00, 0x00, 0x00, 0x00, 0x00,
  0x00, 0x00, 0x00, 0x00, 0x00, 0x00, 0x00, 0x00, 0x00, 0x00, 0x00, 0x00, 0x00, 0x00, 0x00, 0x00, 0x00, 0x00, 0x00, 0x00, 0x00, 0x00, 0x00, 0x00,
  0x00, 0x00, 0x00, 0x00, 0x00, 0x00, 0x00, 0x00, 0x00, 0x00, 0x00, 0x00, 0x00, 0x00, 0x00, 0x00, 0x00, 0x00, 0x00, 0x00, 0x00, 0x00, 0x00, 0x00,
  0x00, 0x00, 0x00, 0x00, 0x00, 0x00, 0x4A, 0x21, 0x4A, 0x21, 0x9C, 0x23, 0x9C, 0x23, 0x9C, 0x23, 0x9C, 0x23, 0x9C, 0x23, 0x9C, 0x23, 0x9C, 0x23,
  0x9C, 0x23, 0x9C, 0x23, 0x9C, 0x23, 0x9C, 0x23, 0x9C, 0x23, 0x9C, 0x23, 0x9C, 0x23, 0x9C, 0x23, 0x9C, 0x23, 0x9C, 0x23, 0x9C, 0x23, 0x9C, 0x23,
  0x9C, 0x23, 0x9C, 0x23, 0x9C, 0x23, 0x9C, 0x23, 0x9C, 0x23, 0x9C, 0x23, 0x9C, 0x23, 0x9C, 0x23, 0x9C, 0x23, 0x9C, 0x23, 0x9C, 0x23, 0x9C, 0x23,
  0x9C, 0x23, 0x9C, 0x23, 0x9C, 0x23, 0x9C, 0x23, 0x9C, 0x23, 0x9C, 0x23, 0x9C, 0x23, 0x4A, 0x21, 0x4A, 0x21, 0x00, 0x00, 0x00, 0x00, 0x00, 0x00,
  0x00, 0x00, 0x00, 0x00, 0x00, 0x00, 0x00, 0x00, 0x00, 0x00, 0x00, 0x00, 0x00, 0x00, 0x00, 0x00, 0x00, 0x00, 0x00, 0x00, 0x00, 0x00, 0x00, 0x00,
  0x00, 0x00, 0x00, 0x00, 0x00, 0x00, 0x00, 0x00, 0x00, 0x00, 0x00, 0x00, 0x00, 0x00, 0x00, 0x00, 0x00, 0x00, 0x00, 0x00, 0x00, 0x00, 0x00, 0x00,
  0x00, 0x00, 0x00, 0x00, 0x00, 0x00, 0x00, 0x00, 0x00, 0x00, 0x00, 0x00, 0x00, 0x00, 0x00, 0x00, 0x00, 0x00, 0x00, 0x00, 0x00, 0x00, 0x00, 0x00,
  0x00, 0x00, 0x00, 0x00, 0x00, 0x00, 0x00, 0x00, 0x00, 0x00, 0x00, 0x00, 0x00, 0x00, 0x00, 0x00, 0x00, 0x00, 0x00, 0x00, 0x00, 0x00, 0x00, 0x00,
  0x00, 0x00, 0x00, 0x00, 0x00, 0x00, 0x00, 0x00, 0x00, 0x00, 0x00, 0x00, 0x00, 0x00, 0x00, 0x00, 0x00, 0x00, 0x00, 0x00, 0x00, 0x00, 0x00, 0x00,
  0x00, 0x00, 0x00, 0x00, 0x00, 0x00, 0x00, 0x00, 0x00, 0x00, 0x00, 0x00, 0x00, 0x00, 0x00, 0x00, 0x00, 0x00, 0x00, 0x00, 0x00, 0x00, 0x00, 0x00,
  0x00, 0x00, 0x00, 0x00, 0x00, 0x00, 0x00, 0x00, 0x00, 0x00, 0x00, 0x00, 0x00, 0x00, 0x00, 0x00, 0x00, 0x00, 0x00, 0x00, 0x00, 0x00, 0x00, 0x00,
  0x00, 0x00, 0x00, 0x00, 0x00, 0x00, 0x00, 0x00, 0x00, 0x00, 0x00, 0x00, 0x00, 0x00, 0x00, 0x00, 0x00, 0x00, 0x00, 0x00, 0x00, 0x00, 0x00, 0x00,
  0x00, 0x00, 0x00, 0x00, 0x4A, 0x21, 0x4A, 0x21, 0x9C, 0x23, 0x9C, 0x23, 0x9C, 0x23, 0x9C, 0x23, 0x9C, 0x23, 0x9C, 0x23, 0x9C, 0x23, 0x9C, 0x23,
  0x9C, 0x23, 0x9C, 0x23, 0x9C, 0x23, 0x9C, 0x23, 0x9C, 0x23, 0x9C, 0x23, 0x9C, 0x23, 0x9C, 0x23, 0x9C, 0x23, 0x9C, 0x23, 0x9C, 0x23, 0x9C, 0x23,
  0x9C, 0x23, 0x9C, 0x23, 0x9C, 0x23, 0x9C, 0x23, 0x9C, 0x23, 0x9C, 0x23, 0x9C, 0x23, 0x9C, 0x23, 0x9C, 0x23, 0x9C, 0x23, 0x9C, 0x23, 0x9C, 0x23,
  0x9C, 0x23, 0x9C, 0x23, 0x9C, 0x23, 0x9C, 0x23, 0x9C, 0x23, 0x9C, 0x23, 0x9C, 0x23, 0x9C, 0x23, 0x4A, 0x21, 0x4A, 0x21, 0x00, 0x00, 0x00, 0x00,
  0x00, 0x00, 0x00, 0x00, 0x00, 0x00, 0x00, 0x00, 0x00, 0x00, 0x00, 0x00, 0xFF, 0x05, 0xFF, 0x05, 0xFF, 0x05, 0xFF, 0x05, 0xFF, 0x05, 0xFF, 0x05,
  0xFF, 0x05, 0xFF, 0x05, 0xFF, 0x05, 0xFF, 0x05, 0xFF, 0x05, 0xFF, 0x05, 0xFF, 0x05, 0xFF, 0x05, 0xFF, 0x05, 0xFF, 0x05, 0xFF, 0x05, 0xFF, 0x05,
  0xFF, 0x05, 0xFF, 0x05, 0xFF, 0x05, 0xFF, 0x05, 0xFF, 0x05, 0xFF, 0x05, 0xFF, 0x05, 0xFF, 0x05, 0xFF, 0x05, 0xFF, 0x05, 0xFF, 0x05, 0xFF, 0x05,
  0xFF, 0x05, 0xFF, 0x05, 0xFF, 0x05, 0xFF, 0x05, 0xFF, 0x05, 0xFF, 0x05, 0x00, 0x00, 0x00, 0x00, 0x00, 0x00, 0x00, 0x00, 0x00, 0x00, 0x00, 0x00,
  0x00, 0x00, 0x00, 0x00, 0x00, 0x00, 0x00, 0x00, 0x00, 0x00, 0x00, 0x00, 0xFF, 0x05, 0xFF, 0x05, 0xFF, 0x05, 0xFF, 0x05, 0xFF, 0x05, 0xFF, 0x05,
  0xFF, 0x05, 0xFF, 0x05, 0xFF, 0x05, 0xFF, 0x05, 0xFF, 0x05, 0xFF, 0x05, 0xFF, 0x05, 0xFF, 0x05, 0xFF, 0x05, 0xFF, 0x05, 0xFF, 0x05, 0xFF, 0x05,
  0xFF, 0x05, 0xFF, 0x05, 0xFF, 0x05, 0xFF, 0x05, 0xFF, 0x05, 0xFF, 0x05, 0xFF, 0x05, 0xFF, 0x05, 0xFF, 0x05, 0xFF, 0x05, 0xFF, 0x05, 0xFF, 0x05,
  0xFF, 0x05, 0xFF, 0x05, 0xFF, 0x05, 0xFF, 0x05, 0xFF, 0x05, 0xFF, 0x05, 0x00, 0x00, 0x00, 0x00, 0x00, 0x00, 0x00, 0x00, 0x00, 0x00, 0x00, 0x00,
  0x00, 0x00, 0x4A, 0x21, 0x4A, 0x21, 0x9C, 0x23, 0x9C, 0x23, 0x9C, 0x23, 0xFF, 0x05, 0xFF, 0x05, 0xFF, 0x05, 0xFF, 0x05, 0xFF, 0x05, 0xFF, 0x05,
  0xFF, 0x05, 0xFF, 0x05, 0xFF, 0x05, 0xFF, 0x05, 0xFF, 0x05, 0xFF, 0x05, 0xFF, 0x05, 0xFF, 0x05, 0xFF, 0x05, 0xFF, 0x05, 0xFF, 0x05, 0xFF, 0x05,
  0xFF, 0x05, 0xFF, 0x05, 0xFF, 0x05, 0xFF, 0x05, 0xFF, 0x05, 0xFF, 0x05, 0xFF, 0x05, 0xFF, 0x05, 0xFF, 0x05, 0xFF, 0x05, 0xFF, 0x05, 0xFF, 0x05,
  0xFF, 0x05, 0xFF, 0x05, 0xFF, 0x05, 0xFF, 0x05, 0xFF, 0x05, 0xFF, 0x05, 0x9C, 0x23, 0x9C, 0x23, 0x9C, 0x23, 0x4A, 0x21, 0x4A, 0x21, 0x00, 0x00,
  0x00, 0x00, 0x00, 0x00, 0x00, 0x00, 0x00, 0x00, 0x00, 0x00, 0xFF, 0x05, 0xFF, 0x05, 0x08, 0x22, 0x08, 0x22, 0x08, 0x22, 0x08, 0x22, 0x08, 0x22,
  0x08, 0x22, 0x08, 0x22, 0x08, 0x22, 0x08, 0x22, 0x08, 0x22, 0x08, 0x22, 0x08, 0x22, 0x08, 0x22, 0x08, 0x22, 0x08, 0x22, 0x08, 0x22, 0x08, 0x22,
  0x08, 0x22, 0x08, 0x22, 0x08, 0x22, 0x08, 0x22, 0x08, 0x22, 0x08, 0x22, 0x08, 0x22, 0x08, 0x22, 0x08, 0x22, 0x08, 0x22, 0x08, 0x22, 0x08, 0x22,
  0x08, 0x22, 0x08, 0x22, 0x08, 0x22, 0x08, 0x22, 0x08, 0x22, 0xFF, 0x05, 0xFF, 0x05, 0x00, 0x00, 0x00, 0x00, 0x00, 0x00, 0x00, 0x00, 0x00, 0x00,
  0x00, 0x00, 0x00, 0x00, 0x00, 0x00, 0x00, 0x00, 0x00, 0x00, 0xFF, 0x05, 0xFF, 0x05, 0x08, 0x22, 0x08, 0x22, 0x08, 0x22, 0x08, 0x22, 0x08, 0x22,
  0x08, 0x22, 0x08, 0x22, 0x08, 0x22, 0x08, 0x22, 0x08, 0x22, 0x08, 0x22, 0x08, 0x22, 0x08, 0x22, 0x08, 0x22, 0x08, 0x22, 0x08, 0x22, 0x08, 0x22,
  0x08, 0x22, 0x08, 0x22, 0x08, 0x22, 0x08, 0x22, 0x08, 0x22, 0x08, 0x22, 0x08, 0x22, 0x08, 0x22, 0x08, 0x22, 0x08, 0x22, 0x08, 0x22, 0x08, 0x22,
  0x08, 0x22, 0x08, 0x22, 0x08, 0x22, 0x08, 0x22, 0x08, 0x22, 0xFF, 0x05, 0xFF, 0x05, 0x00, 0x00, 0x00, 0x00, 0x00, 0x00, 0x00, 0x00, 0x00, 0x00,
  0x00, 0x00, 0x4A, 0x21, 0x9C, 0x23, 0x9C, 0x23, 0x9C, 0x23, 0xFF, 0x05, 0xFF, 0x05, 0x08, 0x22, 0x08, 0x22, 0x08, 0x22, 0x08, 0x22, 0x08, 0x22,
  0x08, 0x22, 0x08, 0x22, 0x08, 0x22, 0x08, 0x22, 0x08, 0x22, 0x08, 0x22, 0x08, 0x22, 0x08, 0x22, 0x08, 0x22, 0x08, 0x22, 0x08, 0x22, 0x08, 0x22,
  0x08, 0x22, 0x08, 0x22, 0x08, 0x22, 0x08, 0x22, 0x08, 0x22, 0x08, 0x22, 0x08, 0x22, 0x08, 0x22, 0x08, 0x22, 0x08, 0x22, 0x08, 0x22, 0x08, 0x22,
  0x08, 0x22, 0x08, 0x22, 0x08, 0x22, 0x08, 0x22, 0x08, 0x22, 0xFF, 0x05, 0xFF, 0x05, 0x9C, 0x23, 0x9C, 0x23, 0x9C, 0x23, 0x4A, 0x21, 0x00, 0x00,
  0x00, 0x00, 0x00, 0x00, 0x00, 0x00, 0x00, 0x00, 0xFF, 0x05, 0x08, 0x22, 0x08, 0x22, 0x08, 0x22, 0xEF, 0x7E, 0xEF, 0x7E, 0xEF, 0x7E, 0xEF, 0x7E,
  0xEF, 0x7E, 0xEF, 0x7E, 0xEF, 0x7E, 0xEF, 0x7E, 0xEF, 0x7E, 0xEF, 0x7E, 0xEF, 0x7E, 0xEF, 0x7E, 0xEF, 0x7E, 0xEF, 0x7E, 0xEF, 0x7E, 0xEF, 0x7E,
  0xEF, 0x7E, 0xEF, 0x7E, 0xEF, 0x7E, 0xEF, 0x7E, 0xEF, 0x7E, 0xEF, 0x7E, 0xEF, 0x7E, 0xEF, 0x7E, 0xEF, 0x7E, 0xEF, 0x7E, 0xEF, 0x7E, 0xEF, 0x7E,
  0xEF, 0x7E, 0xEF, 0x7E, 0xEF, 0x7E, 0xEF, 0x7E, 0x08, 0x22, 0x08, 0x22, 0x08, 0x22, 0xFF, 0x05, 0x00, 0x00, 0x00, 0x00, 0x00, 0x00, 0x00, 0x00,
  0x00, 0x00, 0x00, 0x00, 0x00, 0x00, 0x00, 0x00, 0xFF, 0x05, 0x08, 0x22, 0x08, 0x22, 0x08, 0x22, 0xEF, 0x7E, 0xEF, 0x7E, 0xEF, 0x7E, 0xEF, 0x7E,
  0xEF, 0x7E, 0xEF, 0x7E, 0xEF, 0x7E, 0xEF, 0x7E, 0xEF, 0x7E, 0xEF, 0x7E, 0xEF, 0x7E, 0xEF, 0x7E, 0xEF, 0x7E, 0xEF, 0x7E, 0xEF, 0x7E, 0xEF, 0x7E,
  0xEF, 0x7E, 0xEF, 0x7E, 0xEF, 0x7E, 0xEF, 0x7E, 0xEF, 0x7E, 0xEF, 0x7E, 0xEF, 0x7E, 0xEF, 0x7E, 0xEF, 0x7E, 0xEF, 0x7E, 0xEF, 0x7E, 0xEF, 0x7E,
  0xEF, 0x7E, 0xEF, 0x7E, 0xEF, 0x7E, 0xEF, 0x7E, 0x08, 0x22, 0x08, 0x22, 0x08, 0x22, 0xFF, 0x05, 0x00, 0x00, 0x00, 0x00, 0x00, 0x00, 0x00, 0x00,
  0x4A, 0x21, 0x9C, 0x23, 0x9C, 0x23, 0x9C, 0x23, 0xFF, 0x05, 0x08, 0x22, 0x08, 0x22, 0x08, 0x22, 0xEF, 0x7E, 0xEF, 0x7E, 0xEF, 0x7E, 0xEF, 0x7E,
  0xEF, 0x7E, 0xEF, 0x7E, 0xEF, 0x7E, 0xEF, 0x7E, 0xEF, 0x7E, 0xEF, 0x7E, 0xEF, 0x7E, 0xEF, 0x7E, 0xEF, 0x7E, 0xEF, 0x7E, 0xEF, 0x7E, 0xEF, 0x7E,
  0xEF, 0x7E, 0xEF, 0x7E, 0xEF, 0x7E, 0xEF, 0x7E, 0xEF, 0x7E, 0xEF, 0x7E, 0xEF, 0x7E, 0xEF, 0x7E, 0xEF, 0x7E, 0xEF, 0x7E, 0xEF, 0x7E, 0xEF, 0x7E,
  0xEF, 0x7E, 0xEF, 0x7E, 0xEF, 0x7E, 0xEF, 0x7E, 0x08, 0x22, 0x08, 0x22, 0x08, 0x22, 0xFF, 0x05, 0x9C, 0x23, 0x9C, 0x23, 0x9C, 0x23, 0x4A, 0x21,
  0x00, 0x00, 0x00, 0x00, 0x00, 0x00, 0xFF, 0x05, 0xFF, 0x05, 0x08, 0x22, 0xE7, 0x5E, 0xE7, 0x5E, 0xE7, 0x5E, 0xE7, 0x5E, 0xE7, 0x5E, 0xE7, 0x5E,
  0xE7, 0x5E, 0xE7, 0x5E, 0xE7, 0x5E, 0xE7, 0x5E, 0xE7, 0x5E, 0xE7, 0x5E, 0xE7, 0x5E, 0xE7, 0x5E, 0xE7, 0x5E, 0xE7, 0x5E, 0xE7, 0x5E, 0xE7, 0x5E,
  0xE7, 0x5E, 0xE7, 0x5E, 0xE7, 0x5E, 0xE7, 0x5E, 0xE7, 0x5E, 0xE7, 0x5E, 0xE7, 0x5E, 0xE7, 0x5E, 0xE7, 0x5E, 0xE7, 0x5E, 0xE7, 0x5E, 0xE7, 0x5E,
  0xE7, 0x5E, 0xE7, 0x5E, 0xE7, 0x5E, 0xE7, 0x5E, 0xE7, 0x5E, 0xE7, 0x5E, 0x08, 0x22, 0xFF, 0x05, 0xFF, 0x05, 0x00, 0x00, 0x00, 0x00, 0x00, 0x00,
  0x00, 0x00, 0x00, 0x00, 0x00, 0x00, 0xFF, 0x05, 0xFF, 0x05, 0x08, 0x22, 0xE7, 0x5E, 0xE7, 0x5E, 0xE7, 0x5E, 0xE7, 0x5E, 0xE7, 0x5E, 0xE7, 0x5E,
  0xE7, 0x5E, 0xE7, 0x5E, 0xE7, 0x5E, 0xE7, 0x5E, 0xE7, 0x5E, 0xE7, 0x5E, 0xE7, 0x5E, 0xE7, 0x5E, 0xE7, 0x5E, 0xE7, 0x5E, 0xE7, 0x5E, 0xE7, 0x5E,
  0xE7, 0x5E, 0xE7, 0x5E, 0xE7, 0x5E, 0xE7, 0x5E, 0xE7, 0x5E, 0xE7, 0x5E, 0xE7, 0x5E, 0xE7, 0x5E, 0xE7, 0x5E, 0xE7, 0x5E, 0xE7, 0x5E, 0xE7, 0x5E,
  0xE7, 0x5E, 0xE7, 0x5E, 0xE7, 0x5E, 0xE7, 0x5E, 0xE7, 0x5E, 0xE7, 0x5E, 0x08, 0x22, 0xFF, 0x05, 0xFF, 0x05, 0x00, 0x00, 0x00, 0x00, 0x00, 0x00,
  0x4A, 0x21, 0x9C, 0x23, 0x9C, 0x23, 0xFF, 0x05, 0xFF, 0x05, 0x08, 0x22, 0xE7, 0x5E, 0xE7, 0x5E, 0xE7, 0x5E, 0xE7, 0x5E, 0xE7, 0x5E, 0xE7, 0x5E,
  0xE7, 0x5E, 0xE7, 0x5E, 0xE7, 0x5E, 0xE7, 0x5E, 0xE7, 0x5E, 0xE7, 0x5E, 0xE7, 0x5E, 0xE7, 0x5E, 0xE7, 0x5E, 0xE7, 0x5E, 0xE7, 0x5E, 0xE7, 0x5E,
  0xE7, 0x5E, 0xE7, 0x5E, 0xE7, 0x5E, 0xE7, 0x5E, 0xE7, 0x5E, 0xE7, 0x5E, 0xE7, 0x5E, 0xE7, 0x5E, 0xE7, 0x5E, 0xE7, 0x5E, 0xE7, 0x5E, 0xE7, 0x5E,
  0xE7, 0x5E, 0xE7, 0x5E, 0xE7, 0x5E, 0xE7, 0x5E, 0xE7, 0x5E, 0xE7, 0x5E, 0x08, 0x22, 0xFF, 0x05, 0xFF, 0x05, 0x9C, 0x23, 0x9C, 0x23, 0x4A, 0x21,
  0x00, 0x00, 0x00, 0x00, 0x00, 0x00, 0xFF, 0x05, 0x08, 0x22, 0x08, 0x22, 0xE7, 0x3D, 0xE7, 0x3D, 0xE7, 0x3D, 0x08, 0x02, 0x08, 0x02, 0x08, 0x02,
  0x08, 0x02, 0x08, 0x02, 0x08, 0x02, 0x08, 0x02, 0x08, 0x02, 0x08, 0x02, 0x08, 0x02, 0x08, 0x02, 0x08, 0x02, 0x08, 0x02, 0x08, 0x02, 0x08, 0x02,
  0x08, 0x02, 0x08, 0x02, 0x08, 0x02, 0x08, 0x02, 0x08, 0x02, 0x08, 0x02, 0x08, 0x02, 0x08, 0x02, 0x08, 0x02, 0x08, 0x02, 0x08, 0x02, 0x08, 0x02,
  0x08, 0x02, 0x08, 0x02, 0x08, 0x02, 0xE7, 0x3D, 0xE7, 0x3D, 0xE7, 0x3D, 0x08, 0x22, 0x08, 0x22, 0xFF, 0x05, 0x00, 0x00, 0x00, 0x00, 0x00, 0x00,
  0x00, 0x00, 0x00, 0x00, 0x00, 0x00, 0xFF, 0x05, 0x08, 0x22, 0x08, 0x22, 0xE7, 0x3D, 0xE7, 0x3D, 0xE7, 0x3D, 0x08, 0x02, 0x08, 0x02, 0x08, 0x02,
  0x08, 0x02, 0x08, 0x02, 0x08, 0x02, 0x08, 0x02, 0x08, 0x02, 0x08, 0x02, 0x08, 0x02, 0x08, 0x02, 0x08, 0x02, 0x08, 0x02, 0x08, 0x02, 0x08, 0x02,
  0x08, 0x02, 0x08, 0x02, 0x08, 0x02, 0x08, 0x02, 0x08, 0x02, 0x08, 0x02, 0x08, 0x02, 0x08, 0x02, 0x08, 0x02, 0x08, 0x02, 0x08, 0x02, 0x08, 0x02,
  0x08, 0x02, 0x08, 0x02, 0x08, 0x02, 0xE7, 0x3D, 0xE7, 0x3D, 0xE7, 0x3D, 0x08, 0x22, 0x08, 0x22, 0xFF, 0x05, 0x00, 0x00, 0x00, 0x00, 0x00, 0x00,
  0x4A, 0x21, 0x9C, 0x23, 0x9C, 0x23, 0xFF, 0x05, 0x08, 0x22, 0x08, 0x22, 0xE7, 0x3D, 0xE7, 0x3D, 0xE7, 0x3D, 0x08, 0x02, 0x08, 0x02, 0x08, 0x02,
  0x08, 0x02, 0x08, 0x02, 0x08, 0x02, 0x08, 0x02, 0x08, 0x02, 0x08, 0x02, 0x08, 0x02, 0x08, 0x02, 0x08, 0x02, 0x08, 0x02, 0x08, 0x02, 0x08, 0x02,
  0x08, 0x02, 0x08, 0x02, 0x08, 0x02, 0x08, 0x02, 0x08, 0x02, 0x08, 0x02, 0x08, 0x02, 0x08, 0x02, 0x08, 0x02, 0x08, 0x02, 0x08, 0x02, 0x08, 0x02,
  0x08, 0x02, 0x08, 0x02, 0x08, 0x02, 0xE7, 0x3D, 0xE7, 0x3D, 0xE7, 0x3D, 0x08, 0x22, 0x08, 0x22, 0xFF, 0x05, 0x9C, 0x23, 0x9C, 0x23, 0x4A, 0x21,
  0x00, 0x00, 0x00, 0x00, 0x00, 0x00, 0xFF, 0x05, 0x08, 0x22, 0xDE, 0xFC, 0xDE, 0xFC, 0xDE, 0xFC, 0x08, 0x02, 0x08, 0x02, 0x08, 0x02, 0x08, 0x02,
  0x08, 0x02, 0x08, 0x02, 0x08, 0x02, 0x08, 0x02, 0x08, 0x02, 0x08, 0x02, 0x08, 0x02, 0x08, 0x02, 0x08, 0x02, 0x08, 0x02, 0x08, 0x02, 0x08, 0x02,
  0x08, 0x02, 0x08, 0x02, 0x08, 0x02, 0x08, 0x02, 0x08, 0x02, 0x08, 0x02, 0x08, 0x02, 0x08, 0x02, 0x08, 0x02, 0x08, 0x02, 0x08, 0x02, 0x08, 0x02,
  0x08, 0x02, 0x08, 0x02, 0x08, 0x02, 0x08, 0x02, 0xDE, 0xFC, 0xDE, 0xFC, 0xDE, 0xFC, 0x08, 0x22, 0xFF, 0x05, 0x00, 0x00, 0x00, 0x00, 0x00, 0x00,
  0x00, 0x00, 0x00, 0x00, 0x00, 0x00, 0xFF, 0x05, 0x08, 0x22, 0xDE, 0xFC, 0xDE, 0xFC, 0xDE, 0xFC, 0x08, 0x02, 0x08, 0x02, 0x08, 0x02, 0x08, 0x02,
  0x08, 0x02, 0x08, 0x02, 0x08, 0x02, 0x08, 0x02, 0x08, 0x02, 0x08, 0x02, 0x08, 0x02, 0x08, 0x02, 0x08, 0x02, 0x08, 0x02, 0x08, 0x02, 0x08, 0x02,
  0x08, 0x02, 0x08, 0x02, 0x08, 0x02, 0x08, 0x02, 0x08, 0x02, 0x08, 0x02, 0x08, 0x02, 0x08, 0x02, 0x08, 0x02, 0x08, 0x02, 0x08, 0x02, 0x08, 0x02,
  0x08, 0x02, 0x08, 0x02, 0x08, 0x02, 0x08, 0x02, 0xDE, 0xFC, 0xDE, 0xFC, 0xDE, 0xFC, 0x08, 0x22, 0xFF, 0x05, 0x00, 0x00, 0x00, 0x00, 0x00, 0x00,
  0x4A, 0x21, 0x9C, 0x23, 0x9C, 0x23, 0xFF, 0x05, 0x08, 0x22, 0xDE, 0xFC, 0xDE, 0xFC, 0xDE, 0xFC, 0x08, 0x02, 0x08, 0x02, 0x08, 0x02, 0x08, 0x02,
  0x08, 0x02, 0x08, 0x02, 0x08, 0x02, 0x08, 0x02, 0x08, 0x02, 0x08, 0x02, 0x08, 0x02, 0x08, 0x02, 0x08, 0x02, 0x08, 0x02, 0x08, 0x02, 0x08, 0x02,
  0x08, 0x02, 0x08, 0x02, 0x08, 0x02, 0x08, 0x02, 0x08, 0x02, 0x08, 0x02, 0x08, 0x02, 0x08, 0x02, 0x08, 0x02, 0x08, 0x02, 0x08, 0x02, 0x08, 0x02,
  0x08, 0x02, 0x08, 0x02, 0x08, 0x02, 0x08, 0x02, 0xDE, 0xFC, 0xDE, 0xFC, 0xDE, 0xFC, 0x08, 0x22, 0xFF, 0x05, 0x9C, 0x23, 0x9C, 0x23, 0x4A, 0x21,
  0x00, 0x00, 0x00, 0x00, 0x00, 0x00, 0xFF, 0x05, 0x08, 0x22, 0xD6, 0xDC, 0xD6, 0xDC, 0x08, 0x22, 0x08, 0x22, 0x08, 0x22, 0xA4, 0x83, 0xA4, 0x83,
  0xA4, 0x83, 0xA4, 0x83, 0xA4, 0x83, 0xA4, 0x83, 0xA4, 0x83, 0xA4, 0x83, 0xA4, 0x83, 0xA4, 0x83, 0xA4, 0x83, 0xA4, 0x83, 0xA4, 0x83, 0xA4, 0x83,
  0xA4, 0x83, 0xA4, 0x83, 0xA4, 0x83, 0xA4, 0x83, 0xA4, 0x83, 0xA4, 0x83, 0xA4, 0x83, 0xA4, 0x83, 0xA4, 0x83, 0xA4, 0x83, 0xA4, 0x83, 0xA4, 0x83,
  0xA4, 0x83, 0xA4, 0x83, 0x08, 0x22, 0x08, 0x22, 0x08, 0x22, 0xD6, 0xDC, 0xD6, 0xDC, 0x08, 0x22, 0xFF, 0x05, 0x00, 0x00, 0x00, 0x00, 0x00, 0x00,
  0x00, 0x00, 0x00, 0x00, 0x00, 0x00, 0xFF, 0x05, 0x08, 0x22, 0xD6, 0xDC, 0xD6, 0xDC, 0x08, 0x22, 0x08, 0x22, 0x00, 0x02, 0xE6, 0xD4, 0xE6, 0xD4,
  0xE6, 0xD4, 0xE6, 0xD4, 0xE6, 0xD4, 0xE6, 0xD4, 0xE6, 0xD4, 0xE6, 0xD4, 0xE6, 0xD4, 0xE6, 0xD4, 0xE6, 0xD4, 0xE6, 0xD4, 0xE6, 0xD4, 0xE6, 0xD4,
  0xE6, 0xD4, 0xE6, 0xD4, 0xE6, 0xD4, 0xE6, 0xD4, 0xE6, 0xD4, 0xE6, 0xD4, 0xE6, 0xD4, 0xE6, 0xD4, 0xE6, 0xD4, 0xE6, 0xD4, 0xE6, 0xD4, 0xE6, 0xD4,
  0xE6, 0xD4, 0xE6, 0xD4, 0x00, 0x02, 0x08, 0x22, 0x08, 0x22, 0xD6, 0xDC, 0xD6, 0xDC, 0x08, 0x22, 0xFF, 0x05, 0x00, 0x00, 0x00, 0x00, 0x00, 0x00,
  0x4A, 0x21, 0x9C, 0x23, 0x9C, 0x23, 0xFF, 0x05, 0x08, 0x22, 0xD6, 0xDC, 0xD6, 0xDC, 0x08, 0x22, 0x08, 0x22, 0x00, 0x02, 0xE6, 0xD4, 0xE6, 0xD4,
  0xE6, 0xD4, 0xE6, 0xD4, 0xE6, 0xD4, 0xE6, 0xD4, 0xE6, 0xD4, 0xE6, 0xD4, 0xE6, 0xD4, 0xE6, 0xD4, 0xE6, 0xD4, 0xE6, 0xD4, 0xE6, 0xD4, 0xE6, 0xD4,
  0xE6, 0xD4, 0xE6, 0xD4, 0xE6, 0xD4, 0xE6, 0xD4, 0xE6, 0xD4, 0xE6, 0xD4, 0xE6, 0xD4, 0xE6, 0xD4, 0xE6, 0xD4, 0xE6, 0xD4, 0xE6, 0xD4, 0xE6, 0xD4,
  0xE6, 0xD4, 0xE6, 0xD4, 0x00, 0x02, 0x08, 0x22, 0x08, 0x22, 0xD6, 0xDC, 0xD6, 0xDC, 0x08, 0x22, 0xFF, 0x05, 0x9C, 0x23, 0x9C, 0x23, 0x4A, 0x21,
  0x00, 0x00, 0x00, 0x00, 0x00, 0x00, 0xFF, 0x05, 0x08, 0x22, 0xD6, 0xBB, 0xD6, 0xBB, 0x08, 0x22, 0x08, 0x22, 0xA4, 0x83, 0x8B, 0xA2, 0x10, 0x24,
  0x10, 0x24, 0x10, 0x24, 0x10, 0x24, 0x10, 0x24, 0x10, 0x24, 0x10, 0x24, 0x10, 0x24, 0x10, 0x24, 0x10, 0x24, 0x10, 0x24, 0x10, 0x24, 0x10, 0x24,
  0x10, 0x24, 0x10, 0x24, 0x10, 0x24, 0x10, 0x24, 0x10, 0x24, 0x10, 0x24, 0x10, 0x24, 0x10, 0x24, 0x10, 0x24, 0x10, 0x24, 0x10, 0x24, 0x10, 0x24,
  0x10, 0x24, 0x8B, 0xA2, 0xA4, 0x83, 0x08, 0x22, 0x08, 0x22, 0xD6, 0xBB, 0xD6, 0xBB, 0x08, 0x22, 0xFF, 0x05, 0x00, 0x00, 0x00, 0x00, 0x00, 0x00,
  0x00, 0x00, 0x00, 0x00, 0x00, 0x00, 0xFF, 0x05, 0x08, 0x22, 0xD6, 0xBB, 0xD6, 0xBB, 0x08, 0x22, 0x08, 0x22, 0xFF, 0xB6, 0xFF, 0xB6, 0xFF, 0xDB,
  0xFF, 0xDB, 0xFF, 0xDB, 0xFF, 0xDB, 0xFF, 0xDB, 0xFF, 0xDB, 0xFF, 0xDB, 0xFF, 0xDB, 0xFF, 0xDB, 0xFF, 0xDB, 0xFF, 0xDB, 0xFF, 0xDB, 0xFF, 0xDB,
  0xFF, 0xDB, 0xFF, 0xDB, 0xFF, 0xDB, 0xFF, 0xDB, 0xFF, 0xDB, 0xFF, 0xDB, 0xFF, 0xDB, 0xFF, 0xDB, 0xFF, 0xDB, 0xFF, 0xDB, 0xFF, 0xDB, 0xFF, 0xDB,
  0xFF, 0xDB, 0xFF, 0xB6, 0xFF, 0xB6, 0x08, 0x22, 0x08, 0x22, 0xD6, 0xBB, 0xD6, 0xBB, 0x08, 0x22, 0xFF, 0x05, 0x00, 0x00, 0x00, 0x00, 0x00, 0x00,
  0x4A, 0x21, 0x9C, 0x23, 0x9C, 0x23, 0xFF, 0x05, 0x08, 0x22, 0xD6, 0xBB, 0xD6, 0xBB, 0x08, 0x22, 0x08, 0x22, 0xFF, 0xB6, 0xFF, 0xB6, 0xFF, 0xDB,
  0xFF, 0xDB, 0xFF, 0xDB, 0xFF, 0xDB, 0xFF, 0xDB, 0xFF, 0xDB, 0xFF, 0xDB, 0xFF, 0xDB, 0xFF, 0xDB, 0xFF, 0xDB, 0xFF, 0xDB, 0xFF, 0xDB, 0xFF, 0xDB,
  0xFF, 0xDB, 0xFF, 0xDB, 0xFF, 0xDB, 0xFF, 0xDB, 0xFF, 0xDB, 0xFF, 0xDB, 0xFF, 0xDB, 0xFF, 0xDB, 0xFF, 0xDB, 0xFF, 0xDB, 0xFF, 0xDB, 0xFF, 0xDB,
  0xFF, 0xDB, 0xFF, 0xB6, 0xFF, 0xB6, 0x08, 0x22, 0x08, 0x22, 0xD6, 0xBB, 0xD6, 0xBB, 0x08, 0x22, 0xFF, 0x05, 0x9C, 0x23, 0x9C, 0x23, 0x4A, 0x21,
  0x00, 0x00, 0x00, 0x00, 0x00, 0x00, 0xFF, 0x05, 0x08, 0x22, 0xCE, 0x9B, 0xCE, 0x9B, 0x08, 0x22, 0x08, 0x22, 0xA4, 0x83, 0x10, 0x45, 0x10, 0x45,
  0x10, 0x45, 0x10, 0x45, 0x10, 0x45, 0x10, 0x45, 0x10, 0x45, 0x10, 0x45, 0x10, 0x45, 0x10, 0x45, 0x10, 0x45, 0x10, 0x45, 0x10, 0x45, 0x10, 0x45,
  0x10, 0x45, 0x10, 0x45, 0x10, 0x45, 0x10, 0x45, 0x10, 0x45, 0x10, 0x45, 0x10, 0x45, 0x10, 0x45, 0x10, 0x45, 0x10, 0x45, 0x10, 0x45, 0x10, 0x45,
  0x10, 0x45, 0x10, 0x45, 0xA4, 0x83, 0x08, 0x22, 0x08, 0x22, 0xCE, 0x9B, 0xCE, 0x9B, 0x08, 0x22, 0xFF, 0x05, 0x00, 0x00, 0x00, 0x00, 0x00, 0x00,
  0x00, 0x00, 0x00, 0x00, 0x00, 0x00, 0xFF, 0x05, 0x08, 0x22, 0xCE, 0x9B, 0xCE, 0x9B, 0x08, 0x22, 0x08, 0x22, 0xFF, 0x95, 0xFF, 0xDA, 0xFF, 0xDA,
  0xFF, 0xDA, 0xFF, 0xDA, 0xFF, 0xDA, 0xFF, 0xDA, 0xFF, 0xDA, 0xFF, 0xDA, 0xFF, 0xDA, 0xFF, 0xDA, 0xFF, 0xDA, 0xFF, 0xDA, 0xFF, 0xDA, 0xFF, 0xDA,
  0xFF, 0xDA, 0xFF, 0xDA, 0xFF, 0xDA, 0xFF, 0xDA, 0xFF, 0xDA, 0xFF, 0xDA, 0xFF, 0xDA, 0xFF, 0xDA, 0xFF, 0xDA, 0xFF, 0xDA, 0xFF, 0xDA, 0xFF, 0xDA,
  0xFF, 0xDA, 0xFF, 0xDA, 0xFF, 0x95, 0x08, 0x22, 0x08, 0x22, 0xCE, 0x9B, 0xCE, 0x9B, 0x08, 0x22, 0xFF, 0x05, 0x00, 0x00, 0x00, 0x00, 0x00, 0x00,
  0x4A, 0x21, 0x9C, 0x23, 0x9C, 0x23, 0xFF, 0x05, 0x08, 0x22, 0xCE, 0x9B, 0xCE, 0x9B, 0x08, 0x22, 0x08, 0x22, 0xFF, 0x95, 0xFF, 0xDA, 0xFF, 0xDA,
  0xFF, 0xDA, 0xFF, 0xDA, 0xFF, 0xDA, 0xFF, 0xDA, 0xFF, 0xDA, 0xFF, 0xDA, 0xFF, 0xDA, 0xFF, 0xDA, 0xFF, 0xDA, 0xFF, 0xDA, 0xFF, 0xDA, 0xFF, 0xDA,
  0xFF, 0xDA, 0xFF, 0xDA, 0xFF, 0xDA, 0xFF, 0xDA, 0xFF, 0xDA, 0xFF, 0xDA, 0xFF, 0xDA, 0xFF, 0xDA, 0xFF, 0xDA, 0xFF, 0xDA, 0xFF, 0xDA, 0xFF, 0xDA,
  0xFF, 0xDA, 0xFF, 0xDA, 0xFF, 0x95, 0x08, 0x22, 0x08, 0x22, 0xCE, 0x9B, 0xCE, 0x9B, 0x08, 0x22, 0xFF, 0x05, 0x9C, 0x23, 0x9C, 0x23, 0x4A, 0x21,
  0x00, 0x00, 0x00, 0x00, 0x00, 0x00, 0xFF, 0x05, 0x08, 0x22, 0xC6, 0x5A, 0xC6, 0x5A, 0x08, 0x22, 0x08, 0x22, 0xA4, 0x83, 0x18, 0x45, 0x18, 0x45,
  0x18, 0x45, 0x18, 0x45, 0x18, 0x45, 0x18, 0x45, 0x18, 0x45, 0x18, 0x45, 0x18, 0x45, 0x18, 0x45, 0x18, 0x45, 0x18, 0x45, 0x18, 0x45, 0x18, 0x45,
  0x18, 0x45, 0x18, 0x45, 0x18, 0x45, 0x18, 0x45, 0x18, 0x45, 0x18, 0x45, 0x18, 0x45, 0x18, 0x45, 0x18, 0x45, 0x18, 0x45, 0x18, 0x45, 0x18, 0x45,
  0x18, 0x45, 0x18, 0x45, 0xA4, 0x83, 0x08, 0x22, 0x08, 0x22, 0xC6, 0x5A, 0xC6, 0x5A, 0x08, 0x22, 0xFF, 0x05, 0x00, 0x00, 0x00, 0x00, 0x00, 0x00,
  0x00, 0x00, 0x00, 0x00, 0x00, 0x00, 0xFF, 0x05, 0x08, 0x22, 0xC6, 0x5A, 0xC6, 0x5A, 0x08, 0x22, 0x08, 0x22, 0xE6, 0xB1, 0xEF, 0x37, 0xEF, 0x37,
  0xEF, 0x37, 0xEF, 0x37, 0xEF, 0x37, 0xEF, 0x37, 0xEF, 0x37, 0xEF, 0x37, 0xEF, 0x37, 0xEF, 0x37, 0xEF, 0x37, 0xEF, 0x37, 0xEF, 0x37, 0xEF, 0x37,
  0xEF, 0x37, 0xEF, 0x37, 0xEF, 0x37, 0xEF, 0x37, 0xEF, 0x37, 0xEF, 0x37, 0xEF, 0x37, 0xEF, 0x37, 0xEF, 0x37, 0xEF, 0x37, 0xEF, 0x37, 0xEF, 0x37,
  0xEF, 0x37, 0xEF, 0x37, 0xE6, 0xB1, 0x08, 0x22, 0x08, 0x22, 0xC6, 0x5A, 0xC6, 0x5A, 0x08, 0x22, 0xFF, 0x05, 0x00, 0x00, 0x00, 0x00, 0x00, 0x00,
  0x4A, 0x21, 0x9C, 0x23, 0x9C, 0x23, 0xFF, 0x05, 0x08, 0x22, 0xC6, 0x5A, 0xC6, 0x5A, 0x08, 0x22, 0x08, 0x22, 0xE6, 0xB1, 0xEF, 0x37, 0xEF, 0x37,
  0xEF, 0x37, 0xEF, 0x37, 0xEF, 0x37, 0xEF, 0x37, 0xEF, 0x37, 0xEF, 0x37, 0xEF, 0x37, 0xEF, 0x37, 0xEF, 0x37, 0xEF, 0x37, 0xEF, 0x37, 0xEF, 0x37,
  0xEF, 0x37, 0xEF, 0x37, 0xEF, 0x37, 0xEF, 0x37, 0xEF, 0x37, 0xEF, 0x37, 0xEF, 0x37, 0xEF, 0x37, 0xEF, 0x37, 0xEF, 0x37, 0xEF, 0x37, 0xEF, 0x37,
  0xEF, 0x37, 0xEF, 0x37, 0xE6, 0xB1, 0x08, 0x22, 0x08, 0x22, 0xC6, 0x5A, 0xC6, 0x5A, 0x08, 0x22, 0xFF, 0x05, 0x9C, 0x23, 0x9C, 0x23, 0x4A, 0x21,
  0x00, 0x00, 0x00, 0x00, 0x00, 0x00, 0xFF, 0x05, 0x08, 0x22, 0xC6, 0x3A, 0xC6, 0x3A, 0x08, 0x23, 0x08, 0x23, 0xA4, 0x83, 0x10, 0x24, 0x10, 0x24,
  0x10, 0x24, 0x10, 0x24, 0x10, 0x24, 0x10, 0x24, 0x10, 0x24, 0x10, 0x24, 0x10, 0x24, 0x10, 0x24, 0x10, 0x24, 0x10, 0x24, 0x10, 0x24, 0x10, 0x24,
  0x10, 0x24, 0x10, 0x24, 0x10, 0x24, 0x10, 0x24, 0x10, 0x24, 0x10, 0x24, 0x10, 0x24, 0x10, 0x24, 0x10, 0x24, 0x10, 0x24, 0x10, 0x24, 0x10, 0x24,
  0x10, 0x24, 0x10, 0x24, 0xA4, 0x83, 0x08, 0x23, 0x08, 0x23, 0xC6, 0x3A, 0xC6, 0x3A, 0x08, 0x22, 0xFF, 0x05, 0x00, 0x00, 0x00, 0x00, 0x00, 0x00,
  0x00, 0x00, 0x00, 0x00, 0x00, 0x00, 0xFF, 0x05, 0x08, 0x22, 0xC6, 0x3A, 0xC6, 0x3A, 0x08, 0x23, 0x08, 0x23, 0xFF, 0x92, 0xFF, 0xB7, 0xFF, 0xB7,
  0xFF, 0xB7, 0xFF, 0xB7, 0xFF, 0xB7, 0xFF, 0xB7, 0xFF, 0xB7, 0xFF, 0xB7, 0xFF, 0xB7, 0xFF, 0xB7, 0xFF, 0xB7, 0xFF, 0xB7, 0xFF, 0xB7, 0xFF, 0xB7,
  0xFF, 0xB7, 0xFF, 0xB7, 0xFF, 0xB7, 0xFF, 0xB7, 0xFF, 0xB7, 0xFF, 0xB7, 0xFF, 0xB7, 0xFF, 0xB7, 0xFF, 0xB7, 0xFF, 0xB7, 0xFF, 0xB7, 0xFF, 0xB7,
  0xFF, 0xB7, 0xFF, 0xB7, 0xFF, 0x92, 0x08, 0x23, 0x08, 0x23, 0xC6, 0x3A, 0xC6, 0x3A, 0x08, 0x22, 0xFF, 0x05, 0x00, 0x00, 0x00, 0x00, 0x00, 0x00,
  0x4A, 0x21, 0x9C, 0x23, 0x9C, 0x23, 0xFF, 0x05, 0x08, 0x22, 0xC6, 0x3A, 0xC6, 0x3A, 0x08, 0x23, 0x08, 0x23, 0xFF, 0x92, 0xFF, 0xB7, 0xFF, 0xB7,
  0xFF, 0xB7, 0xFF, 0xB7, 0xFF, 0xB7, 0xFF, 0xB7, 0xFF, 0xB7, 0xFF, 0xB7, 0xFF, 0xB7, 0xFF, 0xB7, 0xFF, 0xB7, 0xFF, 0xB7, 0xFF, 0xB7, 0xFF, 0xB7,
  0xFF, 0xB7, 0xFF, 0xB7, 0xFF, 0xB7, 0xFF, 0xB7, 0xFF, 0xB7, 0xFF, 0xB7, 0xFF, 0xB7, 0xFF, 0xB7, 0xFF, 0xB7, 0xFF, 0xB7, 0xFF, 0xB7, 0xFF, 0xB7,
  0xFF, 0xB7, 0xFF, 0xB7, 0xFF, 0x92, 0x08, 0x23, 0x08, 0x23, 0xC6, 0x3A, 0xC6, 0x3A, 0x08, 0x22, 0xFF, 0x05, 0x9C, 0x23, 0x9C, 0x23, 0x4A, 0x21,
  0x00, 0x00, 0x00, 0x00, 0x00, 0x00, 0xFF, 0x05, 0x08, 0x22, 0xBE, 0x19, 0xBE, 0x19, 0x08, 0x23, 0x08, 0x23, 0xA4, 0x83, 0x18, 0x45, 0x18, 0x45,
  0x18, 0x45, 0x18, 0x45, 0x18, 0x45, 0x18, 0x45, 0x18, 0x45, 0x18, 0x45, 0x18, 0x45, 0x18, 0x45, 0x18, 0x45, 0x18, 0x45, 0x18, 0x45, 0x18, 0x45,
  0x18, 0x45, 0x18, 0x45, 0x18, 0x45, 0x18, 0x45, 0x18, 0x45, 0x18, 0x45, 0x18, 0x45, 0x18, 0x45, 0x18, 0x45, 0x18, 0x45, 0x18, 0x45, 0x18, 0x45,
  0x18, 0x45, 0x18, 0x45, 0xA4, 0x83, 0x08, 0x23, 0x08, 0x23, 0xBE, 0x19, 0xBE, 0x19, 0x08, 0x22, 0xFF, 0x05, 0x00, 0x00, 0x00, 0x00, 0x00, 0x00,
  0x00, 0x00, 0x00, 0x00, 0x00, 0x00, 0xFF, 0x05, 0x08, 0x22, 0xBE, 0x19, 0xBE, 0x19, 0x08, 0x23, 0x08, 0x23, 0xFF, 0x71, 0xFF, 0xB5, 0xFF, 0xB5,
  0xFF, 0xB5, 0xFF, 0xB5, 0xFF, 0xB5, 0xFF, 0xB5, 0xFF, 0xB5, 0xFF, 0xB5, 0xFF, 0xB5, 0xFF, 0xB5, 0xFF, 0xB5, 0xFF, 0xB5, 0xFF, 0xB5, 0xFF, 0xB5,
  0xFF, 0xB5, 0xFF, 0xB5, 0xFF, 0xB5, 0xFF, 0xB5, 0xFF, 0xB5, 0xFF, 0xB5, 0xFF, 0xB5, 0xFF, 0xB5, 0xFF, 0xB5, 0xFF, 0xB5, 0xFF, 0xB5, 0xFF, 0xB5,
  0xFF, 0xB5, 0xFF, 0xB5, 0xFF, 0x71, 0x08, 0x23, 0x08, 0x23, 0xBE, 0x19, 0xBE, 0x19, 0x08, 0x22, 0xFF, 0x05, 0x00, 0x00, 0x00, 0x00, 0x00, 0x00,
  0x4A, 0x21, 0x9C, 0x23, 0x9C, 0x23, 0xFF, 0x05, 0x08, 0x22, 0xBE, 0x19, 0xBE, 0x19, 0x08, 0x23, 0x08, 0x23, 0xFF, 0x71, 0xFF, 0xB5, 0xFF, 0xB5,
  0xFF, 0xB5, 0xFF, 0xB5, 0xFF, 0xB5, 0xFF, 0xB5, 0xFF, 0xB5, 0xFF, 0xB5, 0xFF, 0xB5, 0xFF, 0xB5, 0xFF, 0xB5, 0xFF, 0xB5, 0xFF, 0xB5, 0xFF, 0xB5,
  0xFF, 0xB5, 0xFF, 0xB5, 0xFF, 0xB5, 0xFF, 0xB5, 0xFF, 0xB5, 0xFF, 0xB5, 0xFF, 0xB5, 0xFF, 0xB5, 0xFF, 0xB5, 0xFF, 0xB5, 0xFF, 0xB5, 0xFF, 0xB5,
  0xFF, 0xB5, 0xFF, 0xB5, 0xFF, 0x71, 0x08, 0x23, 0x08, 0x23, 0xBE, 0x19, 0xBE, 0x19, 0x08, 0x22, 0xFF, 0x05, 0x9C, 0x23, 0x9C, 0x23, 0x4A, 0x21,
  0x00, 0x00, 0x00, 0x00, 0x00, 0x00, 0xFF, 0x05, 0x08, 0x22, 0xBD, 0xF9, 0xBD, 0xF9, 0x08, 0x23, 0x08, 0x23, 0xA4, 0x83, 0x18, 0x45, 0x18, 0x45,
  0x18, 0x45, 0x18, 0x45, 0x18, 0x45, 0x18, 0x45, 0x18, 0x45, 0x18, 0x45, 0x18, 0x45, 0x18, 0x45, 0x18, 0x45, 0x18, 0x45, 0x18, 0x45, 0x18, 0x45,
  0x18, 0x45, 0x18, 0x45, 0x18, 0x45, 0x18, 0x45, 0x18, 0x45, 0x18, 0x45, 0x18, 0x45, 0x18, 0x45, 0x18, 0x45, 0x18, 0x45, 0x18, 0x45, 0x18, 0x45,
  0x18, 0x45, 0x18, 0x45, 0xA4, 0x83, 0x08, 0x23, 0x08, 0x23, 0xBD, 0xF9, 0xBD, 0xF9, 0x08, 0x22, 0xFF, 0x05, 0x00, 0x00, 0x00, 0x00, 0x00, 0x00,
  0x00, 0x00, 0x00, 0x00, 0x00, 0x00, 0xFF, 0x05, 0x08, 0x22, 0xBD, 0xF9, 0xBD, 0xF9, 0x08, 0x23, 0x08, 0x23, 0xE6, 0x8D, 0xEE, 0xF2, 0xEE, 0xF2,
  0xEE, 0xF2, 0xEE, 0xF2, 0xEE, 0xF2, 0xEE, 0xF2, 0x08, 0x22, 0x08, 0x22, 0x08, 0x22, 0x08, 0x22, 0x08, 0x22, 0x08, 0x22, 0x08, 0x22, 0x08, 0x22,
  0x08, 0x22, 0x08, 0x22, 0x08, 0x22, 0x08, 0x22, 0x08, 0x22, 0x08, 0x22, 0x08, 0x22, 0x08, 0x22, 0xEE, 0xF2, 0xEE, 0xF2, 0xEE, 0xF2, 0xEE, 0xF2,
  0xEE, 0xF2, 0xEE, 0xF2, 0xE6, 0x8D, 0x08, 0x23, 0x08, 0x23, 0xBD, 0xF9, 0xBD, 0xF9, 0x08, 0x22, 0xFF, 0x05, 0x00, 0x00, 0x00, 0x00, 0x00, 0x00,
  0x4A, 0x21, 0x9C, 0x23, 0x9C, 0x23, 0xFF, 0x05, 0x08, 0x22, 0xBD, 0xF9, 0xBD, 0xF9, 0x08, 0x23, 0x08, 0x23, 0xE6, 0x8D, 0xEE, 0xF2, 0xEE, 0xF2,
  0xEE, 0xF2, 0xEE, 0xF2, 0xEE, 0xF2, 0xEE, 0xF2, 0x08, 0x22, 0x08, 0x22, 0x08, 0x22, 0x08, 0x22, 0x08, 0x22, 0x08, 0x22, 0x08, 0x22, 0x08, 0x22,
  0x08, 0x22, 0x08, 0x22, 0x08, 0x22, 0x08, 0x22, 0x08, 0x22, 0x08, 0x22, 0x08, 0x22, 0x08, 0x22, 0xEE, 0xF2, 0xEE, 0xF2, 0xEE, 0xF2, 0xEE, 0xF2,
  0xEE, 0xF2, 0xEE, 0xF2, 0xE6, 0x8D, 0x08, 0x23, 0x08, 0x23, 0xBD, 0xF9, 0xBD, 0xF9, 0x08, 0x22, 0xFF, 0x05, 0x9C, 0x23, 0x9C, 0x23, 0x4A, 0x21,
  0x00, 0x00, 0x00, 0x00, 0x00, 0x00, 0xFF, 0x05, 0x08, 0x22, 0xB5, 0xB8, 0xB5, 0xB8, 0x08, 0x23, 0x08, 0x23, 0xA4, 0x83, 0x10, 0x44, 0x10, 0x44,
  0x10, 0x44, 0x10, 0x44, 0x10, 0x44, 0x10, 0x44, 0x10, 0x44, 0x10, 0x44, 0x10, 0x44, 0x10, 0x44, 0x10, 0x44, 0x10, 0x44, 0x10, 0x44, 0x10, 0x44,
  0x10, 0x44, 0x10, 0x44, 0x10, 0x44, 0x10, 0x44, 0x10, 0x44, 0x10, 0x44, 0x10, 0x44, 0x10, 0x44, 0x10, 0x44, 0x10, 0x44, 0x10, 0x44, 0x10, 0x44,
  0x10, 0x44, 0x10, 0x44, 0xA4, 0x83, 0x08, 0x23, 0x08, 0x23, 0xB5, 0xB8, 0xB5, 0xB8, 0x08, 0x22, 0xFF, 0x05, 0x00, 0x00, 0x00, 0x00, 0x00, 0x00,
  0x00, 0x00, 0x00, 0x00, 0x00, 0x00, 0xFF, 0x05, 0x08, 0x22, 0xB5, 0xB8, 0xB5, 0xB8, 0x08, 0x23, 0x08, 0x23, 0xFF, 0x6E, 0xFF, 0x92, 0xFF, 0x92,
  0xFF, 0x92, 0xFF, 0x92, 0xFF, 0x92, 0x08, 0x22, 0x08, 0x22, 0xFF, 0xFF, 0xFF, 0xFF, 0xFF, 0xFF, 0xFF, 0xFF, 0xFF, 0xFF, 0xFF, 0xFF, 0xFF, 0xFF,
  0xFF, 0xFF, 0xFF, 0xFF, 0xFF, 0xFF, 0xFF, 0xFF, 0xFF, 0xFF, 0xFF, 0xFF, 0xFF, 0xFF, 0x08, 0x22, 0x08, 0x22, 0xFF, 0x92, 0xFF, 0x92, 0xFF, 0x92,
  0xFF, 0x92, 0xFF, 0x92, 0xFF, 0x6E, 0x08, 0x23, 0x08, 0x23, 0xB5, 0xB8, 0xB5, 0xB8, 0x08, 0x22, 0xFF, 0x05, 0x00, 0x00, 0x00, 0x00, 0x00, 0x00,
  0x4A, 0x21, 0x9C, 0x23, 0x9C, 0x23, 0xFF, 0x05, 0x08, 0x22, 0xB5, 0xB8, 0xB5, 0xB8, 0x08, 0x23, 0x08, 0x23, 0xFF, 0x6E, 0xFF, 0x92, 0xFF, 0x92,
  0xFF, 0x92, 0xFF, 0x92, 0xFF, 0x92, 0x08, 0x22, 0x08, 0x22, 0xFF, 0xFF, 0xFF, 0xFF, 0xFF, 0xFF, 0xFF, 0xFF, 0xFF, 0xFF, 0xFF, 0xFF, 0xFF, 0xFF,
  0xFF, 0xFF, 0xFF, 0xFF, 0xFF, 0xFF, 0xFF, 0xFF, 0xFF, 0xFF, 0xFF, 0xFF, 0xFF, 0xFF, 0x08, 0x22, 0x08, 0x22, 0xFF, 0x92, 0xFF, 0x92, 0xFF, 0x92,
  0xFF, 0x92, 0xFF, 0x92, 0xFF, 0x6E, 0x08, 0x23, 0x08, 0x23, 0xB5, 0xB8, 0xB5, 0xB8, 0x08, 0x22, 0xFF, 0x05, 0x9C, 0x23, 0x9C, 0x23, 0x4A, 0x21,
  0x00, 0x00, 0x00, 0x00, 0x00, 0x00, 0xFF, 0x05, 0x08, 0x22, 0xAD, 0x97, 0xAD, 0x97, 0x08, 0x23, 0x08, 0x23, 0xA4, 0x83, 0x18, 0x46, 0x18, 0x46,
  0x18, 0x46, 0x18, 0x46, 0x18, 0x46, 0x18, 0x46, 0x18, 0x46, 0x18, 0x46, 0x18, 0x46, 0x18, 0x46, 0x18, 0x46, 0x18, 0x46, 0x18, 0x46, 0x18, 0x46,
  0x18, 0x46, 0x18, 0x46, 0x18, 0x46, 0x18, 0x46, 0x18, 0x46, 0x18, 0x46, 0x18, 0x46, 0x18, 0x46, 0x18, 0x46, 0x18, 0x46, 0x18, 0x46, 0x18, 0x46,
  0x18, 0x46, 0x18, 0x46, 0xA4, 0x83, 0x08, 0x23, 0x08, 0x23, 0xAD, 0x97, 0xAD, 0x97, 0x08, 0x22, 0xFF, 0x05, 0x00, 0x00, 0x00, 0x00, 0x00, 0x00,
  0x00, 0x00, 0x00, 0x00, 0x00, 0x00, 0xFF, 0x05, 0x08, 0x22, 0xAD, 0x97, 0xAD, 0x97, 0x08, 0x23, 0x08, 0x23, 0xFF, 0x4D, 0xFF, 0x70, 0xFF, 0x70,
  0xFF, 0x70, 0xFF, 0x70, 0xFF, 0x70, 0x08, 0x22, 0xFF, 0xFF, 0xFF, 0xFF, 0xFF, 0xFF, 0xFF, 0xFF, 0xFF, 0xFF, 0xFF, 0xFF, 0xFF, 0xFF, 0xFF, 0xFF,
  0xFF, 0xFF, 0xFF, 0xFF, 0xFF, 0xFF, 0xFF, 0xFF, 0xFF, 0xFF, 0xFF, 0xFF, 0xFF, 0xFF, 0xFF, 0xFF, 0x08, 0x22, 0xFF, 0x70, 0xFF, 0x70, 0xFF, 0x70,
  0xFF, 0x70, 0xFF, 0x70, 0xFF, 0x4D, 0x08, 0x23, 0x08, 0x23, 0xAD, 0x97, 0xAD, 0x97, 0x08, 0x22, 0xFF, 0x05, 0x00, 0x00, 0x00, 0x00, 0x00, 0x00,
  0x4A, 0x21, 0x9C, 0x23, 0x9C, 0x23, 0xFF, 0x05, 0x08, 0x22, 0xAD, 0x97, 0xAD, 0x97, 0x08, 0x23, 0x08, 0x23, 0xFF, 0x4D, 0xFF, 0x70, 0xFF, 0x70,
  0xFF, 0x70, 0xFF, 0x70, 0xFF, 0x70, 0x08, 0x22, 0xFF, 0xFF, 0xFF, 0xFF, 0xFF, 0xFF, 0xFF, 0xFF, 0xFF, 0xFF, 0xFF, 0xFF, 0xFF, 0xFF, 0xFF, 0xFF,
  0xFF, 0xFF, 0xFF, 0xFF, 0xFF, 0xFF, 0xFF, 0xFF, 0xFF, 0xFF, 0xFF, 0xFF, 0xFF, 0xFF, 0xFF, 0xFF, 0x08, 0x22, 0xFF, 0x70, 0xFF, 0x70, 0xFF, 0x70,
  0xFF, 0x70, 0xFF, 0x70, 0xFF, 0x4D, 0x08, 0x23, 0x08, 0x23, 0xAD, 0x97, 0xAD, 0x97, 0x08, 0x22, 0xFF, 0x05, 0x9C, 0x23, 0x9C, 0x23, 0x4A, 0x21,
  0x00, 0x00, 0x00, 0x00, 0x00, 0x00, 0xFF, 0x05, 0x08, 0x22, 0xAD, 0x77, 0xAD, 0x77, 0x08, 0x23, 0x08, 0x23, 0xA4, 0x83, 0x18, 0x46, 0x18, 0x46,
  0x18, 0x46, 0x18, 0x46, 0x18, 0x46, 0x18, 0x46, 0x18, 0x46, 0x18, 0x46, 0x18, 0x46, 0x18, 0x46, 0x18, 0x46, 0x18, 0x46, 0x18, 0x46, 0x18, 0x46,
  0x18, 0x46, 0x18, 0x46, 0x18, 0x46, 0x18, 0x46, 0x18, 0x46, 0x18, 0x46, 0x18, 0x46, 0x18, 0x46, 0x18, 0x46, 0x18, 0x46, 0x18, 0x46, 0x18, 0x46,
  0x18, 0x46, 0x18, 0x46, 0xA4, 0x83, 0x08, 0x23, 0x08, 0x23, 0xAD, 0x77, 0xAD, 0x77, 0x08, 0x22, 0xFF, 0x05, 0x00, 0x00, 0x00, 0x00, 0x00, 0x00,
  0x00, 0x00, 0x00, 0x00, 0x00, 0x00, 0xFF, 0x05, 0x08, 0x22, 0xAD, 0x77, 0xAD, 0x77, 0x08, 0x23, 0x08, 0x23, 0xE6, 0x6A, 0xE6, 0xAD, 0xE6, 0xAD,
  0xE6, 0xAD, 0xE6, 0xAD, 0xE6, 0xAD, 0x08, 0x22, 0xFF, 0xFE, 0xFF, 0xFE, 0xFF, 0xFE, 0xFF, 0xFE, 0xFF, 0xFE, 0xFF, 0xFE, 0xFF, 0xFE, 0xFF, 0xFE,
  0xFF, 0xFE, 0xFF, 0xFE, 0xFF, 0xFE, 0xFF, 0xFE, 0xFF, 0xFE, 0xFF, 0xFE, 0xFF, 0xFE, 0xFF, 0xFE, 0x08, 0x22, 0xE6, 0xAD, 0xE6, 0xAD, 0xE6, 0xAD,
  0xE6, 0xAD, 0xE6, 0xAD, 0xE6, 0x6A, 0x08, 0x23, 0x08, 0x23, 0xAD, 0x77, 0xAD, 0x77, 0x08, 0x22, 0xFF, 0x05, 0x00, 0x00, 0x00, 0x00, 0x00, 0x00,
  0x4A, 0x21, 0x9C, 0x23, 0x9C, 0x23, 0xFF, 0x05, 0x08, 0x22, 0xAD, 0x77, 0xAD, 0x77, 0x08, 0x23, 0x08, 0x23, 0xE6, 0x6A, 0xE6, 0xAD, 0xE6, 0xAD,
  0xE6, 0xAD, 0xE6, 0xAD, 0xE6, 0xAD, 0x08, 0x22, 0xFF, 0xFE, 0xFF, 0xFE, 0xFF, 0xFE, 0xFF, 0xFE, 0xFF, 0xFE, 0xFF, 0xFE, 0xFF, 0xFE, 0xFF, 0xFE,
  0xFF, 0xFE, 0xFF, 0xFE, 0xFF, 0xFE, 0xFF, 0xFE, 0xFF, 0xFE, 0xFF, 0xFE, 0xFF, 0xFE, 0xFF, 0xFE, 0x08, 0x22, 0xE6, 0xAD, 0xE6, 0xAD, 0xE6, 0xAD,
  0xE6, 0xAD, 0xE6, 0xAD, 0xE6, 0x6A, 0x08, 0x23, 0x08, 0x23, 0xAD, 0x77, 0xAD, 0x77, 0x08, 0x22, 0xFF, 0x05, 0x9C, 0x23, 0x9C, 0x23, 0x4A, 0x21,
  0x00, 0x00, 0x00, 0x00, 0x00, 0x00, 0xFF, 0x05, 0x08, 0x22, 0xA5, 0x56, 0xA5, 0x56, 0x10, 0x23, 0x10, 0x23, 0xA4, 0x83, 0x10, 0x45, 0x10, 0x45,
  0x10, 0x45, 0x10, 0x45, 0x10, 0x45, 0x10, 0x45, 0x10, 0x45, 0x10, 0x45, 0x10, 0x45, 0x10, 0x45, 0x6A, 0xC2, 0x6A, 0xC2, 0x6A, 0xC2, 0x6A, 0xC2,
  0x6A, 0xC2, 0x6A, 0xC2, 0x6A, 0xC2, 0x6A, 0xC2, 0x10, 0x45, 0x10, 0x45, 0x10, 0x45, 0x10, 0x45, 0x10, 0x45, 0x10, 0x45, 0x10, 0x45, 0x10, 0x45,
  0x10, 0x45, 0x10, 0x45, 0xA4, 0x83, 0x10, 0x23, 0x10, 0x23, 0xA5, 0x56, 0xA5, 0x56, 0x08, 0x22, 0xFF, 0x05, 0x00, 0x00, 0x00, 0x00, 0x00, 0x00,
  0x00, 0x00, 0x00, 0x00, 0x00, 0x00, 0xFF, 0x05, 0x08, 0x22, 0xA5, 0x56, 0xA5, 0x56, 0x10, 0x23, 0x10, 0x23, 0xFF, 0x2A, 0xFF, 0x4C, 0xFF, 0x4C,
  0xFF, 0x4C, 0xFF, 0x4C, 0xFF, 0x4C, 0x08, 0x22, 0xFF, 0xFD, 0xFF, 0xFD, 0xFF, 0xFD, 0xFF, 0xFD, 0xFF, 0xFD, 0xFF, 0xFD, 0xFF, 0xFD, 0xFF, 0xFD,
  0xFF, 0xFD, 0xFF, 0xFD, 0xFF, 0xFD, 0xFF, 0xFD, 0xFF, 0xFD, 0xFF, 0xFD, 0xFF, 0xFD, 0xFF, 0xFD, 0x08, 0x22, 0xFF, 0x4C, 0xFF, 0x4C, 0xFF, 0x4C,
  0xFF, 0x4C, 0xFF, 0x4C, 0xFF, 0x2A, 0x10, 0x23, 0x10, 0x23, 0xA5, 0x56, 0xA5, 0x56, 0x08, 0x22, 0xFF, 0x05, 0x00, 0x00, 0x00, 0x00, 0x00, 0x00,
  0x4A, 0x21, 0x9C, 0x23, 0x9C, 0x23, 0xFF, 0x05, 0x08, 0x22, 0xA5, 0x56, 0xA5, 0x56, 0x10, 0x23, 0x10, 0x23, 0xFF, 0x2A, 0xFF, 0x4C, 0xFF, 0x4C,
  0xFF, 0x4C, 0xFF, 0x4C, 0xFF, 0x4C, 0x08, 0x22, 0xFF, 0xFD, 0xFF, 0xFD, 0xFF, 0xFD, 0xFF, 0xFD, 0xFF, 0xFD, 0xFF, 0xFD, 0xFF, 0xFD, 0xFF, 0xFD,
  0xFF, 0xFD, 0xFF, 0xFD, 0xFF, 0xFD, 0xFF, 0xFD, 0xFF, 0xFD, 0xFF, 0xFD, 0xFF, 0xFD, 0xFF, 0xFD, 0x08, 0x22, 0xFF, 0x4C, 0xFF, 0x4C, 0xFF, 0x4C,
  0xFF, 0x4C, 0xFF, 0x4C, 0xFF, 0x2A, 0x10, 0x23, 0x10, 0x23, 0xA5, 0x56, 0xA5, 0x56, 0x08, 0x22, 0xFF, 0x05, 0x9C, 0x23, 0x9C, 0x23, 0x4A, 0x21,
  0x00, 0x00, 0x00, 0x00, 0x00, 0x00, 0xFF, 0x05, 0x08, 0x22, 0x9D, 0x16, 0x9D, 0x16, 0x10, 0x23, 0x10, 0x23, 0xA4, 0x83, 0x18, 0x66, 0x18, 0x66,
  0x18, 0x66, 0x18, 0x66, 0x18, 0x66, 0x18, 0x66, 0x18, 0x66, 0x18, 0x66, 0x18, 0x66, 0x83, 0x82, 0x83, 0x82, 0x83, 0x82, 0x83, 0x82, 0x83, 0x82,
  0x83, 0x82, 0x83, 0x82, 0x83, 0x82, 0x83, 0x82, 0x83, 0x82, 0x18, 0x66, 0x18, 0x66, 0x18, 0x66, 0x18, 0x66, 0x18, 0x66, 0x18, 0x66, 0x18, 0x66,
  0x18, 0x66, 0x18, 0x66, 0xA4, 0x83, 0x10, 0x23, 0x10, 0x23, 0x9D, 0x16, 0x9D, 0x16, 0x08, 0x22, 0xFF, 0x05, 0x00, 0x00, 0x00, 0x00, 0x00, 0x00,
  0x00, 0x00, 0x00, 0x00, 0x00, 0x00, 0xFF, 0x05, 0x08, 0x22, 0x9D, 0x16, 0x9D, 0x16, 0x10, 0x23, 0x10, 0x23, 0xFF, 0x29, 0xFF, 0x29, 0xFF, 0x2A,
  0xFF, 0x2A, 0xFF, 0x2A, 0xFF, 0x2A, 0x08, 0x22, 0xFF, 0xDC, 0xFF, 0xDC, 0xFF, 0xDC, 0xFF, 0xDC, 0xFF, 0xDC, 0xFF, 0xDC, 0xFF, 0xDC, 0xFF, 0xDC,
  0xFF, 0xDC, 0xFF, 0xDC, 0xFF, 0xDC, 0xFF, 0xDC, 0xFF, 0xDC, 0xFF, 0xDC, 0xFF, 0xDC, 0xFF, 0xDC, 0x08, 0x22, 0xFF, 0x2A, 0xFF, 0x2A, 0xFF, 0x2A,
  0xFF, 0x2A, 0xFF, 0x29, 0xFF, 0x29, 0x10, 0x23, 0x10, 0x23, 0x9D, 0x16, 0x9D, 0x16, 0x08, 0x22, 0xFF, 0x05, 0x00, 0x00, 0x00, 0x00, 0x00, 0x00,
  0x4A, 0x21, 0x9C, 0x23, 0x9C, 0x23, 0xFF, 0x05, 0x08, 0x22, 0x9D, 0x16, 0x9D, 0x16, 0x10, 0x23, 0x10, 0x23, 0xFF, 0x29, 0xFF, 0x29, 0xFF, 0x2A,
  0xFF, 0x2A, 0xFF, 0x2A, 0xFF, 0x2A, 0x08, 0x22, 0xFF, 0xDC, 0xFF, 0xDC, 0xFF, 0xDC, 0xFF, 0xDC, 0xFF, 0xDC, 0xFF, 0xDC, 0xFF, 0xDC, 0xFF, 0xDC,
  0xFF, 0xDC, 0xFF, 0xDC, 0xFF, 0xDC, 0xFF, 0xDC, 0xFF, 0xDC, 0xFF, 0xDC, 0xFF, 0xDC, 0xFF, 0xDC, 0x08, 0x22, 0xFF, 0x2A, 0xFF, 0x2A, 0xFF, 0x2A,
  0xFF, 0x2A, 0xFF, 0x29, 0xFF, 0x29, 0x10, 0x23, 0x10, 0x23, 0x9D, 0x16, 0x9D, 0x16, 0x08, 0x22, 0xFF, 0x05, 0x9C, 0x23, 0x9C, 0x23, 0x4A, 0x21,
  0x00, 0x00, 0x00, 0x00, 0x00, 0x00, 0xFF, 0x05, 0x08, 0x22, 0x9C, 0xF5, 0x9C, 0xF5, 0x10, 0x24, 0x10, 0x24, 0xA4, 0x83, 0x18, 0x66, 0x18, 0x66,
  0x18, 0x66, 0x18, 0x66, 0x18, 0x66, 0x18, 0x66, 0x18, 0x66, 0x18, 0x66, 0x18, 0x66, 0x83, 0x82, 0x83, 0x82, 0x83, 0x82, 0x83, 0x82, 0x83, 0x82,
  0x83, 0x82, 0x83, 0x82, 0x83, 0x82, 0x83, 0x82, 0x83, 0x82, 0x18, 0x66, 0x18, 0x66, 0x18, 0x66, 0x18, 0x66, 0x18, 0x66, 0x18, 0x66, 0x18, 0x66,
  0x18, 0x66, 0x18, 0x66, 0xA4, 0x83, 0x10, 0x24, 0x10, 0x24, 0x9C, 0xF5, 0x9C, 0xF5, 0x08, 0x22, 0xFF, 0x05, 0x00, 0x00, 0x00, 0x00, 0x00, 0x00,
  0x00, 0x00, 0x00, 0x00, 0x00, 0x00, 0xFF, 0x05, 0x08, 0x22, 0x9C, 0xF5, 0x9C, 0xF5, 0x10, 0x24, 0x10, 0x24, 0xE6, 0x46, 0xE6, 0x46, 0xE6, 0x46,
  0xE6, 0x46, 0xE6, 0x46, 0xE6, 0x46, 0x08, 0x22, 0xFF, 0xDB, 0xFF, 0xDB, 0xFF, 0xDB, 0xFF, 0xDB, 0xFF, 0xDB, 0xFF, 0xDB, 0xFF, 0x05, 0xFF, 0x05,
  0xFF, 0x05, 0xFF, 0x05, 0xFF, 0xDB, 0xFF, 0xDB, 0xFF, 0xDB, 0xFF, 0xDB, 0xFF, 0xDB, 0xFF, 0xDB, 0x08, 0x22, 0xE6, 0x46, 0xE6, 0x46, 0xE6, 0x46,
  0xE6, 0x46, 0xE6, 0x46, 0xE6, 0x46, 0x10, 0x24, 0x10, 0x24, 0x9C, 0xF5, 0x9C, 0xF5, 0x08, 0x22, 0xFF, 0x05, 0x00, 0x00, 0x00, 0x00, 0x00, 0x00,
  0x4A, 0x21, 0x9C, 0x23, 0x9C, 0x23, 0xFF, 0x05, 0x08, 0x22, 0x9C, 0xF5, 0x9C, 0xF5, 0x10, 0x24, 0x10, 0x24, 0xE6, 0x46, 0xE6, 0x46, 0xE6, 0x46,
  0xE6, 0x46, 0xE6, 0x46, 0xE6, 0x46, 0x08, 0x22, 0xFF, 0xDB, 0xFF, 0xDB, 0xFF, 0xDB, 0xFF, 0xDB, 0xFF, 0xDB, 0xFF, 0xDB, 0xFF, 0x05, 0xFF, 0x05,
  0xFF, 0x05, 0xFF, 0x05, 0xFF, 0xDB, 0xFF, 0xDB, 0xFF, 0xDB, 0xFF, 0xDB, 0xFF, 0xDB, 0xFF, 0xDB, 0x08, 0x22, 0xE6, 0x46, 0xE6, 0x46, 0xE6, 0x46,
  0xE6, 0x46, 0xE6, 0x46, 0xE6, 0x46, 0x10, 0x24, 0x10, 0x24, 0x9C, 0xF5, 0x9C, 0xF5, 0x08, 0x22, 0xFF, 0x05, 0x9C, 0x23, 0x9C, 0x23, 0x4A, 0x21,
  0x00, 0x00, 0x00, 0x00, 0x00, 0x00, 0xFF, 0x05, 0x08, 0x22, 0x94, 0xD5, 0x94, 0xD5, 0x10, 0x24, 0x10, 0x24, 0xA4, 0x83, 0x18, 0x45, 0x18, 0x45,
  0x18, 0x45, 0x18, 0x45, 0x18, 0x45, 0x18, 0x45, 0x18, 0x45, 0x18, 0x45, 0x18, 0x45, 0x6A, 0xC2, 0x6A, 0xC2, 0x6A, 0xC2, 0x6A, 0xC2, 0x6A, 0xC2,
  0x6A, 0xC2, 0x6A, 0xC2, 0x6A, 0xC2, 0x6A, 0xC2, 0x6A, 0xC2, 0x18, 0x45, 0x18, 0x45, 0x18, 0x45, 0x18, 0x45, 0x18, 0x45, 0x18, 0x45, 0x18, 0x45,
  0x18, 0x45, 0x18, 0x45, 0xA4, 0x83, 0x10, 0x24, 0x10, 0x24, 0x94, 0xD5, 0x94, 0xD5, 0x08, 0x22, 0xFF, 0x05, 0x00, 0x00, 0x00, 0x00, 0x00, 0x00,
  0x00, 0x00, 0x00, 0x00, 0x00, 0x00, 0xFF, 0x05, 0x08, 0x22, 0x94, 0xD5, 0x94, 0xD5, 0x10, 0x24, 0x10, 0x24, 0xFF, 0x06, 0xFF, 0x06, 0xFF, 0x06,
  0xFF, 0x06, 0xFF, 0x06, 0xFF, 0x06, 0x08, 0x22, 0xFF, 0xDA, 0xFF, 0xDA, 0xFF, 0xDA, 0xFF, 0xDA, 0xFF, 0xDA, 0xFF, 0x05, 0xFF, 0x05, 0xFF, 0x05,
  0xFF, 0x05, 0xFF, 0x05, 0xFF, 0x05, 0xFF, 0xDA, 0xFF, 0xDA, 0xFF, 0xDA, 0xFF, 0xDA, 0xFF, 0xDA, 0x08, 0x22, 0xFF, 0x06, 0xFF, 0x06, 0xFF, 0x06,
  0xFF, 0x06, 0xFF, 0x06, 0xFF, 0x06, 0x10, 0x24, 0x10, 0x24, 0x94, 0xD5, 0x94, 0xD5, 0x08, 0x22, 0xFF, 0x05, 0x00, 0x00, 0x00, 0x00, 0x00, 0x00,
  0x4A, 0x21, 0x9C, 0x23, 0x9C, 0x23, 0xFF, 0x05, 0x08, 0x22, 0x94, 0xD5, 0x94, 0xD5, 0x10, 0x24, 0x10, 0x24, 0xFF, 0x06, 0xFF, 0x06, 0xFF, 0x06,
  0xFF, 0x06, 0xFF, 0x06, 0xFF, 0x06, 0x08, 0x22, 0xFF, 0xDA, 0xFF, 0xDA, 0xFF, 0xDA, 0xFF, 0xDA, 0xFF, 0xDA, 0xFF, 0x05, 0xFF, 0x05, 0xFF, 0x05,
  0xFF, 0x05, 0xFF, 0x05, 0xFF, 0x05, 0xFF, 0xDA, 0xFF, 0xDA, 0xFF, 0xDA, 0xFF, 0xDA, 0xFF, 0xDA, 0x08, 0x22, 0xFF, 0x06, 0xFF, 0x06, 0xFF, 0x06,
  0xFF, 0x06, 0xFF, 0x06, 0xFF, 0x06, 0x10, 0x24, 0x10, 0x24, 0x94, 0xD5, 0x94, 0xD5, 0x08, 0x22, 0xFF, 0x05, 0x9C, 0x23, 0x9C, 0x23, 0x4A, 0x21,
  0x00, 0x00, 0x00, 0x00, 0x00, 0x00, 0xFF, 0x05, 0x08, 0x22, 0x94, 0xB4, 0x94, 0xB4, 0x10, 0x24, 0x10, 0x24, 0xA4, 0x83, 0x20, 0x66, 0x20, 0x66,
  0x20, 0x66, 0x20, 0x66, 0x20, 0x66, 0x20, 0x66, 0x20, 0x66, 0x20, 0x66, 0x20, 0x66, 0x83, 0x82, 0x83, 0x82, 0x83, 0x82, 0x83, 0x82, 0x83, 0x82,
  0x83, 0x82, 0x83, 0x82, 0x83, 0x82, 0x83, 0x82, 0x83, 0x82, 0x20, 0x66, 0x20, 0x66, 0x20, 0x66, 0x20, 0x66, 0x20, 0x66, 0x20, 0x66, 0x20, 0x66,
  0x20, 0x66, 0x20, 0x66, 0xA4, 0x83, 0x10, 0x24, 0x10, 0x24, 0x94, 0xB4, 0x94, 0xB4, 0x08, 0x22, 0xFF, 0x05, 0x00, 0x00, 0x00, 0x00, 0x00, 0x00,
  0x00, 0x00, 0x00, 0x00, 0x00, 0x00, 0xFF, 0x05, 0x08, 0x22, 0x94, 0xB4, 0x94, 0xB4, 0x10, 0x24, 0x10, 0x24, 0xFF, 0x05, 0xFF, 0x05, 0xFF, 0x05,
  0xFF, 0x05, 0xFF, 0x05, 0xFF, 0x05, 0x08, 0x22, 0xFF, 0xD9, 0xFF, 0xD9, 0xFF, 0xD9, 0xFF, 0xD9, 0xFF, 0xD9, 0xFF, 0x05, 0xFF, 0x05, 0xFF, 0x05,
  0xFF, 0x05, 0xFF, 0x05, 0xFF, 0x05, 0xFF, 0xD9, 0xFF, 0xD9, 0xFF, 0xD9, 0xFF, 0xD9, 0xFF, 0xD9, 0x08, 0x22, 0xFF, 0x05, 0xFF, 0x05, 0xFF, 0x05,
  0xFF, 0x05, 0xFF, 0x05, 0xFF, 0x05, 0x10, 0x24, 0x10, 0x24, 0x94, 0xB4, 0x94, 0xB4, 0x08, 0x22, 0xFF, 0x05, 0x00, 0x00, 0x00, 0x00, 0x00, 0x00,
  0x4A, 0x21, 0x9C, 0x23, 0x9C, 0x23, 0xFF, 0x05, 0x08, 0x22, 0x94, 0xB4, 0x94, 0xB4, 0x10, 0x24, 0x10, 0x24, 0xFF, 0x05, 0xFF, 0x05, 0xFF, 0x05,
  0xFF, 0x05, 0xFF, 0x05, 0xFF, 0x05, 0x08, 0x22, 0xFF, 0xD9, 0xFF, 0xD9, 0xFF, 0xD9, 0xFF, 0xD9, 0xFF, 0xD9, 0xFF, 0x05, 0xFF, 0x05, 0xFF, 0x05,
  0xFF, 0x05, 0xFF, 0x05, 0xFF, 0x05, 0xFF, 0xD9, 0xFF, 0xD9, 0xFF, 0xD9, 0xFF, 0xD9, 0xFF, 0xD9, 0x08, 0x22, 0xFF, 0x05, 0xFF, 0x05, 0xFF, 0x05,
  0xFF, 0x05, 0xFF, 0x05, 0xFF, 0x05, 0x10, 0x24, 0x10, 0x24, 0x94, 0xB4, 0x94, 0xB4, 0x08, 0x22, 0xFF, 0x05, 0x9C, 0x23, 0x9C, 0x23, 0x4A, 0x21,
  0x00, 0x00, 0x00, 0x00, 0x00, 0x00, 0xFF, 0x05, 0x08, 0x22, 0x8C, 0x94, 0x8C, 0x94, 0x10, 0x44, 0x10, 0x44, 0xA4, 0x83, 0x20, 0x67, 0x20, 0x67,
  0x20, 0x67, 0x20, 0x67, 0x20, 0x67, 0x20, 0x67, 0x20, 0x67, 0x20, 0x67, 0x20, 0x67, 0x83, 0x82, 0x83, 0x82, 0x83, 0x82, 0x83, 0x82, 0x83, 0x82,
  0x83, 0x82, 0x83, 0x82, 0x83, 0x82, 0x83, 0x82, 0x83, 0x82, 0x20, 0x67, 0x20, 0x67, 0x20, 0x67, 0x20, 0x67, 0x20, 0x67, 0x20, 0x67, 0x20, 0x67,
  0x20, 0x67, 0x20, 0x67, 0xA4, 0x83, 0x10, 0x44, 0x10, 0x44, 0x8C, 0x94, 0x8C, 0x94, 0x08, 0x22, 0xFF, 0x05, 0x00, 0x00, 0x00, 0x00, 0x00, 0x00,
  0x00, 0x00, 0x00, 0x00, 0x00, 0x00, 0xFF, 0x05, 0x08, 0x22, 0x8C, 0x94, 0x8C, 0x94, 0x10, 0x44, 0x10, 0x44, 0x7B, 0x62, 0x7B, 0x62, 0x7B, 0x62,
  0x7B, 0x62, 0x7B, 0x62, 0x7B, 0x62, 0x08, 0x22, 0xFF, 0xB8, 0xFF, 0xB8, 0xFF, 0xB8, 0xFF, 0xB8, 0xFF, 0xB8, 0xFF, 0x05, 0xFF, 0x05, 0xFF, 0x05,
  0xFF, 0x05, 0xFF, 0x05, 0xFF, 0x05, 0xFF, 0xB8, 0xFF, 0xB8, 0xFF, 0xB8, 0xFF, 0xB8, 0xFF, 0xB8, 0x08, 0x22, 0x7B, 0x62, 0x7B, 0x62, 0x7B, 0x62,
  0x7B, 0x62, 0x7B, 0x62, 0x7B, 0x62, 0x10, 0x44, 0x10, 0x44, 0x8C, 0x94, 0x8C, 0x94, 0x08, 0x22, 0xFF, 0x05, 0x00, 0x00, 0x00, 0x00, 0x00, 0x00,
  0x4A, 0x21, 0x9C, 0x23, 0x9C, 0x23, 0xFF, 0x05, 0x08, 0x22, 0x8C, 0x94, 0x8C, 0x94, 0x10, 0x44, 0x10, 0x44, 0x7B, 0x62, 0x7B, 0x62, 0x7B, 0x62,
  0x7B, 0x62, 0x7B, 0x62, 0x7B, 0x62, 0x08, 0x22, 0xFF, 0xB8, 0xFF, 0xB8, 0xFF, 0xB8, 0xFF, 0xB8, 0xFF, 0xB8, 0xFF, 0x05, 0xFF, 0x05, 0xFF, 0x05,
  0xFF, 0x05, 0xFF, 0x05, 0xFF, 0x05, 0xFF, 0xB8, 0xFF, 0xB8, 0xFF, 0xB8, 0xFF, 0xB8, 0xFF, 0xB8, 0x08, 0x22, 0x7B, 0x62, 0x7B, 0x62, 0x7B, 0x62,
  0x7B, 0x62, 0x7B, 0x62, 0x7B, 0x62, 0x10, 0x44, 0x10, 0x44, 0x8C, 0x94, 0x8C, 0x94, 0x08, 0x22, 0xFF, 0x05, 0x9C, 0x23, 0x9C, 0x23, 0x4A, 0x21,
  0x00, 0x00, 0x00, 0x00, 0x00, 0x00, 0xFF, 0x05, 0x08, 0x22, 0x8C, 0x73, 0x8C, 0x73, 0x10, 0x44, 0x10, 0x44, 0xA4, 0x83, 0x18, 0x45, 0x18, 0x45,
  0x18, 0x45, 0x18, 0x45, 0x18, 0x45, 0x18, 0x45, 0x18, 0x45, 0x18, 0x45, 0x18, 0x45, 0x6A, 0xC2, 0x6A, 0xC2, 0x6A, 0xC2, 0x6A, 0xC2, 0x6A, 0xC2,
  0x6A, 0xC2, 0x6A, 0xC2, 0x6A, 0xC2, 0x6A, 0xC2, 0x6A, 0xC2, 0x18, 0x45, 0x18, 0x45, 0x18, 0x45, 0x18, 0x45, 0x18, 0x45, 0x18, 0x45, 0x18, 0x45,
  0x18, 0x45, 0x18, 0x45, 0xA4, 0x83, 0x10, 0x44, 0x10, 0x44, 0x8C, 0x73, 0x8C, 0x73, 0x08, 0x22, 0xFF, 0x05, 0x00, 0x00, 0x00, 0x00, 0x00, 0x00,
  0x00, 0x00, 0x00, 0x00, 0x00, 0x00, 0xFF, 0x05, 0x08, 0x22, 0x8C, 0x73, 0x8C, 0x73, 0x10, 0x44, 0x10, 0x44, 0x94, 0x23, 0x94, 0x23, 0x94, 0x23,
  0x94, 0x23, 0x94, 0x23, 0x94, 0x23, 0x08, 0x22, 0xFF, 0xB7, 0xFF, 0xB7, 0xFF, 0xB7, 0xFF, 0xB7, 0xFF, 0xB7, 0xFF, 0x05, 0xFF, 0x05, 0xFF, 0x05,
  0xFF, 0x05, 0xFF, 0x05, 0xFF, 0x05, 0xFF, 0xB7, 0xFF, 0xB7, 0xFF, 0xB7, 0xFF, 0xB7, 0xFF, 0xB7, 0x08, 0x22, 0x94, 0x23, 0x94, 0x23, 0x94, 0x23,
  0x94, 0x23, 0x94, 0x23, 0x94, 0x23, 0x10, 0x44, 0x10, 0x44, 0x8C, 0x73, 0x8C, 0x73, 0x08, 0x22, 0xFF, 0x05, 0x00, 0x00, 0x00, 0x00, 0x00, 0x00,
  0x4A, 0x21, 0x9C, 0x23, 0x9C, 0x23, 0xFF, 0x05, 0x08, 0x22, 0x8C, 0x73, 0x8C, 0x73, 0x10, 0x44, 0x10, 0x44, 0x94, 0x23, 0x94, 0x23, 0x94, 0x23,
  0x94, 0x23, 0x94, 0x23, 0x94, 0x23, 0x08, 0x22, 0xFF, 0xB7, 0xFF, 0xB7, 0xFF, 0xB7, 0xFF, 0xB7, 0xFF, 0xB7, 0xFF, 0x05, 0xFF, 0x05, 0xFF, 0x05,
  0xFF, 0x05, 0xFF, 0x05, 0xFF, 0x05, 0xFF, 0xB7, 0xFF, 0xB7, 0xFF, 0xB7, 0xFF, 0xB7, 0xFF, 0xB7, 0x08, 0x22, 0x94, 0x23, 0x94, 0x23, 0x94, 0x23,
  0x94, 0x23, 0x94, 0x23, 0x94, 0x23, 0x10, 0x44, 0x10, 0x44, 0x8C, 0x73, 0x8C, 0x73, 0x08, 0x22, 0xFF, 0x05, 0x9C, 0x23, 0x9C, 0x23, 0x4A, 0x21,
  0x00, 0x00, 0x00, 0x00, 0x00, 0x00, 0xFF, 0x05, 0x08, 0x22, 0x84, 0x53, 0x84, 0x53, 0x10, 0x44, 0x10, 0x44, 0xA4, 0x83, 0x20, 0x67, 0x20, 0x67,
  0x20, 0x67, 0x20, 0x67, 0x20, 0x67, 0x20, 0x67, 0x20, 0x67, 0x20, 0x67, 0x20, 0x67, 0x83, 0x82, 0x83, 0x82, 0x83, 0x82, 0x83, 0x82, 0x83, 0x82,
  0x83, 0x82, 0x83, 0x82, 0x83, 0x82, 0x83, 0x82, 0x83, 0x82, 0x20, 0x67, 0x20, 0x67, 0x20, 0x67, 0x20, 0x67, 0x20, 0x67, 0x20, 0x67, 0x20, 0x67,
  0x20, 0x67, 0x20, 0x67, 0xA4, 0x83, 0x10, 0x44, 0x10, 0x44, 0x84, 0x53, 0x84, 0x53, 0x08, 0x22, 0xFF, 0x05, 0x00, 0x00, 0x00, 0x00, 0x00, 0x00,
  0x00, 0x00, 0x00, 0x00, 0x00, 0x00, 0xFF, 0x05, 0x08, 0x22, 0x84, 0x53, 0x84, 0x53, 0x10, 0x44, 0x10, 0x44, 0x9C, 0x63, 0x9C, 0x63, 0x9C, 0x63,
  0x9C, 0x63, 0x9C, 0x63, 0x9C, 0x63, 0x08, 0x22, 0xFF, 0xB7, 0xFF, 0xB7, 0xFF, 0xB7, 0xFF, 0xB7, 0xFF, 0xB7, 0xFF, 0xB7, 0xFF, 0x05, 0xFF, 0x05,
  0xFF, 0x05, 0xFF, 0x05, 0xFF, 0xB7, 0xFF, 0xB7, 0xFF, 0xB7, 0xFF, 0xB7, 0xFF, 0xB7, 0xFF, 0xB7, 0x08, 0x22, 0x9C, 0x63, 0x9C, 0x63, 0x9C, 0x63,
  0x9C, 0x63, 0x9C, 0x63, 0x9C, 0x63, 0x10, 0x44, 0x10, 0x44, 0x84, 0x53, 0x84, 0x53, 0x08, 0x22, 0xFF, 0x05, 0x00, 0x00, 0x00, 0x00, 0x00, 0x00,
  0x4A, 0x21, 0x9C, 0x23, 0x9C, 0x23, 0xFF, 0x05, 0x08, 0x22, 0x84, 0x53, 0x84, 0x53, 0x10, 0x44, 0x10, 0x44, 0x9C, 0x63, 0x9C, 0x63, 0x9C, 0x63,
  0x9C, 0x63, 0x9C, 0x63, 0x9C, 0x63, 0x08, 0x22, 0xFF, 0xB7, 0xFF, 0xB7, 0xFF, 0xB7, 0xFF, 0xB7, 0xFF, 0xB7, 0xFF, 0xB7, 0xFF, 0x05, 0xFF, 0x05,
  0xFF, 0x05, 0xFF, 0x05, 0xFF, 0xB7, 0xFF, 0xB7, 0xFF, 0xB7, 0xFF, 0xB7, 0xFF, 0xB7, 0xFF, 0xB7, 0x08, 0x22, 0x9C, 0x63, 0x9C, 0x63, 0x9C, 0x63,
  0x9C, 0x63, 0x9C, 0x63, 0x9C, 0x63, 0x10, 0x44, 0x10, 0x44, 0x84, 0x53, 0x84, 0x53, 0x08, 0x22, 0xFF, 0x05, 0x9C, 0x23, 0x9C, 0x23, 0x4A, 0x21,
  0x00, 0x00, 0x00, 0x00, 0x00, 0x00, 0xFF, 0x05, 0x08, 0x22, 0x84, 0x32, 0x84, 0x32, 0x10, 0x44, 0x10, 0x44, 0xA4, 0x83, 0x20, 0x67, 0x20, 0x67,
  0x20, 0x67, 0x20, 0x67, 0x20, 0x67, 0x20, 0x67, 0x20, 0x67, 0x20, 0x67, 0x20, 0x67, 0x83, 0x82, 0x83, 0x82, 0x83, 0x82, 0x83, 0x82, 0x83, 0x82,
  0x83, 0x82, 0x83, 0x82, 0x83, 0x82, 0x83, 0x82, 0x83, 0x82, 0x20, 0x67, 0x20, 0x67, 0x20, 0x67, 0x20, 0x67, 0x20, 0x67, 0x20, 0x67, 0x20, 0x67,
  0x20, 0x67, 0x20, 0x67, 0xA4, 0x83, 0x10, 0x44, 0x10, 0x44, 0x84, 0x32, 0x84, 0x32, 0x08, 0x22, 0xFF, 0x05, 0x00, 0x00, 0x00, 0x00, 0x00, 0x00,
  0x00, 0x00, 0x00, 0x00, 0x00, 0x00, 0xFF, 0x05, 0x08, 0x22, 0x84, 0x32, 0x84, 0x32, 0x10, 0x44, 0x10, 0x44, 0x94, 0x02, 0x94, 0x02, 0x94, 0x02,
  0x94, 0x02, 0x94, 0x02, 0x94, 0x02, 0x08, 0x22, 0xFF, 0xB6, 0xFF, 0xB6, 0xFF, 0xB6, 0xFF, 0xB6, 0xFF, 0xB6, 0xFF, 0xB6, 0xFF, 0xB6, 0xFF, 0xB6,
  0xFF, 0xB6, 0xFF, 0xB6, 0xFF, 0xB6, 0xFF, 0xB6, 0xFF, 0xB6, 0xFF, 0xB6, 0xFF, 0xB6, 0xFF, 0xB6, 0x08, 0x22, 0x94, 0x02, 0x94, 0x02, 0x94, 0x02,
  0x94, 0x02, 0x94, 0x02, 0x94, 0x02, 0x10, 0x44, 0x10, 0x44, 0x84, 0x32, 0x84, 0x32, 0x08, 0x22, 0xFF, 0x05, 0x00, 0x00, 0x00, 0x00, 0x00, 0x00,
  0x4A, 0x21, 0x9C, 0x23, 0x9C, 0x23, 0xFF, 0x05, 0x08, 0x22, 0x84, 0x32, 0x84, 0x32, 0x10, 0x44, 0x10, 0x44, 0x94, 0x02, 0x94, 0x02, 0x94, 0x02,
  0x94, 0x02, 0x94, 0x02, 0x94, 0x02, 0x08, 0x22, 0xFF, 0xB6, 0xFF, 0xB6, 0xFF, 0xB6, 0xFF, 0xB6, 0xFF, 0xB6, 0xFF, 0xB6, 0xFF, 0xB6, 0xFF, 0xB6,
  0xFF, 0xB6, 0xFF, 0xB6, 0xFF, 0xB6, 0xFF, 0xB6, 0xFF, 0xB6, 0xFF, 0xB6, 0xFF, 0xB6, 0xFF, 0xB6, 0x08, 0x22, 0x94, 0x02, 0x94, 0x02, 0x94, 0x02,
  0x94, 0x02, 0x94, 0x02, 0x94, 0x02, 0x10, 0x44, 0x10, 0x44, 0x84, 0x32, 0x84, 0x32, 0x08, 0x22, 0xFF, 0x05, 0x9C, 0x23, 0x9C, 0x23, 0x4A, 0x21,
  0x00, 0x00, 0x00, 0x00, 0x00, 0x00, 0xFF, 0x05, 0x08, 0x22, 0x7C, 0x12, 0x7C, 0x12, 0x10, 0x45, 0x10, 0x45, 0xA4, 0x83, 0x18, 0x66, 0x18, 0x66,
  0x18, 0x66, 0x18, 0x66, 0x18, 0x66, 0x18, 0x66, 0x18, 0x66, 0x18, 0x66, 0x18, 0x66, 0x18, 0x66, 0x6A, 0xC2, 0x6A, 0xC2, 0x6A, 0xC2, 0x6A, 0xC2,
  0x6A, 0xC2, 0x6A, 0xC2, 0x6A, 0xC2, 0x6A, 0xC2, 0x18, 0x66, 0x18, 0x66, 0x18, 0x66, 0x18, 0x66, 0x18, 0x66, 0x18, 0x66, 0x18, 0x66, 0x18, 0x66,
  0x18, 0x66, 0x18, 0x66, 0xA4, 0x83, 0x10, 0x45, 0x10, 0x45, 0x7C, 0x12, 0x7C, 0x12, 0x08, 0x22, 0xFF, 0x05, 0x00, 0x00, 0x00, 0x00, 0x00, 0x00,
  0x00, 0x00, 0x00, 0x00, 0x00, 0x00, 0xFF, 0x05, 0x08, 0x22, 0x7C, 0x12, 0x7C, 0x12, 0x10, 0x45, 0x10, 0x45, 0xAC, 0xC3, 0xAC, 0xC3, 0xAC, 0xC3,
  0xAC, 0xC3, 0xAC, 0xC3, 0xAC, 0xC3, 0x08, 0x22, 0xFF, 0x95, 0xFF, 0x95, 0xFF, 0x95, 0xFF, 0x95, 0xFF, 0x95, 0xFF, 0x95, 0xFF, 0x95, 0xFF, 0x95,
  0xFF, 0x95, 0xFF, 0x95, 0xFF, 0x95, 0xFF, 0x95, 0xFF, 0x95, 0xFF, 0x95, 0xFF, 0x95, 0xFF, 0x95, 0x08, 0x22, 0xAC, 0xC3, 0xAC, 0xC3, 0xAC, 0xC3,
  0xAC, 0xC3, 0xAC, 0xC3, 0xAC, 0xC3, 0x10, 0x45, 0x10, 0x45, 0x7C, 0x12, 0x7C, 0x12, 0x08, 0x22, 0xFF, 0x05, 0x00, 0x00, 0x00, 0x00, 0x00, 0x00,
  0x4A, 0x21, 0x9C, 0x23, 0x9C, 0x23, 0xFF, 0x05, 0x08, 0x22, 0x7C, 0x12, 0x7C, 0x12, 0x10, 0x45, 0x10, 0x45, 0xAC, 0xC3, 0xAC, 0xC3, 0xAC, 0xC3,
  0xAC, 0xC3, 0xAC, 0xC3, 0xAC, 0xC3, 0x08, 0x22, 0xFF, 0x95, 0xFF, 0x95, 0xFF, 0x95, 0xFF, 0x95, 0xFF, 0x95, 0xFF, 0x95, 0xFF, 0x95, 0xFF, 0x95,
  0xFF, 0x95, 0xFF, 0x95, 0xFF, 0x95, 0xFF, 0x95, 0xFF, 0x95, 0xFF, 0x95, 0xFF, 0x95, 0xFF, 0x95, 0x08, 0x22, 0xAC, 0xC3, 0xAC, 0xC3, 0xAC, 0xC3,
  0xAC, 0xC3, 0xAC, 0xC3, 0xAC, 0xC3, 0x10, 0x45, 0x10, 0x45, 0x7C, 0x12, 0x7C, 0x12, 0x08, 0x22, 0xFF, 0x05, 0x9C, 0x23, 0x9C, 0x23, 0x4A, 0x21,
  0x00, 0x00, 0x00, 0x00, 0x00, 0x00, 0xFF, 0x05, 0x08, 0x22, 0x7B, 0xF1, 0x7B, 0xF1, 0x10, 0x45, 0x10, 0x45, 0xA4, 0x83, 0x20, 0x67, 0x20, 0x67,
  0x20, 0x67, 0x20, 0x67, 0x20, 0x67, 0x20, 0x67, 0x20, 0x67, 0x20, 0x67, 0x20, 0x67, 0x20, 0x67, 0x20, 0x67, 0x20, 0x67, 0x20, 0x67, 0x20, 0x67,
  0x20, 0x67, 0x20, 0x67, 0x20, 0x67, 0x20, 0x67, 0x20, 0x67, 0x20, 0x67, 0x20, 0x67, 0x20, 0x67, 0x20, 0x67, 0x20, 0x67, 0x20, 0x67, 0x20, 0x67,
  0x20, 0x67, 0x20, 0x67, 0xA4, 0x83, 0x10, 0x45, 0x10, 0x45, 0x7B, 0xF1, 0x7B, 0xF1, 0x08, 0x22, 0xFF, 0x05, 0x00, 0x00, 0x00, 0x00, 0x00, 0x00,
  0x00, 0x00, 0x00, 0x00, 0x00, 0x00, 0xFF, 0x05, 0x08, 0x22, 0x7B, 0xF1, 0x7B, 0xF1, 0x10, 0x45, 0x10, 0x45, 0xB4, 0xE3, 0xB4, 0xE3, 0xB4, 0xE3,
  0xB4, 0xE3, 0xB4, 0xE3, 0xB4, 0xE3, 0x08, 0x22, 0xFF, 0x94, 0xFF, 0x94, 0xFF, 0x94, 0xFF, 0x94, 0xFF, 0x94, 0xFF, 0x94, 0xFF, 0x94, 0xFF, 0x94,
  0xFF, 0x94, 0xFF, 0x94, 0xFF, 0x94, 0xFF, 0x94, 0xFF, 0x94, 0xFF, 0x94, 0xFF, 0x94, 0xFF, 0x94, 0x08, 0x22, 0xB4, 0xE3, 0xB4, 0xE3, 0xB4, 0xE3,
  0xB4, 0xE3, 0xB4, 0xE3, 0xB4, 0xE3, 0x10, 0x45, 0x10, 0x45, 0x7B, 0xF1, 0x7B, 0xF1, 0x08, 0x22, 0xFF, 0x05, 0x00, 0x00, 0x00, 0x00, 0x00, 0x00,
  0x4A, 0x21, 0x9C, 0x23, 0x9C, 0x23, 0xFF, 0x05, 0x08, 0x22, 0x7B, 0xF1, 0x7B, 0xF1, 0x10, 0x45, 0x10, 0x45, 0xB4, 0xE3, 0xB4, 0xE3, 0xB4, 0xE3,
  0xB4, 0xE3, 0xB4, 0xE3, 0xB4, 0xE3, 0x08, 0x22, 0xFF, 0x94, 0xFF, 0x94, 0xFF, 0x94, 0xFF, 0x94, 0xFF, 0x94, 0xFF, 0x94, 0xFF, 0x94, 0xFF, 0x94,
  0xFF, 0x94, 0xFF, 0x94, 0xFF, 0x94, 0xFF, 0x94, 0xFF, 0x94, 0xFF, 0x94, 0xFF, 0x94, 0xFF, 0x94, 0x08, 0x22, 0xB4, 0xE3, 0xB4, 0xE3, 0xB4, 0xE3,
  0xB4, 0xE3, 0xB4, 0xE3, 0xB4, 0xE3, 0x10, 0x45, 0x10, 0x45, 0x7B, 0xF1, 0x7B, 0xF1, 0x08, 0x22, 0xFF, 0x05, 0x9C, 0x23, 0x9C, 0x23, 0x4A, 0x21,
  0x00, 0x00, 0x00, 0x00, 0x00, 0x00, 0xFF, 0x05, 0x08, 0x22, 0x73, 0xD1, 0x73, 0xD1, 0x10, 0x45, 0x10, 0x45, 0xA4, 0x83, 0x20, 0x68, 0x20, 0x68,
  0x20, 0x68, 0x20, 0x68, 0x20, 0x68, 0x20, 0x68, 0x20, 0x68, 0x20, 0x68, 0x20, 0x68, 0x20, 0x68, 0x20, 0x68, 0x20, 0x68, 0x20, 0x68, 0x20, 0x68,
  0x20, 0x68, 0x20, 0x68, 0x20, 0x68, 0x20, 0x68, 0x20, 0x68, 0x20, 0x68, 0x20, 0x68, 0x20, 0x68, 0x20, 0x68, 0x20, 0x68, 0x20, 0x68, 0x20, 0x68,
  0x20, 0x68, 0x20, 0x68, 0xA4, 0x83, 0x10, 0x45, 0x10, 0x45, 0x73, 0xD1, 0x73, 0xD1, 0x08, 0x22, 0xFF, 0x05, 0x00, 0x00, 0x00, 0x00, 0x00, 0x00,
  0x00, 0x00, 0x00, 0x00, 0x00, 0x00, 0xFF, 0x05, 0x08, 0x22, 0x73, 0xD1, 0x73, 0xD1, 0x10, 0x45, 0x10, 0x45, 0xA4, 0x83, 0xA4, 0x83, 0xA4, 0x83,
  0xA4, 0x83, 0xA4, 0x83, 0xA4, 0x83, 0x08, 0x22, 0xFF, 0x93, 0xFF, 0x93, 0xFF, 0x93, 0xFF, 0x93, 0xFF, 0x93, 0xFF, 0x93, 0xFF, 0x93, 0xFF, 0x93,
  0xFF, 0x93, 0xFF, 0x93, 0xFF, 0x93, 0xFF, 0x93, 0xFF, 0x93, 0xFF, 0x93, 0xFF, 0x93, 0xFF, 0x93, 0x08, 0x22, 0xA4, 0x83, 0xA4, 0x83, 0xA4, 0x83,
  0xA4, 0x83, 0xA4, 0x83, 0xA4, 0x83, 0x10, 0x45, 0x10, 0x45, 0x73, 0xD1, 0x73, 0xD1, 0x08, 0x22, 0xFF, 0x05, 0x00, 0x00, 0x00, 0x00, 0x00, 0x00,
  0x4A, 0x21, 0x9C, 0x23, 0x9C, 0x23, 0xFF, 0x05, 0x08, 0x22, 0x73, 0xD1, 0x73, 0xD1, 0x10, 0x45, 0x10, 0x45, 0xA4, 0x83, 0xA4, 0x83, 0xA4, 0x83,
  0xA4, 0x83, 0xA4, 0x83, 0xA4, 0x83, 0x08, 0x22, 0xFF, 0x93, 0xFF, 0x93, 0xFF, 0x93, 0xFF, 0x93, 0xFF, 0x93, 0xFF, 0x93, 0xFF, 0x93, 0xFF, 0x93,
  0xFF, 0x93, 0xFF, 0x93, 0xFF, 0x93, 0xFF, 0x93, 0xFF, 0x93, 0xFF, 0x93, 0xFF, 0x93, 0xFF, 0x93, 0x08, 0x22, 0xA4, 0x83, 0xA4, 0x83, 0xA4, 0x83,
  0xA4, 0x83, 0xA4, 0x83, 0xA4, 0x83, 0x10, 0x45, 0x10, 0x45, 0x73, 0xD1, 0x73, 0xD1, 0x08, 0x22, 0xFF, 0x05, 0x9C, 0x23, 0x9C, 0x23, 0x4A, 0x21,
  0x00, 0x00, 0x00, 0x00, 0x00, 0x00, 0xFF, 0x05, 0x08, 0x22, 0x73, 0xB0, 0x73, 0xB0, 0x18, 0x45, 0x18, 0x45, 0xA4, 0x83, 0x18, 0x66, 0x18, 0x66,
  0x18, 0x66, 0x18, 0x66, 0x18, 0x66, 0x18, 0x66, 0x18, 0x66, 0x18, 0x66, 0x18, 0x66, 0x18, 0x66, 0x18, 0x66, 0x18, 0x66, 0x18, 0x66, 0x18, 0x66,
  0x18, 0x66, 0x18, 0x66, 0x18, 0x66, 0x18, 0x66, 0x18, 0x66, 0x18, 0x66, 0x18, 0x66, 0x18, 0x66, 0x18, 0x66, 0x18, 0x66, 0x18, 0x66, 0x18, 0x66,
  0x18, 0x66, 0x18, 0x66, 0xA4, 0x83, 0x18, 0x45, 0x18, 0x45, 0x73, 0xB0, 0x73, 0xB0, 0x08, 0x22, 0xFF, 0x05, 0x00, 0x00, 0x00, 0x00, 0x00, 0x00,
  0x00, 0x00, 0x00, 0x00, 0x00, 0x00, 0xFF, 0x05, 0x08, 0x22, 0x73, 0xB0, 0x73, 0xB0, 0x18, 0x45, 0x18, 0x45, 0xC5, 0x43, 0xC5, 0x43, 0xC5, 0x43,
  0xC5, 0x43, 0xC5, 0x43, 0xC5, 0x43, 0x08, 0x22, 0x08, 0x22, 0xFF, 0x92, 0xFF, 0x92, 0xFF, 0x92, 0xFF, 0x92, 0xFF, 0x92, 0xFF, 0x92, 0xFF, 0x92,
  0xFF, 0x92, 0xFF, 0x92, 0xFF, 0x92, 0xFF, 0x92, 0xFF, 0x92, 0xFF, 0x92, 0xFF, 0x92, 0x08, 0x22, 0x08, 0x22, 0xC5, 0x43, 0xC5, 0x43, 0xC5, 0x43,
  0xC5, 0x43, 0xC5, 0x43, 0xC5, 0x43, 0x18, 0x45, 0x18, 0x45, 0x73, 0xB0, 0x73, 0xB0, 0x08, 0x22, 0xFF, 0x05, 0x00, 0x00, 0x00, 0x00, 0x00, 0x00,
  0x4A, 0x21, 0x9C, 0x23, 0x9C, 0x23, 0xFF, 0x05, 0x08, 0x22, 0x73, 0xB0, 0x73, 0xB0, 0x18, 0x45, 0x18, 0x45, 0xC5, 0x43, 0xC5, 0x43, 0xC5, 0x43,
  0xC5, 0x43, 0xC5, 0x43, 0xC5, 0x43, 0x08, 0x22, 0x08, 0x22, 0xFF, 0x92, 0xFF, 0x92, 0xFF, 0x92, 0xFF, 0x92, 0xFF, 0x92, 0xFF, 0x92, 0xFF, 0x92,
  0xFF, 0x92, 0xFF, 0x92, 0xFF, 0x92, 0xFF, 0x92, 0xFF, 0x92, 0xFF, 0x92, 0xFF, 0x92, 0x08, 0x22, 0x08, 0x22, 0xC5, 0x43, 0xC5, 0x43, 0xC5, 0x43,
  0xC5, 0x43, 0xC5, 0x43, 0xC5, 0x43, 0x18, 0x45, 0x18, 0x45, 0x73, 0xB0, 0x73, 0xB0, 0x08, 0x22, 0xFF, 0x05, 0x9C, 0x23, 0x9C, 0x23, 0x4A, 0x21,
  0x00, 0x00, 0x00, 0x00, 0x00, 0x00, 0xFF, 0x05, 0x08, 0x22, 0x6B, 0x90, 0x6B, 0x90, 0x18, 0x45, 0x18, 0x45, 0xA4, 0x83, 0x28, 0x88, 0x28, 0x88,
  0x28, 0x88, 0x28, 0x88, 0x28, 0x88, 0x28, 0x88, 0x28, 0x88, 0x28, 0x88, 0x28, 0x88, 0x28, 0x88, 0x28, 0x88, 0x28, 0x88, 0x28, 0x88, 0x28, 0x88,
  0x28, 0x88, 0x28, 0x88, 0x28, 0x88, 0x28, 0x88, 0x28, 0x88, 0x28, 0x88, 0x28, 0x88, 0x28, 0x88, 0x28, 0x88, 0x28, 0x88, 0x28, 0x88, 0x28, 0x88,
  0x28, 0x88, 0x28, 0x88, 0xA4, 0x83, 0x18, 0x45, 0x18, 0x45, 0x6B, 0x90, 0x6B, 0x90, 0x08, 0x22, 0xFF, 0x05, 0x00, 0x00, 0x00, 0x00, 0x00, 0x00,
  0x00, 0x00, 0x00, 0x00, 0x00, 0x00, 0xFF, 0x05, 0x08, 0x22, 0x6B, 0x90, 0x6B, 0x90, 0x18, 0x45, 0x18, 0x45, 0xCD, 0x83, 0xCD, 0x83, 0xCD, 0x83,
  0xCD, 0x83, 0xCD, 0x83, 0xCD, 0x83, 0xCD, 0x83, 0x08, 0x22, 0x08, 0x22, 0x08, 0x22, 0x08, 0x22, 0x08, 0x22, 0x08, 0x22, 0x08, 0x22, 0x08, 0x22,
  0x08, 0x22, 0x08, 0x22, 0x08, 0x22, 0x08, 0x22, 0x08, 0x22, 0x08, 0x22, 0x08, 0x22, 0x08, 0x22, 0xCD, 0x83, 0xCD, 0x83, 0xCD, 0x83, 0xCD, 0x83,
  0xCD, 0x83, 0xCD, 0x83, 0xCD, 0x83, 0x18, 0x45, 0x18, 0x45, 0x6B, 0x90, 0x6B, 0x90, 0x08, 0x22, 0xFF, 0x05, 0x00, 0x00, 0x00, 0x00, 0x00, 0x00,
  0x4A, 0x21, 0x9C, 0x23, 0x9C, 0x23, 0xFF, 0x05, 0x08, 0x22, 0x6B, 0x90, 0x6B, 0x90, 0x18, 0x45, 0x18, 0x45, 0xCD, 0x83, 0xCD, 0x83, 0xCD, 0x83,
  0xCD, 0x83, 0xCD, 0x83, 0xCD, 0x83, 0xCD, 0x83, 0x08, 0x22, 0x08, 0x22, 0x08, 0x22, 0x08, 0x22, 0x08, 0x22, 0x08, 0x22, 0x08, 0x22, 0x08, 0x22,
  0x08, 0x22, 0x08, 0x22, 0x08, 0x22, 0x08, 0x22, 0x08, 0x22, 0x08, 0x22, 0x08, 0x22, 0x08, 0x22, 0xCD, 0x83, 0xCD, 0x83, 0xCD, 0x83, 0xCD, 0x83,
  0xCD, 0x83, 0xCD, 0x83, 0xCD, 0x83, 0x18, 0x45, 0x18, 0x45, 0x6B, 0x90, 0x6B, 0x90, 0x08, 0x22, 0xFF, 0x05, 0x9C, 0x23, 0x9C, 0x23, 0x4A, 0x21,
  0x00, 0x00, 0x00, 0x00, 0x00, 0x00, 0xFF, 0x05, 0x08, 0x22, 0x6B, 0x6F, 0x6B, 0x6F, 0x18, 0x45, 0x18, 0x45, 0xA4, 0x83, 0x28, 0x88, 0x28, 0x88,
  0x28, 0x88, 0x28, 0x88, 0x28, 0x88, 0x28, 0x88, 0x28, 0x88, 0x28, 0x88, 0x28, 0x88, 0x28, 0x88, 0x28, 0x88, 0x28, 0x88, 0x28, 0x88, 0x28, 0x88,
  0x28, 0x88, 0x28, 0x88, 0x28, 0x88, 0x28, 0x88, 0x28, 0x88, 0x28, 0x88, 0x28, 0x88, 0x28, 0x88, 0x28, 0x88, 0x28, 0x88, 0x28, 0x88, 0x28, 0x88,
  0x28, 0x88, 0x28, 0x88, 0xA4, 0x83, 0x18, 0x45, 0x18, 0x45, 0x6B, 0x6F, 0x6B, 0x6F, 0x08, 0x22, 0xFF, 0x05, 0x00, 0x00, 0x00, 0x00, 0x00, 0x00,
  0x00, 0x00, 0x00, 0x00, 0x00, 0x00, 0xFF, 0x05, 0x08, 0x22, 0x6B, 0x6F, 0x6B, 0x6F, 0x18, 0x45, 0x18, 0x45, 0xB5, 0x03, 0xB5, 0x03, 0xB5, 0x03,
  0xB5, 0x03, 0xB5, 0x03, 0xB5, 0x03, 0xB5, 0x03, 0xB5, 0x03, 0xB5, 0x03, 0xB5, 0x03, 0xB5, 0x03, 0xB5, 0x03, 0xB5, 0x03, 0xB5, 0x03, 0xB5, 0x03,
  0xB5, 0x03, 0xB5, 0x03, 0xB5, 0x03, 0xB5, 0x03, 0xB5, 0x03, 0xB5, 0x03, 0xB5, 0x03, 0xB5, 0x03, 0xB5, 0x03, 0xB5, 0x03, 0xB5, 0x03, 0xB5, 0x03,
  0xB5, 0x03, 0xB5, 0x03, 0xB5, 0x03, 0x18, 0x45, 0x18, 0x45, 0x6B, 0x6F, 0x6B, 0x6F, 0x08, 0x22, 0xFF, 0x05, 0x00, 0x00, 0x00, 0x00, 0x00, 0x00,
  0x4A, 0x21, 0x9C, 0x23, 0x9C, 0x23, 0xFF, 0x05, 0x08, 0x22, 0x6B, 0x6F, 0x6B, 0x6F, 0x18, 0x45, 0x18, 0x45, 0xB5, 0x03, 0xB5, 0x03, 0xB5, 0x03,
  0xB5, 0x03, 0xB5, 0x03, 0xB5, 0x03, 0xB5, 0x03, 0xB5, 0x03, 0xB5, 0x03, 0xB5, 0x03, 0xB5, 0x03, 0xB5, 0x03, 0xB5, 0x03, 0xB5, 0x03, 0xB5, 0x03,
  0xB5, 0x03, 0xB5, 0x03, 0xB5, 0x03, 0xB5, 0x03, 0xB5, 0x03, 0xB5, 0x03, 0xB5, 0x03, 0xB5, 0x03, 0xB5, 0x03, 0xB5, 0x03, 0xB5, 0x03, 0xB5, 0x03,
  0xB5, 0x03, 0xB5, 0x03, 0xB5, 0x03, 0x18, 0x45, 0x18, 0x45, 0x6B, 0x6F, 0x6B, 0x6F, 0x08, 0x22, 0xFF, 0x05, 0x9C, 0x23, 0x9C, 0x23, 0x4A, 0x21,
  0x00, 0x00, 0x00, 0x00, 0x00, 0x00, 0xFF, 0x05, 0x08, 0x22, 0x63, 0x4F, 0x63, 0x4F, 0x18, 0x45, 0x18, 0x45, 0xA4, 0x83, 0x20, 0x66, 0x20, 0x66,
  0x20, 0x66, 0x20, 0x66, 0x20, 0x66, 0x20, 0x66, 0x20, 0x66, 0x20, 0x66, 0x20, 0x66, 0x20, 0x66, 0x20, 0x66, 0x20, 0x66, 0x20, 0x66, 0x20, 0x66,
  0x20, 0x66, 0x20, 0x66, 0x20, 0x66, 0x20, 0x66, 0x20, 0x66, 0x20, 0x66, 0x20, 0x66, 0x20, 0x66, 0x20, 0x66, 0x20, 0x66, 0x20, 0x66, 0x20, 0x66,
  0x20, 0x66, 0x20, 0x66, 0xA4, 0x83, 0x18, 0x45, 0x18, 0x45, 0x63, 0x4F, 0x63, 0x4F, 0x08, 0x22, 0xFF, 0x05, 0x00, 0x00, 0x00, 0x00, 0x00, 0x00,
  0x00, 0x00, 0x00, 0x00, 0x00, 0x00, 0xFF, 0x05, 0x08, 0x22, 0x63, 0x4F, 0x63, 0x4F, 0x18, 0x45, 0x18, 0x45, 0xD5, 0xE4, 0xD5, 0xE4, 0xD5, 0xE4,
  0xD5, 0xE4, 0xD5, 0xE4, 0xD5, 0xE4, 0xD5, 0xE4, 0xD5, 0xE4, 0xD5, 0xE4, 0xD5, 0xE4, 0xD5, 0xE4, 0xD5, 0xE4, 0xD5, 0xE4, 0xD5, 0xE4, 0xD5, 0xE4,
  0xD5, 0xE4, 0xD5, 0xE4, 0xD5, 0xE4, 0xD5, 0xE4, 0xD5, 0xE4, 0xD5, 0xE4, 0xD5, 0xE4, 0xD5, 0xE4, 0xD5, 0xE4, 0xD5, 0xE4, 0xD5, 0xE4, 0xD5, 0xE4,
  0xD5, 0xE4, 0xD5, 0xE4, 0xD5, 0xE4, 0x18, 0x45, 0x18, 0x45, 0x63, 0x4F, 0x63, 0x4F, 0x08, 0x22, 0xFF, 0x05, 0x00, 0x00, 0x00, 0x00, 0x00, 0x00,
  0x4A, 0x21, 0x9C, 0x23, 0x9C, 0x23, 0xFF, 0x05, 0x08, 0x22, 0x63, 0x4F, 0x63, 0x4F, 0x18, 0x45, 0x18, 0x45, 0xD5, 0xE4, 0xD5, 0xE4, 0xD5, 0xE4,
  0xD5, 0xE4, 0xD5, 0xE4, 0xD5, 0xE4, 0xD5, 0xE4, 0xD5, 0xE4, 0xD5, 0xE4, 0xD5, 0xE4, 0xD5, 0xE4, 0xD5, 0xE4, 0xD5, 0xE4, 0xD5, 0xE4, 0xD5, 0xE4,
  0xD5, 0xE4, 0xD5, 0xE4, 0xD5, 0xE4, 0xD5, 0xE4, 0xD5, 0xE4, 0xD5, 0xE4, 0xD5, 0xE4, 0xD5, 0xE4, 0xD5, 0xE4, 0xD5, 0xE4, 0xD5, 0xE4, 0xD5, 0xE4,
  0xD5, 0xE4, 0xD5, 0xE4, 0xD5, 0xE4, 0x18, 0x45, 0x18, 0x45, 0x63, 0x4F, 0x63, 0x4F, 0x08, 0x22, 0xFF, 0x05, 0x9C, 0x23, 0x9C, 0x23, 0x4A, 0x21,
  0x00, 0x00, 0x00, 0x00, 0x00, 0x00, 0xFF, 0x05, 0x08, 0x22, 0x63, 0x2E, 0x63, 0x2E, 0x18, 0x45, 0x18, 0x45, 0xA4, 0x83, 0x28, 0x88, 0x28, 0x88,
  0x28, 0x88, 0x28, 0x88, 0x28, 0x88, 0x28, 0x88, 0x28, 0x88, 0x28, 0x88, 0x28, 0x88, 0x28, 0x88, 0x28, 0x88, 0x28, 0x88, 0x28, 0x88, 0x28, 0x88,
  0x28, 0x88, 0x28, 0x88, 0x28, 0x88, 0x28, 0x88, 0x28, 0x88, 0x28, 0x88, 0x28, 0x88, 0x28, 0x88, 0x28, 0x88, 0x28, 0x88, 0x28, 0x88, 0x28, 0x88,
  0x28, 0x88, 0x28, 0x88, 0xA4, 0x83, 0x18, 0x45, 0x18, 0x45, 0x63, 0x2E, 0x63, 0x2E, 0x08, 0x22, 0xFF, 0x05, 0x00, 0x00, 0x00, 0x00, 0x00, 0x00,
  0x00, 0x00, 0x00, 0x00, 0x00, 0x00, 0xFF, 0x05, 0x08, 0x22, 0x63, 0x2E, 0x63, 0x2E, 0x18, 0x45, 0x18, 0x45, 0xDE, 0x04, 0xDE, 0x04, 0xDE, 0x04,
  0xDE, 0x04, 0xDE, 0x04, 0xDE, 0x04, 0xDE, 0x04, 0xDE, 0x04, 0xDE, 0x04, 0xDE, 0x04, 0xDE, 0x04, 0xDE, 0x04, 0xDE, 0x04, 0xDE, 0x04, 0xDE, 0x04,
  0xDE, 0x04, 0xDE, 0x04, 0xDE, 0x04, 0xDE, 0x04, 0xDE, 0x04, 0xDE, 0x04, 0xDE, 0x04, 0xDE, 0x04, 0xDE, 0x04, 0xDE, 0x04, 0xDE, 0x04, 0xDE, 0x04,
  0xDE, 0x04, 0xDE, 0x04, 0xDE, 0x04, 0x18, 0x45, 0x18, 0x45, 0x63, 0x2E, 0x63, 0x2E, 0x08, 0x22, 0xFF, 0x05, 0x00, 0x00, 0x00, 0x00, 0x00, 0x00,
  0x4A, 0x21, 0x9C, 0x23, 0x9C, 0x23, 0xFF, 0x05, 0x08, 0x22, 0x63, 0x2E, 0x63, 0x2E, 0x18, 0x45, 0x18, 0x45, 0xDE, 0x04, 0xDE, 0x04, 0xDE, 0x04,
  0xDE, 0x04, 0xDE, 0x04, 0xDE, 0x04, 0xDE, 0x04, 0xDE, 0x04, 0xDE, 0x04, 0xDE, 0x04, 0xDE, 0x04, 0xDE, 0x04, 0xDE, 0x04, 0xDE, 0x04, 0xDE, 0x04,
  0xDE, 0x04, 0xDE, 0x04, 0xDE, 0x04, 0xDE, 0x04, 0xDE, 0x04, 0xDE, 0x04, 0xDE, 0x04, 0xDE, 0x04, 0xDE, 0x04, 0xDE, 0x04, 0xDE, 0x04, 0xDE, 0x04,
  0xDE, 0x04, 0xDE, 0x04, 0xDE, 0x04, 0x18, 0x45, 0x18, 0x45, 0x63, 0x2E, 0x63, 0x2E, 0x08, 0x22, 0xFF, 0x05, 0x9C, 0x23, 0x9C, 0x23, 0x4A, 0x21,
  0x00, 0x00, 0x00, 0x00, 0x00, 0x00, 0xFF, 0x05, 0x08, 0x22, 0x5B, 0x0E, 0x5B, 0x0E, 0x18, 0x46, 0x18, 0x46, 0xA4, 0x83, 0x28, 0x88, 0x28, 0x88,
  0x28, 0x88, 0x28, 0x88, 0x28, 0x88, 0x28, 0x88, 0x28, 0x88, 0x28, 0x88, 0x28, 0x88, 0x28, 0x88, 0x28, 0x88, 0x28, 0x88, 0x28, 0x88, 0x28, 0x88,
  0x28, 0x88, 0x28, 0x88, 0x28, 0x88, 0x28, 0x88, 0x28, 0x88, 0x28, 0x88, 0x28, 0x88, 0x28, 0x88, 0x28, 0x88, 0x28, 0x88, 0x28, 0x88, 0x28, 0x88,
  0x28, 0x88, 0x28, 0x88, 0xA4, 0x83, 0x18, 0x46, 0x18, 0x46, 0x5B, 0x0E, 0x5B, 0x0E, 0x08, 0x22, 0xFF, 0x05, 0x00, 0x00, 0x00, 0x00, 0x00, 0x00,
  0x00, 0x00, 0x00, 0x00, 0x00, 0x00, 0xFF, 0x05, 0x08, 0x22, 0x5B, 0x0E, 0x5B, 0x0E, 0x18, 0x46, 0x18, 0x46, 0xCD, 0x83, 0xCD, 0x83, 0xCD, 0x83,
  0xCD, 0x83, 0xCD, 0x83, 0xCD, 0x83, 0xCD, 0x83, 0xCD, 0x83, 0xCD, 0x83, 0xCD, 0x83, 0xCD, 0x83, 0xCD, 0x83, 0xCD, 0x83, 0xCD, 0x83, 0xCD, 0x83,
  0xCD, 0x83, 0xCD, 0x83, 0xCD, 0x83, 0xCD, 0x83, 0xCD, 0x83, 0xCD, 0x83, 0xCD, 0x83, 0xCD, 0x83, 0xCD, 0x83, 0xCD, 0x83, 0xCD, 0x83, 0xCD, 0x83,
  0xCD, 0x83, 0xCD, 0x83, 0xCD, 0x83, 0x18, 0x46, 0x18, 0x46, 0x5B, 0x0E, 0x5B, 0x0E, 0x08, 0x22, 0xFF, 0x05, 0x00, 0x00, 0x00, 0x00, 0x00, 0x00,
  0x4A, 0x21, 0x9C, 0x23, 0x9C, 0x23, 0xFF, 0x05, 0x08, 0x22, 0x5B, 0x0E, 0x5B, 0x0E, 0x18, 0x46, 0x18, 0x46, 0xCD, 0x83, 0xCD, 0x83, 0xCD, 0x83,
  0xCD, 0x83, 0xCD, 0x83, 0xCD, 0x83, 0xCD, 0x83, 0xCD, 0x83, 0xCD, 0x83, 0xCD, 0x83, 0xCD, 0x83, 0xCD, 0x83, 0xCD, 0x83, 0xCD, 0x83, 0xCD, 0x83,
  0xCD, 0x83, 0xCD, 0x83, 0xCD, 0x83, 0xCD, 0x83, 0xCD, 0x83, 0xCD, 0x83, 0xCD, 0x83, 0xCD, 0x83, 0xCD, 0x83, 0xCD, 0x83, 0xCD, 0x83, 0xCD, 0x83,
  0xCD, 0x83, 0xCD, 0x83, 0xCD, 0x83, 0x18, 0x46, 0x18, 0x46, 0x5B, 0x0E, 0x5B, 0x0E, 0x08, 0x22, 0xFF, 0x05, 0x9C, 0x23, 0x9C, 0x23, 0x4A, 0x21,
  0x00, 0x00, 0x00, 0x00, 0x00, 0x00, 0xFF, 0x05, 0x08, 0x22, 0x5A, 0xED, 0x5A, 0xED, 0x18, 0x46, 0x18, 0x46, 0xA4, 0x83, 0x8B, 0xA2, 0x20, 0x67,
  0x20, 0x67, 0x20, 0x67, 0x20, 0x67, 0x20, 0x67, 0x20, 0x67, 0x20, 0x67, 0x20, 0x67, 0x20, 0x67, 0x20, 0x67, 0x20, 0x67, 0x20, 0x67, 0x20, 0x67,
  0x20, 0x67, 0x20, 0x67, 0x20, 0x67, 0x20, 0x67, 0x20, 0x67, 0x20, 0x67, 0x20, 0x67, 0x20, 0x67, 0x20, 0x67, 0x20, 0x67, 0x20, 0x67, 0x20, 0x67,
  0x20, 0x67, 0x8B, 0xA2, 0xA4, 0x83, 0x18, 0x46, 0x18, 0x46, 0x5A, 0xED, 0x5A, 0xED, 0x08, 0x22, 0xFF, 0x05, 0x00, 0x00, 0x00, 0x00, 0x00, 0x00,
  0x00, 0x00, 0x00, 0x00, 0x00, 0x00, 0xFF, 0x05, 0x08, 0x22, 0x5A, 0xED, 0x5A, 0xED, 0x18, 0x46, 0x18, 0x46, 0xEE, 0x84, 0xEE, 0x84, 0xEE, 0x84,
  0xEE, 0x84, 0xEE, 0x84, 0xEE, 0x84, 0xEE, 0x84, 0xEE, 0x84, 0xEE, 0x84, 0xEE, 0x84, 0xEE, 0x84, 0xEE, 0x84, 0xEE, 0x84, 0xEE, 0x84, 0xEE, 0x84,
  0xEE, 0x84, 0xEE, 0x84, 0xEE, 0x84, 0xEE, 0x84, 0xEE, 0x84, 0xEE, 0x84, 0xEE, 0x84, 0xEE, 0x84, 0xEE, 0x84, 0xEE, 0x84, 0xEE, 0x84, 0xEE, 0x84,
  0xEE, 0x84, 0xEE, 0x84, 0xEE, 0x84, 0x18, 0x46, 0x18, 0x46, 0x5A, 0xED, 0x5A, 0xED, 0x08, 0x22, 0xFF, 0x05, 0x00, 0x00, 0x00, 0x00, 0x00, 0x00,
  0x4A, 0x21, 0x9C, 0x23, 0x9C, 0x23, 0xFF, 0x05, 0x08, 0x22, 0x5A, 0xED, 0x5A, 0xED, 0x18, 0x46, 0x18, 0x46, 0xEE, 0x84, 0xEE, 0x84, 0xEE, 0x84,
  0xEE, 0x84, 0xEE, 0x84, 0xEE, 0x84, 0xEE, 0x84, 0xEE, 0x84, 0xEE, 0x84, 0xEE, 0x84, 0xEE, 0x84, 0xEE, 0x84, 0xEE, 0x84, 0xEE, 0x84, 0xEE, 0x84,
  0xEE, 0x84, 0xEE, 0x84, 0xEE, 0x84, 0xEE, 0x84, 0xEE, 0x84, 0xEE, 0x84, 0xEE, 0x84, 0xEE, 0x84, 0xEE, 0x84, 0xEE, 0x84, 0xEE, 0x84, 0xEE, 0x84,
  0xEE, 0x84, 0xEE, 0x84, 0xEE, 0x84, 0x18, 0x46, 0x18, 0x46, 0x5A, 0xED, 0x5A, 0xED, 0x08, 0x22, 0xFF, 0x05, 0x9C, 0x23, 0x9C, 0x23, 0x4A, 0x21,
  0x00, 0x00, 0x00, 0x00, 0x00, 0x00, 0xFF, 0x05, 0x08, 0x22, 0x52, 0xCD, 0x52, 0xCD, 0x18, 0x46, 0x18, 0x46, 0x18, 0x46, 0xA4, 0x83, 0xA4, 0x83,
  0xA4, 0x83, 0xA4, 0x83, 0xA4, 0x83, 0xA4, 0x83, 0xA4, 0x83, 0xA4, 0x83, 0xA4, 0x83, 0xA4, 0x83, 0xA4, 0x83, 0xA4, 0x83, 0xA4, 0x83, 0xA4, 0x83,
  0xA4, 0x83, 0xA4, 0x83, 0xA4, 0x83, 0xA4, 0x83, 0xA4, 0x83, 0xA4, 0x83, 0xA4, 0x83, 0xA4, 0x83, 0xA4, 0x83, 0xA4, 0x83, 0xA4, 0x83, 0xA4, 0x83,
  0xA4, 0x83, 0xA4, 0x83, 0x18, 0x46, 0x18, 0x46, 0x18, 0x46, 0x52, 0xCD, 0x52, 0xCD, 0x08, 0x22, 0xFF, 0x05, 0x00, 0x00, 0x00, 0x00, 0x00, 0x00,
  0x00, 0x00, 0x00, 0x00, 0x00, 0x00, 0xFF, 0x05, 0x08, 0x22, 0x52, 0xCD, 0x52, 0xCD, 0x18, 0x46, 0x18, 0x46, 0x18, 0x46, 0xF6, 0xA4, 0xF6, 0xA4,
  0xF6, 0xA4, 0xF6, 0xA4, 0xF6, 0xA4, 0xF6, 0xA4, 0xF6, 0xA4, 0xF6, 0xA4, 0xF6, 0xA4, 0xF6, 0xA4, 0xF6, 0xA4, 0xF6, 0xA4, 0xF6, 0xA4, 0xF6, 0xA4,
  0xF6, 0xA4, 0xF6, 0xA4, 0xF6, 0xA4, 0xF6, 0xA4, 0xF6, 0xA4, 0xF6, 0xA4, 0xF6, 0xA4, 0xF6, 0xA4, 0xF6, 0xA4, 0xF6, 0xA4, 0xF6, 0xA4, 0xF6, 0xA4,
  0xF6, 0xA4, 0xF6, 0xA4, 0x18, 0x46, 0x18, 0x46, 0x18, 0x46, 0x52, 0xCD, 0x52, 0xCD, 0x08, 0x22, 0xFF, 0x05, 0x00, 0x00, 0x00, 0x00, 0x00, 0x00,
  0x4A, 0x21, 0x9C, 0x23, 0x9C, 0x23, 0xFF, 0x05, 0x08, 0x22, 0x52, 0xCD, 0x52, 0xCD, 0x18, 0x46, 0x18, 0x46, 0x18, 0x46, 0xF6, 0xA4, 0xF6, 0xA4,
  0xF6, 0xA4, 0xF6, 0xA4, 0xF6, 0xA4, 0xF6, 0xA4, 0xF6, 0xA4, 0xF6, 0xA4, 0xF6, 0xA4, 0xF6, 0xA4, 0xF6, 0xA4, 0xF6, 0xA4, 0xF6, 0xA4, 0xF6, 0xA4,
  0xF6, 0xA4, 0xF6, 0xA4, 0xF6, 0xA4, 0xF6, 0xA4, 0xF6, 0xA4, 0xF6, 0xA4, 0xF6, 0xA4, 0xF6, 0xA4, 0xF6, 0xA4, 0xF6, 0xA4, 0xF6, 0xA4, 0xF6, 0xA4,
  0xF6, 0xA4, 0xF6, 0xA4, 0x18, 0x46, 0x18, 0x46, 0x18, 0x46, 0x52, 0xCD, 0x52, 0xCD, 0x08, 0x22, 0xFF, 0x05, 0x9C, 0x23, 0x9C, 0x23, 0x4A, 0x21,
  0x00, 0x00, 0x00, 0x00, 0x00, 0x00, 0xFF, 0x05, 0x08, 0x22, 0x52, 0xAC, 0x52, 0xAC, 0x52, 0xAC, 0x18, 0x66, 0x18, 0x66, 0x18, 0x66, 0x18, 0x66,
  0x18, 0x66, 0x18, 0x66, 0x18, 0x66, 0x18, 0x66, 0x18, 0x66, 0x18, 0x66, 0x18, 0x66, 0x18, 0x66, 0x18, 0x66, 0x18, 0x66, 0x18, 0x66, 0x18, 0x66,
  0x18, 0x66, 0x18, 0x66, 0x18, 0x66, 0x18, 0x66, 0x18, 0x66, 0x18, 0x66, 0x18, 0x66, 0x18, 0x66, 0x18, 0x66, 0x18, 0x66, 0x18, 0x66, 0x18, 0x66,
  0x18, 0x66, 0x18, 0x66, 0x18, 0x66, 0x18, 0x66, 0x52, 0xAC, 0x52, 0xAC, 0x52, 0xAC, 0x08, 0x22, 0xFF, 0x05, 0x00, 0x00, 0x00, 0x00, 0x00, 0x00,
  0x00, 0x00, 0x00, 0x00, 0x00, 0x00, 0xFF, 0x05, 0x08, 0x22, 0x52, 0xAC, 0x52, 0xAC, 0x52, 0xAC, 0x18, 0x66, 0x18, 0x66, 0x18, 0x66, 0x18, 0x66,
  0x18, 0x66, 0x18, 0x66, 0x18, 0x66, 0x18, 0x66, 0x18, 0x66, 0x18, 0x66, 0x18, 0x66, 0x18, 0x66, 0x18, 0x66, 0x18, 0x66, 0x18, 0x66, 0x18, 0x66,
  0x18, 0x66, 0x18, 0x66, 0x18, 0x66, 0x18, 0x66, 0x18, 0x66, 0x18, 0x66, 0x18, 0x66, 0x18, 0x66, 0x18, 0x66, 0x18, 0x66, 0x18, 0x66, 0x18, 0x66,
  0x18, 0x66, 0x18, 0x66, 0x18, 0x66, 0x18, 0x66, 0x52, 0xAC, 0x52, 0xAC, 0x52, 0xAC, 0x08, 0x22, 0xFF, 0x05, 0x00, 0x00, 0x00, 0x00, 0x00, 0x00,
  0x4A, 0x21, 0x9C, 0x23, 0x9C, 0x23, 0xFF, 0x05, 0x08, 0x22, 0x52, 0xAC, 0x52, 0xAC, 0x52, 0xAC, 0x18, 0x66, 0x18, 0x66, 0x18, 0x66, 0x18, 0x66,
  0x18, 0x66, 0x18, 0x66, 0x18, 0x66, 0x18, 0x66, 0x18, 0x66, 0x18, 0x66, 0x18, 0x66, 0x18, 0x66, 0x18, 0x66, 0x18, 0x66, 0x18, 0x66, 0x18, 0x66,
  0x18, 0x66, 0x18, 0x66, 0x18, 0x66, 0x18, 0x66, 0x18, 0x66, 0x18, 0x66, 0x18, 0x66, 0x18, 0x66, 0x18, 0x66, 0x18, 0x66, 0x18, 0x66, 0x18, 0x66,
  0x18, 0x66, 0x18, 0x66, 0x18, 0x66, 0x18, 0x66, 0x52, 0xAC, 0x52, 0xAC, 0x52, 0xAC, 0x08, 0x22, 0xFF, 0x05, 0x9C, 0x23, 0x9C, 0x23, 0x4A, 0x21,
  0x00, 0x00, 0x00, 0x00, 0x00, 0x00, 0xFF, 0x05, 0x08, 0x22, 0x08, 0x22, 0x4A, 0x8C, 0x4A, 0x8C, 0x4A, 0x8C, 0x18, 0x66, 0x18, 0x66, 0x18, 0x66,
  0x18, 0x66, 0x18, 0x66, 0x18, 0x66, 0x18, 0x66, 0x18, 0x66, 0x18, 0x66, 0x18, 0x66, 0x18, 0x66, 0x18, 0x66, 0x18, 0x66, 0x18, 0x66, 0x18, 0x66,
  0x18, 0x66, 0x18, 0x66, 0x18, 0x66, 0x18, 0x66, 0x18, 0x66, 0x18, 0x66, 0x18, 0x66, 0x18, 0x66, 0x18, 0x66, 0x18, 0x66, 0x18, 0x66, 0x18, 0x66,
  0x18, 0x66, 0x18, 0x66, 0x18, 0x66, 0x4A, 0x8C, 0x4A, 0x8C, 0x4A, 0x8C, 0x08, 0x22, 0x08, 0x22, 0xFF, 0x05, 0x00, 0x00, 0x00, 0x00, 0x00, 0x00,
  0x00, 0x00, 0x00, 0x00, 0x00, 0x00, 0xFF, 0x05, 0x08, 0x22, 0x08, 0x22, 0x4A, 0x8C, 0x4A, 0x8C, 0x4A, 0x8C, 0x18, 0x66, 0x18, 0x66, 0x18, 0x66,
  0x18, 0x66, 0x18, 0x66, 0x18, 0x66, 0x18, 0x66, 0x18, 0x66, 0x18, 0x66, 0x18, 0x66, 0x18, 0x66, 0x18, 0x66, 0x18, 0x66, 0x18, 0x66, 0x18, 0x66,
  0x18, 0x66, 0x18, 0x66, 0x18, 0x66, 0x18, 0x66, 0x18, 0x66, 0x18, 0x66, 0x18, 0x66, 0x18, 0x66, 0x18, 0x66, 0x18, 0x66, 0x18, 0x66, 0x18, 0x66,
  0x18, 0x66, 0x18, 0x66, 0x18, 0x66, 0x4A, 0x8C, 0x4A, 0x8C, 0x4A, 0x8C, 0x08, 0x22, 0x08, 0x22, 0xFF, 0x05, 0x00, 0x00, 0x00, 0x00, 0x00, 0x00,
  0x4A, 0x21, 0x9C, 0x23, 0x9C, 0x23, 0xFF, 0x05, 0x08, 0x22, 0x08, 0x22, 0x4A, 0x8C, 0x4A, 0x8C, 0x4A, 0x8C, 0x18, 0x66, 0x18, 0x66, 0x18, 0x66,
  0x18, 0x66, 0x18, 0x66, 0x18, 0x66, 0x18, 0x66, 0x18, 0x66, 0x18, 0x66, 0x18, 0x66, 0x18, 0x66, 0x18, 0x66, 0x18, 0x66, 0x18, 0x66, 0x18, 0x66,
  0x18, 0x66, 0x18, 0x66, 0x18, 0x66, 0x18, 0x66, 0x18, 0x66, 0x18, 0x66, 0x18, 0x66, 0x18, 0x66, 0x18, 0x66, 0x18, 0x66, 0x18, 0x66, 0x18, 0x66,
  0x18, 0x66, 0x18, 0x66, 0x18, 0x66, 0x4A, 0x8C, 0x4A, 0x8C, 0x4A, 0x8C, 0x08, 0x22, 0x08, 0x22, 0xFF, 0x05, 0x9C, 0x23, 0x9C, 0x23, 0x4A, 0x21,
  0x00, 0x00, 0x00, 0x00, 0x00, 0x00, 0xFF, 0x05, 0xFF, 0x05, 0x08, 0x22, 0x4A, 0x6B, 0x4A, 0x6B, 0x4A, 0x6B, 0x4A, 0x6B, 0x4A, 0x6B, 0x4A, 0x6B,
  0x4A, 0x6B, 0x4A, 0x6B, 0x4A, 0x6B, 0x4A, 0x6B, 0x4A, 0x6B, 0x4A, 0x6B, 0x4A, 0x6B, 0x4A, 0x6B, 0x4A, 0x6B, 0x4A, 0x6B, 0x4A, 0x6B, 0x4A, 0x6B,
  0x4A, 0x6B, 0x4A, 0x6B, 0x4A, 0x6B, 0x4A, 0x6B, 0x4A, 0x6B, 0x4A, 0x6B, 0x4A, 0x6B, 0x4A, 0x6B, 0x4A, 0x6B, 0x4A, 0x6B, 0x4A, 0x6B, 0x4A, 0x6B,
  0x4A, 0x6B, 0x4A, 0x6B, 0x4A, 0x6B, 0x4A, 0x6B, 0x4A, 0x6B, 0x4A, 0x6B, 0x08, 0x22, 0xFF, 0x05, 0xFF, 0x05, 0x00, 0x00, 0x00, 0x00, 0x00, 0x00,
  0x00, 0x00, 0x00, 0x00, 0x00, 0x00, 0xFF, 0x05, 0xFF, 0x05, 0x08, 0x22, 0x4A, 0x6B, 0x4A, 0x6B, 0x4A, 0x6B, 0x4A, 0x6B, 0x4A, 0x6B, 0x4A, 0x6B,
  0x4A, 0x6B, 0x4A, 0x6B, 0x4A, 0x6B, 0x4A, 0x6B, 0x4A, 0x6B, 0x4A, 0x6B, 0x4A, 0x6B, 0x4A, 0x6B, 0x4A, 0x6B, 0x4A, 0x6B, 0x4A, 0x6B, 0x4A, 0x6B,
  0x4A, 0x6B, 0x4A, 0x6B, 0x4A, 0x6B, 0x4A, 0x6B, 0x4A, 0x6B, 0x4A, 0x6B, 0x4A, 0x6B, 0x4A, 0x6B, 0x4A, 0x6B, 0x4A, 0x6B, 0x4A, 0x6B, 0x4A, 0x6B,
  0x4A, 0x6B, 0x4A, 0x6B, 0x4A, 0x6B, 0x4A, 0x6B, 0x4A, 0x6B, 0x4A, 0x6B, 0x08, 0x22, 0xFF, 0x05, 0xFF, 0x05, 0x00, 0x00, 0x00, 0x00, 0x00, 0x00,
  0x4A, 0x21, 0x9C, 0x23, 0x9C, 0x23, 0xFF, 0x05, 0xFF, 0x05, 0x08, 0x22, 0x4A, 0x6B, 0x4A, 0x6B, 0x4A, 0x6B, 0x4A, 0x6B, 0x4A, 0x6B, 0x4A, 0x6B,
  0x4A, 0x6B, 0x4A, 0x6B, 0x4A, 0x6B, 0x4A, 0x6B, 0x4A, 0x6B, 0x4A, 0x6B, 0x4A, 0x6B, 0x4A, 0x6B, 0x4A, 0x6B, 0x4A, 0x6B, 0x4A, 0x6B, 0x4A, 0x6B,
  0x4A, 0x6B, 0x4A, 0x6B, 0x4A, 0x6B, 0x4A, 0x6B, 0x4A, 0x6B, 0x4A, 0x6B, 0x4A, 0x6B, 0x4A, 0x6B, 0x4A, 0x6B, 0x4A, 0x6B, 0x4A, 0x6B, 0x4A, 0x6B,
  0x4A, 0x6B, 0x4A, 0x6B, 0x4A, 0x6B, 0x4A, 0x6B, 0x4A, 0x6B, 0x4A, 0x6B, 0x08, 0x22, 0xFF, 0x05, 0xFF, 0x05, 0x9C, 0x23, 0x9C, 0x23, 0x4A, 0x21,
  0x00, 0x00, 0x00, 0x00, 0x00, 0x00, 0x00, 0x00, 0xFF, 0x05, 0x08, 0x22, 0x08, 0x22, 0x08, 0x22, 0x42, 0x4B, 0x42, 0x4B, 0x42, 0x4B, 0x42, 0x4B,
  0x42, 0x4B, 0x42, 0x4B, 0x42, 0x4B, 0x42, 0x4B, 0x42, 0x4B, 0x42, 0x4B, 0x42, 0x4B, 0x42, 0x4B, 0x42, 0x4B, 0x42, 0x4B, 0x42, 0x4B, 0x42, 0x4B,
  0x42, 0x4B, 0x42, 0x4B, 0x42, 0x4B, 0x42, 0x4B, 0x42, 0x4B, 0x42, 0x4B, 0x42, 0x4B, 0x42, 0x4B, 0x42, 0x4B, 0x42, 0x4B, 0x42, 0x4B, 0x42, 0x4B,
  0x42, 0x4B, 0x42, 0x4B, 0x42, 0x4B, 0x42, 0x4B, 0x08, 0x22, 0x08, 0x22, 0x08, 0x22, 0xFF, 0x05, 0x00, 0x00, 0x00, 0x00, 0x00, 0x00, 0x00, 0x00,
  0x00, 0x00, 0x00, 0x00, 0x00, 0x00, 0x00, 0x00, 0xFF, 0x05, 0x08, 0x22, 0x08, 0x22, 0x08, 0x22, 0x42, 0x4B, 0x42, 0x4B, 0x42, 0x4B, 0x42, 0x4B,
  0x42, 0x4B, 0x42, 0x4B, 0x42, 0x4B, 0x42, 0x4B, 0x42, 0x4B, 0x42, 0x4B, 0x42, 0x4B, 0x42, 0x4B, 0x42, 0x4B, 0x42, 0x4B, 0x42, 0x4B, 0x42, 0x4B,
  0x42, 0x4B, 0x42, 0x4B, 0x42, 0x4B, 0x42, 0x4B, 0x42, 0x4B, 0x42, 0x4B, 0x42, 0x4B, 0x42, 0x4B, 0x42, 0x4B, 0x42, 0x4B, 0x42, 0x4B, 0x42, 0x4B,
  0x42, 0x4B, 0x42, 0x4B, 0x42, 0x4B, 0x42, 0x4B, 0x08, 0x22, 0x08, 0x22, 0x08, 0x22, 0xFF, 0x05, 0x00, 0x00, 0x00, 0x00, 0x00, 0x00, 0x00, 0x00,
  0x4A, 0x21, 0x9C, 0x23, 0x9C, 0x23, 0x9C, 0x23, 0xFF, 0x05, 0x08, 0x22, 0x08, 0x22, 0x08, 0x22, 0x42, 0x4B, 0x42, 0x4B, 0x42, 0x4B, 0x42, 0x4B,
  0x42, 0x4B, 0x42, 0x4B, 0x42, 0x4B, 0x42, 0x4B, 0x42, 0x4B, 0x42, 0x4B, 0x42, 0x4B, 0x42, 0x4B, 0x42, 0x4B, 0x42, 0x4B, 0x42, 0x4B, 0x42, 0x4B,
  0x42, 0x4B, 0x42, 0x4B, 0x42, 0x4B, 0x42, 0x4B, 0x42, 0x4B, 0x42, 0x4B, 0x42, 0x4B, 0x42, 0x4B, 0x42, 0x4B, 0x42, 0x4B, 0x42, 0x4B, 0x42, 0x4B,
  0x42, 0x4B, 0x42, 0x4B, 0x42, 0x4B, 0x42, 0x4B, 0x08, 0x22, 0x08, 0x22, 0x08, 0x22, 0xFF, 0x05, 0x9C, 0x23, 0x9C, 0x23, 0x9C, 0x23, 0x4A, 0x21,
  0x00, 0x00, 0x00, 0x00, 0x00, 0x00, 0x00, 0x00, 0x00, 0x00, 0xFF, 0x05, 0xFF, 0x05, 0x08, 0x22, 0x08, 0x22, 0x08, 0x22, 0x08, 0x22, 0x08, 0x22,
  0x08, 0x22, 0x08, 0x22, 0x08, 0x22, 0x08, 0x22, 0x08, 0x22, 0x08, 0x22, 0x08, 0x22, 0x08, 0x22, 0x08, 0x22, 0x08, 0x22, 0x08, 0x22, 0x08, 0x22,
  0x08, 0x22, 0x08, 0x22, 0x08, 0x22, 0x08, 0x22, 0x08, 0x22, 0x08, 0x22, 0x08, 0x22, 0x08, 0x22, 0x08, 0x22, 0x08, 0x22, 0x08, 0x22, 0x08, 0x22,
  0x08, 0x22, 0x08, 0x22, 0x08, 0x22, 0x08, 0x22, 0x08, 0x22, 0xFF, 0x05, 0xFF, 0x05, 0x00, 0x00, 0x00, 0x00, 0x00, 0x00, 0x00, 0x00, 0x00, 0x00,
  0x00, 0x00, 0x00, 0x00, 0x00, 0x00, 0x00, 0x00, 0x00, 0x00, 0xFF, 0x05, 0xFF, 0x05, 0x08, 0x22, 0x08, 0x22, 0x08, 0x22, 0x08, 0x22, 0x08, 0x22,
  0x08, 0x22, 0x08, 0x22, 0x08, 0x22, 0x08, 0x22, 0x08, 0x22, 0x08, 0x22, 0x08, 0x22, 0x08, 0x22, 0x08, 0x22, 0x08, 0x22, 0x08, 0x22, 0x08, 0x22,
  0x08, 0x22, 0x08, 0x22, 0x08, 0x22, 0x08, 0x22, 0x08, 0x22, 0x08, 0x22, 0x08, 0x22, 0x08, 0x22, 0x08, 0x22, 0x08, 0x22, 0x08, 0x22, 0x08, 0x22,
  0x08, 0x22, 0x08, 0x22, 0x08, 0x22, 0x08, 0x22, 0x08, 0x22, 0xFF, 0x05, 0xFF, 0x05, 0x00, 0x00, 0x00, 0x00, 0x00, 0x00, 0x00, 0x00, 0x00, 0x00,
  0x00, 0x00, 0x4A, 0x21, 0x9C, 0x23, 0x9C, 0x23, 0x9C, 0x23, 0xFF, 0x05, 0xFF, 0x05, 0x08, 0x22, 0x08, 0x22, 0x08, 0x22, 0x08, 0x22, 0x08, 0x22,
  0x08, 0x22, 0x08, 0x22, 0x08, 0x22, 0x08, 0x22, 0x08, 0x22, 0x08, 0x22, 0x08, 0x22, 0x08, 0x22, 0x08, 0x22, 0x08, 0x22, 0x08, 0x22, 0x08, 0x22,
  0x08, 0x22, 0x08, 0x22, 0x08, 0x22, 0x08, 0x22, 0x08, 0x22, 0x08, 0x22, 0x08, 0x22, 0x08, 0x22, 0x08, 0x22, 0x08, 0x22, 0x08, 0x22, 0x08, 0x22,
  0x08, 0x22, 0x08, 0x22, 0x08, 0x22, 0x08, 0x22, 0x08, 0x22, 0xFF, 0x05, 0xFF, 0x05, 0x9C, 0x23, 0x9C, 0x23, 0x9C, 0x23, 0x4A, 0x21, 0x00, 0x00,
  0x00, 0x00, 0x00, 0x00, 0x00, 0x00, 0x00, 0x00, 0x00, 0x00, 0x00, 0x00, 0xFF, 0x05, 0xFF, 0x05, 0xFF, 0x05, 0xFF, 0x05, 0xFF, 0x05, 0xFF, 0x05,
  0xFF, 0x05, 0xFF, 0x05, 0xFF, 0x05, 0xFF, 0x05, 0xFF, 0x05, 0xFF, 0x05, 0xFF, 0x05, 0xFF, 0x05, 0xFF, 0x05, 0xFF, 0x05, 0xFF, 0x05, 0xFF, 0x05,
  0xFF, 0x05, 0xFF, 0x05, 0xFF, 0x05, 0xFF, 0x05, 0xFF, 0x05, 0xFF, 0x05, 0xFF, 0x05, 0xFF, 0x05, 0xFF, 0x05, 0xFF, 0x05, 0xFF, 0x05, 0xFF, 0x05,
  0xFF, 0x05, 0xFF, 0x05, 0xFF, 0x05, 0xFF, 0x05, 0xFF, 0x05, 0xFF, 0x05, 0x00, 0x00, 0x00, 0x00, 0x00, 0x00, 0x00, 0x00, 0x00, 0x00, 0x00, 0x00,
  0x00, 0x00, 0x00, 0x00, 0x00, 0x00, 0x00, 0x00, 0x00, 0x00, 0x00, 0x00, 0xFF, 0x05, 0xFF, 0x05, 0xFF, 0x05, 0xFF, 0x05, 0xFF, 0x05, 0xFF, 0x05,
  0xFF, 0x05, 0xFF, 0x05, 0xFF, 0x05, 0xFF, 0x05, 0xFF, 0x05, 0xFF, 0x05, 0xFF, 0x05, 0xFF, 0x05, 0xFF, 0x05, 0xFF, 0x05, 0xFF, 0x05, 0xFF, 0x05,
  0xFF, 0x05, 0xFF, 0x05, 0xFF, 0x05, 0xFF, 0x05, 0xFF, 0x05, 0xFF, 0x05, 0xFF, 0x05, 0xFF, 0x05, 0xFF, 0x05, 0xFF, 0x05, 0xFF, 0x05, 0xFF, 0x05,
  0xFF, 0x05, 0xFF, 0x05, 0xFF, 0x05, 0xFF, 0x05, 0xFF, 0x05, 0xFF, 0x05, 0x00, 0x00, 0x00, 0x00, 0x00, 0x00, 0x00, 0x00, 0x00, 0x00, 0x00, 0x00,
  0x00, 0x00, 0x4A, 0x21, 0x4A, 0x21, 0x9C, 0x23, 0x9C, 0x23, 0x9C, 0x23, 0xFF, 0x05, 0xFF, 0x05, 0xFF, 0x05, 0xFF, 0x05, 0xFF, 0x05, 0xFF, 0x05,
  0xFF, 0x05, 0xFF, 0x05, 0xFF, 0x05, 0xFF, 0x05, 0xFF, 0x05, 0xFF, 0x05, 0xFF, 0x05, 0xFF, 0x05, 0xFF, 0x05, 0xFF, 0x05, 0xFF, 0x05, 0xFF, 0x05,
  0xFF, 0x05, 0xFF, 0x05, 0xFF, 0x05, 0xFF, 0x05, 0xFF, 0x05, 0xFF, 0x05, 0xFF, 0x05, 0xFF, 0x05, 0xFF, 0x05, 0xFF, 0x05, 0xFF, 0x05, 0xFF, 0x05,
  0xFF, 0x05, 0xFF, 0x05, 0xFF, 0x05, 0xFF, 0x05, 0xFF, 0x05, 0xFF, 0x05, 0x9C, 0x23, 0x9C, 0x23, 0x9C, 0x23, 0x4A, 0x21, 0x4A, 0x21, 0x00, 0x00,
  0x00, 0x00, 0x00, 0x00, 0x00, 0x00, 0x00, 0x00, 0x00, 0x00, 0x00, 0x00, 0x00, 0x00, 0x00, 0x00, 0x00, 0x00, 0x00, 0x00, 0x00, 0x00, 0x00, 0x00,
  0x00, 0x00, 0x00, 0x00, 0x00, 0x00, 0x00, 0x00, 0x00, 0x00, 0x00, 0x00, 0x00, 0x00, 0x00, 0x00, 0x00, 0x00, 0x00, 0x00, 0x00, 0x00, 0x00, 0x00,
  0x00, 0x00, 0x00, 0x00, 0x00, 0x00, 0x00, 0x00, 0x00, 0x00, 0x00, 0x00, 0x00, 0x00, 0x00, 0x00, 0x00, 0x00, 0x00, 0x00, 0x00, 0x00, 0x00, 0x00,
  0x00, 0x00, 0x00, 0x00, 0x00, 0x00, 0x00, 0x00, 0x00, 0x00, 0x00, 0x00, 0x00, 0x00, 0x00, 0x00, 0x00, 0x00, 0x00, 0x00, 0x00, 0x00, 0x00, 0x00,
  0x00, 0x00, 0x00, 0x00, 0x00, 0x00, 0x00, 0x00, 0x00, 0x00, 0x00, 0x00, 0x00, 0x00, 0x00, 0x00, 0x00, 0x00, 0x00, 0x00, 0x00, 0x00, 0x00, 0x00,
  0x00, 0x00, 0x00, 0x00, 0x00, 0x00, 0x00, 0x00, 0x00, 0x00, 0x00, 0x00, 0x00, 0x00, 0x00, 0x00, 0x00, 0x00, 0x00, 0x00, 0x00, 0x00, 0x00, 0x00,
  0x00, 0x00, 0x00, 0x00, 0x00, 0x00, 0x00, 0x00, 0x00, 0x00, 0x00, 0x00, 0x00, 0x00, 0x00, 0x00, 0x00, 0x00, 0x00, 0x00, 0x00, 0x00, 0x00, 0x00,
  0x00, 0x00, 0x00, 0x00, 0x00, 0x00, 0x00, 0x00, 0x00, 0x00, 0x00, 0x00, 0x00, 0x00, 0x00, 0x00, 0x00, 0x00, 0x00, 0x00, 0x00, 0x00, 0x00, 0x00,
  0x00, 0x00, 0x00, 0x00, 0x4A, 0x21, 0x4A, 0x21, 0x9C, 0x23, 0x9C, 0x23, 0x9C, 0x23, 0x9C, 0x23, 0x9C, 0x23, 0x9C, 0x23, 0x9C, 0x23, 0x9C, 0x23,
  0x9C, 0x23, 0x9C, 0x23, 0x9C, 0x23, 0x9C, 0x23, 0x9C, 0x23, 0x9C, 0x23, 0x9C, 0x23, 0x9C, 0x23, 0x9C, 0x23, 0x9C, 0x23, 0x9C, 0x23, 0x9C, 0x23,
  0x9C, 0x23, 0x9C, 0x23, 0x9C, 0x23, 0x9C, 0x23, 0x9C, 0x23, 0x9C, 0x23, 0x9C, 0x23, 0x9C, 0x23, 0x9C, 0x23, 0x9C, 0x23, 0x9C, 0x23, 0x9C, 0x23,
  0x9C, 0x23, 0x9C, 0x23, 0x9C, 0x23, 0x9C, 0x23, 0x9C, 0x23, 0x9C, 0x23, 0x9C, 0x23, 0x9C, 0x23, 0x4A, 0x21, 0x4A, 0x21, 0x00, 0x00, 0x00, 0x00,
  0x00, 0x00, 0x00, 0x00, 0x00, 0x00, 0x00, 0x00, 0x00, 0x00, 0x00, 0x00, 0x00, 0x00, 0x00, 0x00, 0x00, 0x00, 0x00, 0x00, 0x00, 0x00, 0x00, 0x00,
  0x00, 0x00, 0x00, 0x00, 0x00, 0x00, 0x00, 0x00, 0x00, 0x00, 0x00, 0x00, 0x00, 0x00, 0x00, 0x00, 0x00, 0x00, 0x00, 0x00, 0x00, 0x00, 0x00, 0x00,
  0x00, 0x00, 0x00, 0x00, 0x00, 0x00, 0x00, 0x00, 0x00, 0x00, 0x00, 0x00, 0x00, 0x00, 0x00, 0x00, 0x00, 0x00, 0x00, 0x00, 0x00, 0x00, 0x00, 0x00,
  0x00, 0x00, 0x00, 0x00, 0x00, 0x00, 0x00, 0x00, 0x00, 0x00, 0x00, 0x00, 0x00, 0x00, 0x00, 0x00, 0x00, 0x00, 0x00, 0x00, 0x00, 0x00, 0x00, 0x00,
  0x00, 0x00, 0x00, 0x00, 0x00, 0x00, 0x00, 0x00, 0x00, 0x00, 0x00, 0x00, 0x00, 0x00, 0x00, 0x00, 0x00, 0x00, 0x00, 0x00, 0x00, 0x00, 0x00, 0x00,
  0x00, 0x00, 0x00, 0x00, 0x00, 0x00, 0x00, 0x00, 0x00, 0x00, 0x00, 0x00, 0x00, 0x00, 0x00, 0x00, 0x00, 0x00, 0x00, 0x00, 0x00, 0x00, 0x00, 0x00,
  0x00, 0x00, 0x00, 0x00, 0x00, 0x00, 0x00, 0x00, 0x00, 0x00, 0x00, 0x00, 0x00, 0x00, 0x00, 0x00, 0x00, 0x00, 0x00, 0x00, 0x00, 0x00, 0x00, 0x00,
  0x00, 0x00, 0x00, 0x00, 0x00, 0x00, 0x00, 0x00, 0x00, 0x00, 0x00, 0x00, 0x00, 0x00, 0x00, 0x00, 0x00, 0x00, 0x00, 0x00, 0x00, 0x00, 0x00, 0x00,
  0x00, 0x00, 0x00, 0x00, 0x00, 0x00, 0x4A, 0x21, 0x4A, 0x21, 0x9C, 0x23, 0x9C, 0x23, 0x9C, 0x23, 0x9C, 0x23, 0x9C, 0x23, 0x9C, 0x23, 0x9C, 0x23,
  0x9C, 0x23, 0x9C, 0x23, 0x9C, 0x23, 0x9C, 0x23, 0x9C, 0x23, 0x9C, 0x23, 0x9C, 0x23, 0x9C, 0x23, 0x9C, 0x23, 0x9C, 0x23, 0x9C, 0x23, 0x9C, 0x23,
  0x9C, 0x23, 0x9C, 0x23, 0x9C, 0x23, 0x9C, 0x23, 0x9C, 0x23, 0x9C, 0x23, 0x9C, 0x23, 0x9C, 0x23, 0x9C, 0x23, 0x9C, 0x23, 0x9C, 0x23, 0x9C, 0x23,
  0x9C, 0x23, 0x9C, 0x23, 0x9C, 0x23, 0x9C, 0x23, 0x9C, 0x23, 0x9C, 0x23, 0x9C, 0x23, 0x4A, 0x21, 0x4A, 0x21, 0x00, 0x00, 0x00, 0x00, 0x00, 0x00,
  0x00, 0x00, 0x00, 0x00, 0x00, 0x00, 0x00, 0x00, 0x00, 0x00, 0x00, 0x00, 0x00, 0x00, 0x00, 0x00, 0x00, 0x00, 0x00, 0x00, 0x00, 0x00, 0x00, 0x00,
  0x00, 0x00, 0x00, 0x00, 0x00, 0x00, 0x00, 0x00, 0x00, 0x00, 0x00, 0x00, 0x00, 0x00, 0x00, 0x00, 0x00, 0x00, 0x00, 0x00, 0x00, 0x00, 0x00, 0x00,
  0x00, 0x00, 0x00, 0x00, 0x00, 0x00, 0x00, 0x00, 0x00, 0x00, 0x00, 0x00, 0x00, 0x00, 0x00, 0x00, 0x00, 0x00, 0x00, 0x00, 0x00, 0x00, 0x00, 0x00,
  0x00, 0x00, 0x00, 0x00, 0x00, 0x00, 0x00, 0x00, 0x00, 0x00, 0x00, 0x00, 0x00, 0x00, 0x00, 0x00, 0x00, 0x00, 0x00, 0x00, 0x00, 0x00, 0x00, 0x00,
  0x00, 0x00, 0x00, 0x00, 0x00, 0x00, 0x00, 0x00, 0x00, 0x00, 0x00, 0x00, 0x00, 0x00, 0x00, 0x00, 0x00, 0x00, 0x00, 0x00, 0x00, 0x00, 0x00, 0x00,
  0x00, 0x00, 0x00, 0x00, 0x00, 0x00, 0x00, 0x00, 0x00, 0x00, 0x00, 0x00, 0x00, 0x00, 0x00, 0x00, 0x00, 0x00, 0x00, 0x00, 0x00, 0x00, 0x00, 0x00,
  0x00, 0x00, 0x00, 0x00, 0x00, 0x00, 0x00, 0x00, 0x00, 0x00, 0x00, 0x00, 0x00, 0x00, 0x00, 0x00, 0x00, 0x00, 0x00, 0x00, 0x00, 0x00, 0x00, 0x00,
  0x00, 0x00, 0x00, 0x00, 0x00, 0x00, 0x00, 0x00, 0x00, 0x00, 0x00, 0x00, 0x00, 0x00, 0x00, 0x00, 0x00, 0x00, 0x00, 0x00, 0x00, 0x00, 0x00, 0x00,
  0x00, 0x00, 0x00, 0x00, 0x00, 0x00, 0x00, 0x00, 0x00, 0x00, 0x4A, 0x21, 0x4A, 0x21, 0x4A, 0x21, 0x4A, 0x21, 0x4A, 0x21, 0x4A, 0x21, 0x4A, 0x21,
  0x4A, 0x21, 0x4A, 0x21, 0x4A, 0x21, 0x4A, 0x21, 0x4A, 0x21, 0x4A, 0x21, 0x4A, 0x21, 0x4A, 0x21, 0x4A, 0x21, 0x4A, 0x21, 0x4A, 0x21, 0x4A, 0x21,
  0x4A, 0x21, 0x4A, 0x21, 0x4A, 0x21, 0x4A, 0x21, 0x4A, 0x21, 0x4A, 0x21, 0x4A, 0x21, 0x4A, 0x21, 0x4A, 0x21, 0x4A, 0x21, 0x4A, 0x21, 0x4A, 0x21,
  0x4A, 0x21, 0x4A, 0x21, 0x4A, 0x21, 0x4A, 0x21, 0x4A, 0x21, 0x4A, 0x21, 0x4A, 0x21, 0x00, 0x00, 0x00, 0x00, 0x00, 0x00, 0x00, 0x00, 0x00, 0x00,
};

/* Hoja botón blue: 144x48, 3 cuadros de 48x48 (0=reposo, 1=presionado, 2=sostenido) */
uint8_t btn_blue[13824] = {
  0x00, 0x00, 0x00, 0x00, 0x00, 0x00, 0x00, 0x00, 0x00, 0x00, 0x00, 0x00, 0x00, 0x00, 0x00, 0x00, 0x00, 0x00, 0x00, 0x00, 0x00, 0x00, 0x00, 0x00,
  0x00, 0x00, 0x00, 0x00, 0x00, 0x00, 0x00, 0x00, 0x00, 0x00, 0x00, 0x00, 0x00, 0x00, 0x00, 0x00, 0x00, 0x00, 0x00, 0x00, 0x00, 0x00, 0x00, 0x00,
  0x00, 0x00, 0x00, 0x00, 0x00, 0x00, 0x00, 0x00, 0x00, 0x00, 0x00, 0x00, 0x00, 0x00, 0x00, 0x00, 0x00, 0x00, 0x00, 0x00, 0x00, 0x00, 0x00, 0x00,
  0x00, 0x00, 0x00, 0x00, 0x00, 0x00, 0x00, 0x00, 0x00, 0x00, 0x00, 0x00, 0x00, 0x00, 0x00, 0x00, 0x00, 0x00, 0x00, 0x00, 0x00, 0x00, 0x00, 0x00,
  0x00, 0x00, 0x00, 0x00, 0x00, 0x00, 0x00, 0x00, 0x00, 0x00, 0x00, 0x00, 0x00, 0x00, 0x00, 0x00, 0x00, 0x00, 0x00, 0x00, 0x00, 0x00, 0x00, 0x00,
  0x00, 0x00, 0x00, 0x00, 0x00, 0x00, 0x00, 0x00, 0x00, 0x00, 0x00, 0x00, 0x00, 0x00, 0x00, 0x00, 0x00, 0x00, 0x00, 0x00, 0x00, 0x00, 0x00, 0x00,
  0x00, 0x00, 0x00, 0x00, 0x00, 0x00, 0x00, 0x00, 0x00, 0x00, 0x00, 0x00, 0x00, 0x00, 0x00, 0x00, 0x00, 0x00, 0x00, 0x00, 0x00, 0x00, 0x00, 0x00,
  0x00, 0x00, 0x00, 0x00, 0x00, 0x00, 0x00, 0x00, 0x00, 0x00, 0x00, 0x00, 0x00, 0x00, 0x00, 0x00, 0x00, 0x00, 0x00, 0x00, 0x00, 0x00, 0x00, 0x00,
  0x00, 0x00, 0x00, 0x00, 0x00, 0x00, 0x00, 0x00, 0x00, 0x00, 0x09, 0xE9, 0x09, 0xE9, 0x09, 0xE9, 0x09, 0xE9, 0x09, 0xE9, 0x09, 0xE9, 0x09, 0xE9,
  0x09, 0xE9, 0x09, 0xE9, 0x09, 0xE9, 0x09, 0xE9, 0x09, 0xE9, 0x09, 0xE9, 0x09, 0xE9, 0x09, 0xE9, 0x09, 0xE9, 0x09, 0xE9, 0x09, 0xE9, 0x09, 0xE9,
  0x09, 0xE9, 0x09, 0xE9, 0x09, 0xE9, 0x09, 0xE9, 0x09, 0xE9, 0x09, 0xE9, 0x09, 0xE9, 0x09, 0xE9, 0x09, 0xE9, 0x09, 0xE9, 0x09, 0xE9, 0x09, 0xE9,
  0x09, 0xE9, 0x09, 0xE9, 0x09, 0xE9, 0x09, 0xE9, 0x09, 0xE9, 0x09, 0xE9, 0x09, 0xE9, 0x00, 0x00, 0x00, 0x00, 0x00, 0x00, 0x00, 0x00, 0x00, 0x00,
  0x00, 0x00, 0x00, 0x00, 0x00, 0x00, 0x00, 0x00, 0x00, 0x00, 0x00, 0x00, 0x00, 0x00, 0x00, 0x00, 0x00, 0x00, 0x00, 0x00, 0x00, 0x00, 0x00, 0x00,
  0x00, 0x00, 0x00, 0x00, 0x00, 0x00, 0x00, 0x00, 0x00, 0x00, 0x00, 0x00, 0x00, 0x00, 0x00, 0x00, 0x00, 0x00, 0x00, 0x00, 0x00, 0x00, 0x00, 0x00,
  0x00, 0x00, 0x00, 0x00, 0x00, 0x00, 0x00, 0x00, 0x00, 0x00, 0x00, 0x00, 0x00, 0x00, 0x00, 0x00, 0x00, 0x00, 0x00, 0x00, 0x00, 0x00, 0x00, 0x00,
  0x00, 0x00, 0x00, 0x00, 0x00, 0x00, 0x00, 0x00, 0x00, 0x00, 0x00, 0x00, 0x00, 0x00, 0x00, 0x00, 0x00, 0x00, 0x00, 0x00, 0x00, 0x00, 0x00, 0x00,
  0x00, 0x00, 0x00, 0x00, 0x00, 0x00, 0x00, 0x00, 0x00, 0x00, 0x00, 0x00, 0x00, 0x00, 0x00, 0x00, 0x00, 0x00, 0x00, 0x00, 0x00, 0x00, 0x00, 0x00,
  0x00, 0x00, 0x00, 0x00, 0x00, 0x00, 0x00, 0x00, 0x00, 0x00, 0x00, 0x00, 0x00, 0x00, 0x00, 0x00, 0x00, 0x00, 0x00, 0x00, 0x00, 0x00, 0x00, 0x00,
  0x00, 0x00, 0x00, 0x00, 0x00, 0x00, 0x00, 0x00, 0x00, 0x00, 0x00, 0x00, 0x00, 0x00, 0x00, 0x00, 0x00, 0x00, 0x00, 0x00, 0x00, 0x00, 0x00, 0x00,
  0x00, 0x00, 0x00, 0x00, 0x00, 0x00, 0x00, 0x00, 0x00, 0x00, 0x00, 0x00, 0x00, 0x00, 0x00, 0x00, 0x00, 0x00, 0x00, 0x00, 0x00, 0x00, 0x00, 0x00,
  0x00, 0x00, 0x00, 0x00, 0x00, 0x00, 0x09, 0xE9, 0x09, 0xE9, 0x1B, 0xD3, 0x1B, 0xD3, 0x1B, 0xD3, 0x1B, 0xD3, 0x1B, 0xD3, 0x1B, 0xD3, 0x1B, 0xD3,
  0x1B, 0xD3, 0x1B, 0xD3, 0x1B, 0xD3, 0x1B, 0xD3, 0x1B, 0xD3, 0x1B, 0xD3, 0x1B, 0xD3, 0x1B, 0xD3, 0x1B, 0xD3, 0x1B, 0xD3, 0x1B, 0xD3, 0x1B, 0xD3,
  0x1B, 0xD3, 0x1B, 0xD3, 0x1B, 0xD3, 0x1B, 0xD3, 0x1B, 0xD3, 0x1B, 0xD3, 0x1B, 0xD3, 0x1B, 0xD3, 0x1B, 0xD3, 0x1B, 0xD3, 0x1B, 0xD3, 0x1B, 0xD3,
  0x1B, 0xD3, 0x1B, 0xD3, 0x1B, 0xD3, 0x1B, 0xD3, 0x1B, 0xD3, 0x1B, 0xD3, 0x1B, 0xD3, 0x09, 0xE9, 0x09, 0xE9, 0x00, 0x00, 0x00, 0x00, 0x00, 0x00,
  0x00, 0x00, 0x00, 0x00, 0x00, 0x00, 0x00, 0x00, 0x00, 0x00, 0x00, 0x00, 0x00, 0x00, 0x00, 0x00, 0x00, 0x00, 0x00, 0x00, 0x00, 0x00, 0x00, 0x00,
  0x00, 0x00, 0x00, 0x00, 0x00, 0x00, 0x00, 0x00, 0x00, 0x00, 0x00, 0x00, 0x00, 0x00, 0x00, 0x00, 0x00, 0x00, 0x00, 0x00, 0x00, 0x00, 0x00, 0x00,
  0x00, 0x00, 0x00, 0x00, 0x00, 0x00, 0x00, 0x00, 0x00, 0x00, 0x00, 0x00, 0x00, 0x00, 0x00, 0x00, 0x00, 0x00, 0x00, 0x00, 0x00, 0x00, 0x00, 0x00,
  0x00, 0x00, 0x00, 0x00, 0x00, 0x00, 0x00, 0x00, 0x00, 0x00, 0x00, 0x00, 0x00, 0x00, 0x00, 0x00, 0x00, 0x00, 0x00, 0x00, 0x00, 0x00, 0x00, 0x00,
  0x00, 0x00, 0x00, 0x00, 0x00, 0x00, 0x00, 0x00, 0x00, 0x00, 0x00, 0x00, 0x00, 0x00, 0x00, 0x00, 0x00, 0x00, 0x00, 0x00, 0x00, 0x00, 0x00, 0x00,
  0x00, 0x00, 0x00, 0x00, 0x00, 0x00, 0x00, 0x00, 0x00, 0x00, 0x00, 0x00, 0x00, 0x00, 0x00, 0x00, 0x00, 0x00, 0x00, 0x00, 0x00, 0x00, 0x00, 0x00,
  0x00, 0x00, 0x00, 0x00, 0x00, 0x00, 0x00, 0x00, 0x00, 0x00, 0x00, 0x00, 0x00, 0x00, 0x00, 0x00, 0x00, 0x00, 0x00, 0x00, 0x00, 0x00, 0x00, 0x00,
  0x00, 0x00, 0x00, 0x00, 0x00, 0x00, 0x00, 0x00, 0x00, 0x00, 0x00, 0x00, 0x00, 0x00, 0x00, 0x00, 0x00, 0x00, 0x00, 0x00, 0x00, 0x00, 0x00, 0x00,
  0x00, 0x00, 0x00, 0x00, 0x09, 0xE9, 0x09, 0xE9, 0x1B, 0xD3, 0x1B, 0xD3, 0x1B, 0xD3, 0x1B, 0xD3, 0x1B, 0xD3, 0x1B, 0xD3, 0x1B, 0xD3, 0x1B, 0xD3,
  0x1B, 0xD3, 0x1B, 0xD3, 0x1B, 0xD3, 0x1B, 0xD3, 0x1B, 0xD3, 0x1B, 0xD3, 0x1B, 0xD3, 0x1B, 0xD3, 0x1B, 0xD3, 0x1B, 0xD3, 0x1B, 0xD3, 0x1B, 0xD3,
  0x1B, 0xD3, 0x1B, 0xD3, 0x1B, 0xD3, 0x1B, 0xD3, 0x1B, 0xD3, 0x1B, 0xD3, 0x1B, 0xD3, 0x1B, 0xD3, 0x1B, 0xD3, 0x1B, 0xD3, 0x1B, 0xD3, 0x1B, 0xD3,
  0x1B, 0xD3, 0x1B, 0xD3, 0x1B, 0xD3, 0x1B, 0xD3, 0x1B, 0xD3, 0x1B, 0xD3, 0x1B, 0xD3, 0x1B, 0xD3, 0x09, 0xE9, 0x09, 0xE9, 0x00, 0x00, 0x00, 0x00,
  0x00, 0x00, 0x00, 0x00, 0x00, 0x00, 0x00, 0x00, 0x00, 0x00, 0x00, 0x00, 0x2E, 0x7F, 0x2E, 0x7F, 0x2E, 0x7F, 0x2E, 0x7F, 0x2E, 0x7F, 0x2E, 0x7F,
  0x2E, 0x7F, 0x2E, 0x7F, 0x2E, 0x7F, 0x2E, 0x7F, 0x2E, 0x7F, 0x2E, 0x7F, 0x2E, 0x7F, 0x2E, 0x7F, 0x2E, 0x7F, 0x2E, 0x7F, 0x2E, 0x7F, 0x2E, 0x7F,
  0x2E, 0x7F, 0x2E, 0x7F, 0x2E, 0x7F, 0x2E, 0x7F, 0x2E, 0x7F, 0x2E, 0x7F, 0x2E, 0x7F, 0x2E, 0x7F, 0x2E, 0x7F, 0x2E, 0x7F, 0x2E, 0x7F, 0x2E, 0x7F,
  0x2E, 0x7F, 0x2E, 0x7F, 0x2E, 0x7F, 0x2E, 0x7F, 0x2E, 0x7F, 0x2E, 0x7F, 0x00, 0x00, 0x00, 0x00, 0x00, 0x00, 0x00, 0x00, 0x00, 0x00, 0x00, 0x00,
  0x00, 0x00, 0x00, 0x00, 0x00, 0x00, 0x00, 0x00, 0x00, 0x00, 0x00, 0x00, 0x2E, 0x7F, 0x2E, 0x7F, 0x2E, 0x7F, 0x2E, 0x7F, 0x2E, 0x7F, 0x2E, 0x7F,
  0x2E, 0x7F, 0x2E, 0x7F, 0x2E, 0x7F, 0x2E, 0x7F, 0x2E, 0x7F, 0x2E, 0x7F, 0x2E, 0x7F, 0x2E, 0x7F, 0x2E, 0x7F, 0x2E, 0x7F, 0x2E, 0x7F, 0x2E, 0x7F,
  0x2E, 0x7F, 0x2E, 0x7F, 0x2E, 0x7F, 0x2E, 0x7F, 0x2E, 0x7F, 0x2E, 0x7F, 0x2E, 0x7F, 0x2E, 0x7F, 0x2E, 0x7F, 0x2E, 0x7F, 0x2E, 0x7F, 0x2E, 0x7F,
  0x2E, 0x7F, 0x2E, 0x7F, 0x2E, 0x7F, 0x2E, 0x7F, 0x2E, 0x7F, 0x2E, 0x7F, 0x00, 0x00, 0x00, 0x00, 0x00, 0x00, 0x00, 0x00, 0x00, 0x00, 0x00, 0x00,
  0x00, 0x00, 0x09, 0xE9, 0x09, 0xE9, 0x1B, 0xD3, 0x1B, 0xD3, 0x1B, 0xD3, 0x2E, 0x7F, 0x2E, 0x7F, 0x2E, 0x7F, 0x2E, 0x7F, 0x2E, 0x7F, 0x2E, 0x7F,
  0x2E, 0x7F, 0x2E, 0x7F, 0x2E, 0x7F, 0x2E, 0x7F, 0x2E, 0x7F, 0x2E, 0x7F, 0x2E, 0x7F, 0x2E, 0x7F, 0x2E, 0x7F, 0x2E, 0x7F, 0x2E, 0x7F, 0x2E, 0x7F,
  0x2E, 0x7F, 0x2E, 0x7F, 0x2E, 0x7F, 0x2E, 0x7F, 0x2E, 0x7F, 0x2E, 0x7F, 0x2E, 0x7F, 0x2E, 0x7F, 0x2E, 0x7F, 0x2E, 0x7F, 0x2E, 0x7F, 0x2E, 0x7F,
  0x2E, 0x7F, 0x2E, 0x7F, 0x2E, 0x7F, 0x2E, 0x7F, 0x2E, 0x7F, 0x2E, 0x7F, 0x1B, 0xD3, 0x1B, 0xD3, 0x1B, 0xD3, 0x09, 0xE9, 0x09, 0xE9, 0x00, 0x00,
  0x00, 0x00, 0x00, 0x00, 0x00, 0x00, 0x00, 0x00, 0x00, 0x00, 0x2E, 0x7F, 0x2E, 0x7F, 0x08, 0x22, 0x08, 0x22, 0x08, 0x22, 0x08, 0x22, 0x08, 0x22,
  0x08, 0x22, 0x08, 0x22, 0x08, 0x22, 0x08, 0x22, 0x08, 0x22, 0x08, 0x22, 0x08, 0x22, 0x08, 0x22, 0x08, 0x22, 0x08, 0x22, 0x08, 0x22, 0x08, 0x22,
  0x08, 0x22, 0x08, 0x22, 0x08, 0x22, 0x08, 0x22, 0x08, 0x22, 0x08, 0x22, 0x08, 0x22, 0x08, 0x22, 0x08, 0x22, 0x08, 0x22, 0x08, 0x22, 0x08, 0x22,
  0x08, 0x22, 0x08, 0x22, 0x08, 0x22, 0x08, 0x22, 0x08, 0x22, 0x2E, 0x7F, 0x2E, 0x7F, 0x00, 0x00, 0x00, 0x00, 0x00, 0x00, 0x00, 0x00, 0x00, 0x00,
  0x00, 0x00, 0x00, 0x00, 0x00, 0x00, 0x00, 0x00, 0x00, 0x00, 0x2E, 0x7F, 0x2E, 0x7F, 0x08, 0x22, 0x08, 0x22, 0x08, 0x22, 0x08, 0x22, 0x08, 0x22,
  0x08, 0x22, 0x08, 0x22, 0x08, 0x22, 0x08, 0x22, 0x08, 0x22, 0x08, 0x22, 0x08, 0x22, 0x08, 0x22, 0x08, 0x22, 0x08, 0x22, 0x08, 0x22, 0x08, 0x22,
  0x08, 0x22, 0x08, 0x22, 0x08, 0x22, 0x08, 0x22, 0x08, 0x22, 0x08, 0x22, 0x08, 0x22, 0x08, 0x22, 0x08, 0x22, 0x08, 0x22, 0x08, 0x22, 0x08, 0x22,
  0x08, 0x22, 0x08, 0x22, 0x08, 0x22, 0x08, 0x22, 0x08, 0x22, 0x2E, 0x7F, 0x2E, 0x7F, 0x00, 0x00, 0x00, 0x00, 0x00, 0x00, 0x00, 0x00, 0x00, 0x00,
  0x00, 0x00, 0x09, 0xE9, 0x1B, 0xD3, 0x1B, 0xD3, 0x1B, 0xD3, 0x2E, 0x7F, 0x2E, 0x7F, 0x08, 0x22, 0x08, 0x22, 0x08, 0x22, 0x08, 0x22, 0x08, 0x22,
  0x08, 0x22, 0x08, 0x22, 0x08, 0x22, 0x08, 0x22, 0x08, 0x22, 0x08, 0x22, 0x08, 0x22, 0x08, 0x22, 0x08, 0x22, 0x08, 0x22, 0x08, 0x22, 0x08, 0x22,
  0x08, 0x22, 0x08, 0x22, 0x08, 0x22, 0x08, 0x22, 0x08, 0x22, 0x08, 0x22, 0x08, 0x22, 0x08, 0x22, 0x08, 0x22, 0x08, 0x22, 0x08, 0x22, 0x08, 0x22,
  0x08, 0x22, 0x08, 0x22, 0x08, 0x22, 0x08, 0x22, 0x08, 0x22, 0x2E, 0x7F, 0x2E, 0x7F, 0x1B, 0xD3, 0x1B, 0xD3, 0x1B, 0xD3, 0x09, 0xE9, 0x00, 0x00,
  0x00, 0x00, 0x00, 0x00, 0x00, 0x00, 0x00, 0x00, 0x2E, 0x7F, 0x08, 0x22, 0x08, 0x22, 0x08, 0x22, 0xEF, 0x7E, 0xEF, 0x7E, 0xEF, 0x7E, 0xEF, 0x7E,
  0xEF, 0x7E, 0xEF, 0x7E, 0xEF, 0x7E, 0xEF, 0x7E, 0xEF, 0x7E, 0xEF, 0x7E, 0xEF, 0x7E, 0xEF, 0x7E, 0xEF, 0x7E, 0xEF, 0x7E, 0xEF, 0x7E, 0xEF, 0x7E,
  0xEF, 0x7E, 0xEF, 0x7E, 0xEF, 0x7E, 0xEF, 0x7E, 0xEF, 0x7E, 0xEF, 0x7E, 0xEF, 0x7E, 0xEF, 0x7E, 0xEF, 0x7E, 0xEF, 0x7E, 0xEF, 0x7E, 0xEF, 0x7E,
  0xEF, 0x7E, 0xEF, 0x7E, 0xEF, 0x7E, 0xEF, 0x7E, 0x08, 0x22, 0x08, 0x22, 0x08, 0x22, 0x2E, 0x7F, 0x00, 0x00, 0x00, 0x00, 0x00, 0x00, 0x00, 0x00,
  0x00, 0x00, 0x00, 0x00, 0x00, 0x00, 0x00, 0x00, 0x2E, 0x7F, 0x08, 0x22, 0x08, 0x22, 0x08, 0x22, 0xEF, 0x7E, 0xEF, 0x7E, 0xEF, 0x7E, 0xEF, 0x7E,
  0xEF, 0x7E, 0xEF, 0x7E, 0xEF, 0x7E, 0xEF, 0x7E, 0xEF, 0x7E, 0xEF, 0x7E, 0xEF, 0x7E, 0xEF, 0x7E, 0xEF, 0x7E, 0xEF, 0x7E, 0xEF, 0x7E, 0xEF, 0x7E,
  0xEF, 0x7E, 0xEF, 0x7E, 0xEF, 0x7E, 0xEF, 0x7E, 0xEF, 0x7E, 0xEF, 0x7E, 0xEF, 0x7E, 0xEF, 0x7E, 0xEF, 0x7E, 0xEF, 0x7E, 0xEF, 0x7E, 0xEF, 0x7E,
  0xEF, 0x7E, 0xEF, 0x7E, 0xEF, 0x7E, 0xEF, 0x7E, 0x08, 0x22, 0x08, 0x22, 0x08, 0x22, 0x2E, 0x7F, 0x00, 0x00, 0x00, 0x00, 0x00, 0x00, 0x00, 0x00,
  0x09, 0xE9, 0x1B, 0xD3, 0x1B, 0xD3, 0x1B, 0xD3, 0x2E, 0x7F, 0x08, 0x22, 0x08, 0x22, 0x08, 0x22, 0xEF, 0x7E, 0xEF, 0x7E, 0xEF, 0x7E, 0xEF, 0x7E,
  0xEF, 0x7E, 0xEF, 0x7E, 0xEF, 0x7E, 0xEF, 0x7E, 0xEF, 0x7E, 0xEF, 0x7E, 0xEF, 0x7E, 0xEF, 0x7E, 0xEF, 0x7E, 0xEF, 0x7E, 0xEF, 0x7E, 0xEF, 0x7E,
  0xEF, 0x7E, 0xEF, 0x7E, 0xEF, 0x7E, 0xEF, 0x7E, 0xEF, 0x7E, 0xEF, 0x7E, 0xEF, 0x7E, 0xEF, 0x7E, 0xEF, 0x7E, 0xEF, 0x7E, 0xEF, 0x7E, 0xEF, 0x7E,
  0xEF, 0x7E, 0xEF, 0x7E, 0xEF, 0x7E, 0xEF, 0x7E, 0x08, 0x22, 0x08, 0x22, 0x08, 0x22, 0x2E, 0x7F, 0x1B, 0xD3, 0x1B, 0xD3, 0x1B, 0xD3, 0x09, 0xE9,
  0x00, 0x00, 0x00, 0x00, 0x00, 0x00, 0x2E, 0x7F, 0x2E, 0x7F, 0x08, 0x22, 0xE7, 0x5E, 0xE7, 0x5E, 0xE7, 0x5E, 0xE7, 0x5E, 0xE7, 0x5E, 0xE7, 0x5E,
  0xE7, 0x5E, 0xE7, 0x5E, 0xE7, 0x5E, 0xE7, 0x5E, 0xE7, 0x5E, 0xE7, 0x5E, 0xE7, 0x5E, 0xE7, 0x5E, 0xE7, 0x5E, 0xE7, 0x5E, 0xE7, 0x5E, 0xE7, 0x5E,
  0xE7, 0x5E, 0xE7, 0x5E, 0xE7, 0x5E, 0xE7, 0x5E, 0xE7, 0x5E, 0xE7, 0x5E, 0xE7, 0x5E, 0xE7, 0x5E, 0xE7, 0x5E, 0xE7, 0x5E, 0xE7, 0x5E, 0xE7, 0x5E,
  0xE7, 0x5E, 0xE7, 0x5E, 0xE7, 0x5E, 0xE7, 0x5E, 0xE7, 0x5E, 0xE7, 0x5E, 0x08, 0x22, 0x2E, 0x7F, 0x2E, 0x7F, 0x00, 0x00, 0x00, 0x00, 0x00, 0x00,
  0x00, 0x00, 0x00, 0x00, 0x00, 0x00, 0x2E, 0x7F, 0x2E, 0x7F, 0x08, 0x22, 0xE7, 0x5E, 0xE7, 0x5E, 0xE7, 0x5E, 0xE7, 0x5E, 0xE7, 0x5E, 0xE7, 0x5E,
  0xE7, 0x5E, 0xE7, 0x5E, 0xE7, 0x5E, 0xE7, 0x5E, 0xE7, 0x5E, 0xE7, 0x5E, 0xE7, 0x5E, 0xE7, 0x5E, 0xE7, 0x5E, 0xE7, 0x5E, 0xE7, 0x5E, 0xE7, 0x5E,
  0xE7, 0x5E, 0xE7, 0x5E, 0xE7, 0x5E, 0xE7, 0x5E, 0xE7, 0x5E, 0xE7, 0x5E, 0xE7, 0x5E, 0xE7, 0x5E, 0xE7, 0x5E, 0xE7, 0x5E, 0xE7, 0x5E, 0xE7, 0x5E,
  0xE7, 0x5E, 0xE7, 0x5E, 0xE7, 0x5E, 0xE7, 0x5E, 0xE7, 0x5E, 0xE7, 0x5E, 0x08, 0x22, 0x2E, 0x7F, 0x2E, 0x7F, 0x00, 0x00, 0x00, 0x00, 0x00, 0x00,
  0x09, 0xE9, 0x1B, 0xD3, 0x1B, 0xD3, 0x2E, 0x7F, 0x2E, 0x7F, 0x08, 0x22, 0xE7, 0x5E, 0xE7, 0x5E, 0xE7, 0x5E, 0xE7, 0x5E, 0xE7, 0x5E, 0xE7, 0x5E,
  0xE7, 0x5E, 0xE7, 0x5E, 0xE7, 0x5E, 0xE7, 0x5E, 0xE7, 0x5E, 0xE7, 0x5E, 0xE7, 0x5E, 0xE7, 0x5E, 0xE7, 0x5E, 0xE7, 0x5E, 0xE7, 0x5E, 0xE7, 0x5E,
  0xE7, 0x5E, 0xE7, 0x5E, 0xE7, 0x5E, 0xE7, 0x5E, 0xE7, 0x5E, 0xE7, 0x5E, 0xE7, 0x5E, 0xE7, 0x5E, 0xE7, 0x5E, 0xE7, 0x5E, 0xE7, 0x5E, 0xE7, 0x5E,
  0xE7, 0x5E, 0xE7, 0x5E, 0xE7, 0x5E, 0xE7, 0x5E, 0xE7, 0x5E, 0xE7, 0x5E, 0x08, 0x22, 0x2E, 0x7F, 0x2E, 0x7F, 0x1B, 0xD3, 0x1B, 0xD3, 0x09, 0xE9,
  0x00, 0x00, 0x00, 0x00, 0x00, 0x00, 0x2E, 0x7F, 0x08, 0x22, 0x08, 0x22, 0xE7, 0x3D, 0xE7, 0x3D, 0xE7, 0x3D, 0x08, 0x02, 0x08, 0x02, 0x08, 0x02,
  0x08, 0x02, 0x08, 0x02, 0x08, 0x02, 0x08, 0x02, 0x08, 0x02, 0x08, 0x02, 0x08, 0x02, 0x08, 0x02, 0x08, 0x02, 0x08, 0x02, 0x08, 0x02, 0x08, 0x02,
  0x08, 0x02, 0x08, 0x02, 0x08, 0x02, 0x08, 0x02, 0x08, 0x02, 0x08, 0x02, 0x08, 0x02, 0x08, 0x02, 0x08, 0x02, 0x08, 0x02, 0x08, 0x02, 0x08, 0x02,
  0x08, 0x02, 0x08, 0x02, 0x08, 0x02, 0xE7, 0x3D, 0xE7, 0x3D, 0xE7, 0x3D, 0x08, 0x22, 0x08, 0x22, 0x2E, 0x7F, 0x00, 0x00, 0x00, 0x00, 0x00, 0x00,
  0x00, 0x00, 0x00, 0x00, 0x00, 0x00, 0x2E, 0x7F, 0x08, 0x22, 0x08, 0x22, 0xE7, 0x3D, 0xE7, 0x3D, 0xE7, 0x3D, 0x08, 0x02, 0x08, 0x02, 0x08, 0x02,
  0x08, 0x02, 0x08, 0x02, 0x08, 0x02, 0x08, 0x02, 0x08, 0x02, 0x08, 0x02, 0x08, 0x02, 0x08, 0x02, 0x08, 0x02, 0x08, 0x02, 0x08, 0x02, 0x08, 0x02,
  0x08, 0x02, 0x08, 0x02, 0x08, 0x02, 0x08, 0x02, 0x08, 0x02, 0x08, 0x02, 0x08, 0x02, 0x08, 0x02, 0x08, 0x02, 0x08, 0x02, 0x08, 0x02, 0x08, 0x02,
  0x08, 0x02, 0x08, 0x02, 0x08, 0x02, 0xE7, 0x3D, 0xE7, 0x3D, 0xE7, 0x3D, 0x08, 0x22, 0x08, 0x22, 0x2E, 0x7F, 0x00, 0x00, 0x00, 0x00, 0x00, 0x00,
  0x09, 0xE9, 0x1B, 0xD3, 0x1B, 0xD3, 0x2E, 0x7F, 0x08, 0x22, 0x08, 0x22, 0xE7, 0x3D, 0xE7, 0x3D, 0xE7, 0x3D, 0x08, 0x02, 0x08, 0x02, 0x08, 0x02,
  0x08, 0x02, 0x08, 0x02, 0x08, 0x02, 0x08, 0x02, 0x08, 0x02, 0x08, 0x02, 0x08, 0x02, 0x08, 0x02, 0x08, 0x02, 0x08, 0x02, 0x08, 0x02, 0x08, 0x02,
  0x08, 0x02, 0x08, 0x02, 0x08, 0x02, 0x08, 0x02, 0x08, 0x02, 0x08, 0x02, 0x08, 0x02, 0x08, 0x02, 0x08, 0x02, 0x08, 0x02, 0x08, 0x02, 0x08, 0x02,
  0x08, 0x02, 0x08, 0x02, 0x08, 0x02, 0xE7, 0x3D, 0xE7, 0x3D, 0xE7, 0x3D, 0x08, 0x22, 0x08, 0x22, 0x2E, 0x7F, 0x1B, 0xD3, 0x1B, 0xD3, 0x09, 0xE9,
  0x00, 0x00, 0x00, 0x00, 0x00, 0x00, 0x2E, 0x7F, 0x08, 0x22, 0xDE, 0xFC, 0xDE, 0xFC, 0xDE, 0xFC, 0x08, 0x02, 0x08, 0x02, 0x08, 0x02, 0x08, 0x02,
  0x08, 0x02, 0x08, 0x02, 0x08, 0x02, 0x08, 0x02, 0x08, 0x02, 0x08, 0x02, 0x08, 0x02, 0x08, 0x02, 0x08, 0x02, 0x08, 0x02, 0x08, 0x02, 0x08, 0x02,
  0x08, 0x02, 0x08, 0x02, 0x08, 0x02, 0x08, 0x02, 0x08, 0x02, 0x08, 0x02, 0x08, 0x02, 0x08, 0x02, 0x08, 0x02, 0x08, 0x02, 0x08, 0x02, 0x08, 0x02,
  0x08, 0x02, 0x08, 0x02, 0x08, 0x02, 0x08, 0x02, 0xDE, 0xFC, 0xDE, 0xFC, 0xDE, 0xFC, 0x08, 0x22, 0x2E, 0x7F, 0x00, 0x00, 0x00, 0x00, 0x00, 0x00,
  0x00, 0x00, 0x00, 0x00, 0x00, 0x00, 0x2E, 0x7F, 0x08, 0x22, 0xDE, 0xFC, 0xDE, 0xFC, 0xDE, 0xFC, 0x08, 0x02, 0x08, 0x02, 0x08, 0x02, 0x08, 0x02,
  0x08, 0x02, 0x08, 0x02, 0x08, 0x02, 0x08, 0x02, 0x08, 0x02, 0x08, 0x02, 0x08, 0x02, 0x08, 0x02, 0x08, 0x02, 0x08, 0x02, 0x08, 0x02, 0x08, 0x02,
  0x08, 0x02, 0x08, 0x02, 0x08, 0x02, 0x08, 0x02, 0x08, 0x02, 0x08, 0x02, 0x08, 0x02, 0x08, 0x02, 0x08, 0x02, 0x08, 0x02, 0x08, 0x02, 0x08, 0x02,
  0x08, 0x02, 0x08, 0x02, 0x08, 0x02, 0x08, 0x02, 0xDE, 0xFC, 0xDE, 0xFC, 0xDE, 0xFC, 0x08, 0x22, 0x2E, 0x7F, 0x00, 0x00, 0x00, 0x00, 0x00, 0x00,
  0x09, 0xE9, 0x1B, 0xD3, 0x1B, 0xD3, 0x2E, 0x7F, 0x08, 0x22, 0xDE, 0xFC, 0xDE, 0xFC, 0xDE, 0xFC, 0x08, 0x02, 0x08, 0x02, 0x08, 0x02, 0x08, 0x02,
  0x08, 0x02, 0x08, 0x02, 0x08, 0x02, 0x08, 0x02, 0x08, 0x02, 0x08, 0x02, 0x08, 0x02, 0x08, 0x02, 0x08, 0x02, 0x08, 0x02, 0x08, 0x02, 0x08, 0x02,
  0x08, 0x02, 0x08, 0x02, 0x08, 0x02, 0x08, 0x02, 0x08, 0x02, 0x08, 0x02, 0x08, 0x02, 0x08, 0x02, 0x08, 0x02, 0x08, 0x02, 0x08, 0x02, 0x08, 0x02,
  0x08, 0x02, 0x08, 0x02, 0x08, 0x02, 0x08, 0x02, 0xDE, 0xFC, 0xDE, 0xFC, 0xDE, 0xFC, 0x08, 0x22, 0x2E, 0x7F, 0x1B, 0xD3, 0x1B, 0xD3, 0x09, 0xE9,
  0x00, 0x00, 0x00, 0x00, 0x00, 0x00, 0x2E, 0x7F, 0x08, 0x22, 0xD6, 0xDC, 0xD6, 0xDC, 0x08, 0x22, 0x08, 0x22, 0x08, 0x22, 0x1C, 0x34, 0x1C, 0x34,
  0x1C, 0x34, 0x1C, 0x34, 0x1C, 0x34, 0x1C, 0x34, 0x1C, 0x34, 0x1C, 0x34, 0x1C, 0x34, 0x1C, 0x34, 0x1C, 0x34, 0x1C, 0x34, 0x1C, 0x34, 0x1C, 0x34,
  0x1C, 0x34, 0x1C, 0x34, 0x1C, 0x34, 0x1C, 0x34, 0x1C, 0x34, 0x1C, 0x34, 0x1C, 0x34, 0x1C, 0x34, 0x1C, 0x34, 0x1C, 0x34, 0x1C, 0x34, 0x1C, 0x34,
  0x1C, 0x34, 0x1C, 0x34, 0x08, 0x22, 0x08, 0x22, 0x08, 0x22, 0xD6, 0xDC, 0xD6, 0xDC, 0x08, 0x22, 0x2E, 0x7F, 0x00, 0x00, 0x00, 0x00, 0x00, 0x00,
  0x00, 0x00, 0x00, 0x00, 0x00, 0x00, 0x2E, 0x7F, 0x08, 0x22, 0xD6, 0xDC, 0xD6, 0xDC, 0x08, 0x22, 0x08, 0x22, 0x00, 0x02, 0xA6, 0x9C, 0xA6, 0x9C,
  0xA6, 0x9C, 0xA6, 0x9C, 0xA6, 0x9C, 0xA6, 0x9C, 0xA6, 0x9C, 0xA6, 0x9C, 0xA6, 0x9C, 0xA6, 0x9C, 0xA6, 0x9C, 0xA6, 0x9C, 0xA6, 0x9C, 0xA6, 0x9C,
  0xA6, 0x9C, 0xA6, 0x9C, 0xA6, 0x9C, 0xA6, 0x9C, 0xA6, 0x9C, 0xA6, 0x9C, 0xA6, 0x9C, 0xA6, 0x9C, 0xA6, 0x9C, 0xA6, 0x9C, 0xA6, 0x9C, 0xA6, 0x9C,
  0xA6, 0x9C, 0xA6, 0x9C, 0x00, 0x02, 0x08, 0x22, 0x08, 0x22, 0xD6, 0xDC, 0xD6, 0xDC, 0x08, 0x22, 0x2E, 0x7F, 0x00, 0x00, 0x00, 0x00, 0x00, 0x00,
  0x09, 0xE9, 0x1B, 0xD3, 0x1B, 0xD3, 0x2E, 0x7F, 0x08, 0x22, 0xD6, 0xDC, 0xD6, 0xDC, 0x08, 0x22, 0x08, 0x22, 0x00, 0x02, 0xA6, 0x9C, 0xA6, 0x9C,
  0xA6, 0x9C, 0xA6, 0x9C, 0xA6, 0x9C, 0xA6, 0x9C, 0xA6, 0x9C, 0xA6, 0x9C, 0xA6, 0x9C, 0xA6, 0x9C, 0xA6, 0x9C, 0xA6, 0x9C, 0xA6, 0x9C, 0xA6, 0x9C,
  0xA6, 0x9C, 0xA6, 0x9C, 0xA6, 0x9C, 0xA6, 0x9C, 0xA6, 0x9C, 0xA6, 0x9C, 0xA6, 0x9C, 0xA6, 0x9C, 0xA6, 0x9C, 0xA6, 0x9C, 0xA6, 0x9C, 0xA6, 0x9C,
  0xA6, 0x9C, 0xA6, 0x9C, 0x00, 0x02, 0x08, 0x22, 0x08, 0x22, 0xD6, 0xDC, 0xD6, 0xDC, 0x08, 0x22, 0x2E, 0x7F, 0x1B, 0xD3, 0x1B, 0xD3, 0x09, 0xE9,
  0x00, 0x00, 0x00, 0x00, 0x00, 0x00, 0x2E, 0x7F, 0x08, 0x22, 0xD6, 0xBB, 0xD6, 0xBB, 0x08, 0x22, 0x08, 0x22, 0x1C, 0x34, 0x13, 0x71, 0x10, 0x24,
  0x10, 0x24, 0x10, 0x24, 0x10, 0x24, 0x10, 0x24, 0x10, 0x24, 0x10, 0x24, 0x10, 0x24, 0x10, 0x24, 0x10, 0x24, 0x10, 0x24, 0x10, 0x24, 0x10, 0x24,
  0x10, 0x24, 0x10, 0x24, 0x10, 0x24, 0x10, 0x24, 0x10, 0x24, 0x10, 0x24, 0x10, 0x24, 0x10, 0x24, 0x10, 0x24, 0x10, 0x24, 0x10, 0x24, 0x10, 0x24,
  0x10, 0x24, 0x13, 0x71, 0x1C, 0x34, 0x08, 0x22, 0x08, 0x22, 0xD6, 0xBB, 0xD6, 0xBB, 0x08, 0x22, 0x2E, 0x7F, 0x00, 0x00, 0x00, 0x00, 0x00, 0x00,
  0x00, 0x00, 0x00, 0x00, 0x00, 0x00, 0x2E, 0x7F, 0x08, 0x22, 0xD6, 0xBB, 0xD6, 0xBB, 0x08, 0x22, 0x08, 0x22, 0xB7, 0x7F, 0xB7, 0x7F, 0xDF, 0xBF,
  0xDF, 0xBF, 0xDF, 0xBF, 0xDF, 0xBF, 0xDF, 0xBF, 0xDF, 0xBF, 0xDF, 0xBF, 0xDF, 0xBF, 0xDF, 0xBF, 0xDF, 0xBF, 0xDF, 0xBF, 0xDF, 0xBF, 0xDF, 0xBF,
  0xDF, 0xBF, 0xDF, 0xBF, 0xDF, 0xBF, 0xDF, 0xBF, 0xDF, 0xBF, 0xDF, 0xBF, 0xDF, 0xBF, 0xDF, 0xBF, 0xDF, 0xBF, 0xDF, 0xBF, 0xDF, 0xBF, 0xDF, 0xBF,
  0xDF, 0xBF, 0xB7, 0x7F, 0xB7, 0x7F, 0x08, 0x22, 0x08, 0x22, 0xD6, 0xBB, 0xD6, 0xBB, 0x08, 0x22, 0x2E, 0x7F, 0x00, 0x00, 0x00, 0x00, 0x00, 0x00,
  0x09, 0xE9, 0x1B, 0xD3, 0x1B, 0xD3, 0x2E, 0x7F, 0x08, 0x22, 0xD6, 0xBB, 0xD6, 0xBB, 0x08, 0x22, 0x08, 0x22, 0xB7, 0x7F, 0xB7, 0x7F, 0xDF, 0xBF,
  0xDF, 0xBF, 0xDF, 0xBF, 0xDF, 0xBF, 0xDF, 0xBF, 0xDF, 0xBF, 0xDF, 0xBF, 0xDF, 0xBF, 0xDF, 0xBF, 0xDF, 0xBF, 0xDF, 0xBF, 0xDF, 0xBF, 0xDF, 0xBF,
  0xDF, 0xBF, 0xDF, 0xBF, 0xDF, 0xBF, 0xDF, 0xBF, 0xDF, 0xBF, 0xDF, 0xBF, 0xDF, 0xBF, 0xDF, 0xBF, 0xDF, 0xBF, 0xDF, 0xBF, 0xDF, 0xBF, 0xDF, 0xBF,
  0xDF, 0xBF, 0xB7, 0x7F, 0xB7, 0x7F, 0x08, 0x22, 0x08, 0x22, 0xD6, 0xBB, 0xD6, 0xBB, 0x08, 0x22, 0x2E, 0x7F, 0x1B, 0xD3, 0x1B, 0xD3, 0x09, 0xE9,
  0x00, 0x00, 0x00, 0x00, 0x00, 0x00, 0x2E, 0x7F, 0x08, 0x22, 0xCE, 0x9B, 0xCE, 0x9B, 0x08, 0x22, 0x08, 0x22, 0x1C, 0x34, 0x10, 0x45, 0x10, 0x45,
  0x10, 0x45, 0x10, 0x45, 0x10, 0x45, 0x10, 0x45, 0x10, 0x45, 0x10, 0x45, 0x10, 0x45, 0x10, 0x45, 0x10, 0x45, 0x10, 0x45, 0x10, 0x45, 0x10, 0x45,
  0x10, 0x45, 0x10, 0x45, 0x10, 0x45, 0x10, 0x45, 0x10, 0x45, 0x10, 0x45, 0x10, 0x45, 0x10, 0x45, 0x10, 0x45, 0x10, 0x45, 0x10, 0x45, 0x10, 0x45,
  0x10, 0x45, 0x10, 0x45, 0x1C, 0x34, 0x08, 0x22, 0x08, 0x22, 0xCE, 0x9B, 0xCE, 0x9B, 0x08, 0x22, 0x2E, 0x7F, 0x00, 0x00, 0x00, 0x00, 0x00, 0x00,
  0x00, 0x00, 0x00, 0x00, 0x00, 0x00, 0x2E, 0x7F, 0x08, 0x22, 0xCE, 0x9B, 0xCE, 0x9B, 0x08, 0x22, 0x08, 0x22, 0xAF, 0x5F, 0xD7, 0xBF, 0xD7, 0xBF,
  0xD7, 0xBF, 0xD7, 0xBF, 0xD7, 0xBF, 0xD7, 0xBF, 0xD7, 0xBF, 0xD7, 0xBF, 0xD7, 0xBF, 0xD7, 0xBF, 0xD7, 0xBF, 0xD7, 0xBF, 0xD7, 0xBF, 0xD7, 0xBF,
  0xD7, 0xBF, 0xD7, 0xBF, 0xD7, 0xBF, 0xD7, 0xBF, 0xD7, 0xBF, 0xD7, 0xBF, 0xD7, 0xBF, 0xD7, 0xBF, 0xD7, 0xBF, 0xD7, 0xBF, 0xD7, 0xBF, 0xD7, 0xBF,
  0xD7, 0xBF, 0xD7, 0xBF, 0xAF, 0x5F, 0x08, 0x22, 0x08, 0x22, 0xCE, 0x9B, 0xCE, 0x9B, 0x08, 0x22, 0x2E, 0x7F, 0x00, 0x00, 0x00, 0x00, 0x00, 0x00,
  0x09, 0xE9, 0x1B, 0xD3, 0x1B, 0xD3, 0x2E, 0x7F, 0x08, 0x22, 0xCE, 0x9B, 0xCE, 0x9B, 0x08, 0x22, 0x08, 0x22, 0xAF, 0x5F, 0xD7, 0xBF, 0xD7, 0xBF,
  0xD7, 0xBF, 0xD7, 0xBF, 0xD7, 0xBF, 0xD7, 0xBF, 0xD7, 0xBF, 0xD7, 0xBF, 0xD7, 0xBF, 0xD7, 0xBF, 0xD7, 0xBF, 0xD7, 0xBF, 0xD7, 0xBF, 0xD7, 0xBF,
  0xD7, 0xBF, 0xD7, 0xBF, 0xD7, 0xBF, 0xD7, 0xBF, 0xD7, 0xBF, 0xD7, 0xBF, 0xD7, 0xBF, 0xD7, 0xBF, 0xD7, 0xBF, 0xD7, 0xBF, 0xD7, 0xBF, 0xD7, 0xBF,
  0xD7, 0xBF, 0xD7, 0xBF, 0xAF, 0x5F, 0x08, 0x22, 0x08, 0x22, 0xCE, 0x9B, 0xCE, 0x9B, 0x08, 0x22, 0x2E, 0x7F, 0x1B, 0xD3, 0x1B, 0xD3, 0x09, 0xE9,
  0x00, 0x00, 0x00, 0x00, 0x00, 0x00, 0x2E, 0x7F, 0x08, 0x22, 0xC6, 0x5A, 0xC6, 0x5A, 0x08, 0x22, 0x08, 0x22, 0x1C, 0x34, 0x18, 0x45, 0x18, 0x45,
  0x18, 0x45, 0x18, 0x45, 0x18, 0x45, 0x18, 0x45, 0x18, 0x45, 0x18, 0x45, 0x18, 0x45, 0x18, 0x45, 0x18, 0x45, 0x18, 0x45, 0x18, 0x45, 0x18, 0x45,
  0x18, 0x45, 0x18, 0x45, 0x18, 0x45, 0x18, 0x45, 0x18, 0x45, 0x18, 0x45, 0x18, 0x45, 0x18, 0x45, 0x18, 0x45, 0x18, 0x45, 0x18, 0x45, 0x18, 0x45,
  0x18, 0x45, 0x18, 0x45, 0x1C, 0x34, 0x08, 0x22, 0x08, 0x22, 0xC6, 0x5A, 0xC6, 0x5A, 0x08, 0x22, 0x2E, 0x7F, 0x00, 0x00, 0x00, 0x00, 0x00, 0x00,
  0x00, 0x00, 0x00, 0x00, 0x00, 0x00, 0x2E, 0x7F, 0x08, 0x22, 0xC6, 0x5A, 0xC6, 0x5A, 0x08, 0x22, 0x08, 0x22, 0x8E, 0x7C, 0xBF, 0x1D, 0xBF, 0x1D,
  0xBF, 0x1D, 0xBF, 0x1D, 0xBF, 0x1D, 0xBF, 0x1D, 0xBF, 0x1D, 0xBF, 0x1D, 0xBF, 0x1D, 0xBF, 0x1D, 0xBF, 0x1D, 0xBF, 0x1D, 0xBF, 0x1D, 0xBF, 0x1D,
  0xBF, 0x1D, 0xBF, 0x1D, 0xBF, 0x1D, 0xBF, 0x1D, 0xBF, 0x1D, 0xBF, 0x1D, 0xBF, 0x1D, 0xBF, 0x1D, 0xBF, 0x1D, 0xBF, 0x1D, 0xBF, 0x1D, 0xBF, 0x1D,
  0xBF, 0x1D, 0xBF, 0x1D, 0x8E, 0x7C, 0x08, 0x22, 0x08, 0x22, 0xC6, 0x5A, 0xC6, 0x5A, 0x08, 0x22, 0x2E, 0x7F, 0x00, 0x00, 0x00, 0x00, 0x00, 0x00,
  0x09, 0xE9, 0x1B, 0xD3, 0x1B, 0xD3, 0x2E, 0x7F, 0x08, 0x22, 0xC6, 0x5A, 0xC6, 0x5A, 0x08, 0x22, 0x08, 0x22, 0x8E, 0x7C, 0xBF, 0x1D, 0xBF, 0x1D,
  0xBF, 0x1D, 0xBF, 0x1D, 0xBF, 0x1D, 0xBF, 0x1D, 0xBF, 0x1D, 0xBF, 0x1D, 0xBF, 0x1D, 0xBF, 0x1D, 0xBF, 0x1D, 0xBF, 0x1D, 0xBF, 0x1D, 0xBF, 0x1D,
  0xBF, 0x1D, 0xBF, 0x1D, 0xBF, 0x1D, 0xBF, 0x1D, 0xBF, 0x1D, 0xBF, 0x1D, 0xBF, 0x1D, 0xBF, 0x1D, 0xBF, 0x1D, 0xBF, 0x1D, 0xBF, 0x1D, 0xBF, 0x1D,
  0xBF, 0x1D, 0xBF, 0x1D, 0x8E, 0x7C, 0x08, 0x22, 0x08, 0x22, 0xC6, 0x5A, 0xC6, 0x5A, 0x08, 0x22, 0x2E, 0x7F, 0x1B, 0xD3, 0x1B, 0xD3, 0x09, 0xE9,
  0x00, 0x00, 0x00, 0x00, 0x00, 0x00, 0x2E, 0x7F, 0x08, 0x22, 0xC6, 0x3A, 0xC6, 0x3A, 0x08, 0x23, 0x08, 0x23, 0x1C, 0x34, 0x10, 0x24, 0x10, 0x24,
  0x10, 0x24, 0x10, 0x24, 0x10, 0x24, 0x10, 0x24, 0x10, 0x24, 0x10, 0x24, 0x10, 0x24, 0x10, 0x24, 0x10, 0x24, 0x10, 0x24, 0x10, 0x24, 0x10, 0x24,
  0x10, 0x24, 0x10, 0x24, 0x10, 0x24, 0x10, 0x24, 0x10, 0x24, 0x10, 0x24, 0x10, 0x24, 0x10, 0x24, 0x10, 0x24, 0x10, 0x24, 0x10, 0x24, 0x10, 0x24,
  0x10, 0x24, 0x10, 0x24, 0x1C, 0x34, 0x08, 0x23, 0x08, 0x23, 0xC6, 0x3A, 0xC6, 0x3A, 0x08, 0x22, 0x2E, 0x7F, 0x00, 0x00, 0x00, 0x00, 0x00, 0x00,
  0x00, 0x00, 0x00, 0x00, 0x00, 0x00, 0x2E, 0x7F, 0x08, 0x22, 0xC6, 0x3A, 0xC6, 0x3A, 0x08, 0x23, 0x08, 0x23, 0x97, 0x3F, 0xBF, 0x7F, 0xBF, 0x7F,
  0xBF, 0x7F, 0xBF, 0x7F, 0xBF, 0x7F, 0xBF, 0x7F, 0xBF, 0x7F, 0xBF, 0x7F, 0xBF, 0x7F, 0xBF, 0x7F, 0xBF, 0x7F, 0xBF, 0x7F, 0xBF, 0x7F, 0xBF, 0x7F,
  0xBF, 0x7F, 0xBF, 0x7F, 0xBF, 0x7F, 0xBF, 0x7F, 0xBF, 0x7F, 0xBF, 0x7F, 0xBF, 0x7F, 0xBF, 0x7F, 0xBF, 0x7F, 0xBF, 0x7F, 0xBF, 0x7F, 0xBF, 0x7F,
  0xBF, 0x7F, 0xBF, 0x7F, 0x97, 0x3F, 0x08, 0x23, 0x08, 0x23, 0xC6, 0x3A, 0xC6, 0x3A, 0x08, 0x22, 0x2E, 0x7F, 0x00, 0x00, 0x00, 0x00, 0x00, 0x00,
  0x09, 0xE9, 0x1B, 0xD3, 0x1B, 0xD3, 0x2E, 0x7F, 0x08, 0x22, 0xC6, 0x3A, 0xC6, 0x3A, 0x08, 0x23, 0x08, 0x23, 0x97, 0x3F, 0xBF, 0x7F, 0xBF, 0x7F,
  0xBF, 0x7F, 0xBF, 0x7F, 0xBF, 0x7F, 0xBF, 0x7F, 0xBF, 0x7F, 0xBF, 0x7F, 0xBF, 0x7F, 0xBF, 0x7F, 0xBF, 0x7F, 0xBF, 0x7F, 0xBF, 0x7F, 0xBF, 0x7F,
  0xBF, 0x7F, 0xBF, 0x7F, 0xBF, 0x7F, 0xBF, 0x7F, 0xBF, 0x7F, 0xBF, 0x7F, 0xBF, 0x7F, 0xBF, 0x7F, 0xBF, 0x7F, 0xBF, 0x7F, 0xBF, 0x7F, 0xBF, 0x7F,
  0xBF, 0x7F, 0xBF, 0x7F, 0x97, 0x3F, 0x08, 0x23, 0x08, 0x23, 0xC6, 0x3A, 0xC6, 0x3A, 0x08, 0x22, 0x2E, 0x7F, 0x1B, 0xD3, 0x1B, 0xD3, 0x09, 0xE9,
  0x00, 0x00, 0x00, 0x00, 0x00, 0x00, 0x2E, 0x7F, 0x08, 0x22, 0xBE, 0x19, 0xBE, 0x19, 0x08, 0x23, 0x08, 0x23, 0x1C, 0x34, 0x18, 0x45, 0x18, 0x45,
  0x18, 0x45, 0x18, 0x45, 0x18, 0x45, 0x18, 0x45, 0x18, 0x45, 0x18, 0x45, 0x18, 0x45, 0x18, 0x45, 0x18, 0x45, 0x18, 0x45, 0x18, 0x45, 0x18, 0x45,
  0x18, 0x45, 0x18, 0x45, 0x18, 0x45, 0x18, 0x45, 0x18, 0x45, 0x18, 0x45, 0x18, 0x45, 0x18, 0x45, 0x18, 0x45, 0x18, 0x45, 0x18, 0x45, 0x18, 0x45,
  0x18, 0x45, 0x18, 0x45, 0x1C, 0x34, 0x08, 0x23, 0x08, 0x23, 0xBE, 0x19, 0xBE, 0x19, 0x08, 0x22, 0x2E, 0x7F, 0x00, 0x00, 0x00, 0x00, 0x00, 0x00,
  0x00, 0x00, 0x00, 0x00, 0x00, 0x00, 0x2E, 0x7F, 0x08, 0x22, 0xBE, 0x19, 0xBE, 0x19, 0x08, 0x23, 0x08, 0x23, 0x8F, 0x3F, 0xAF, 0x7F, 0xAF, 0x7F,
  0xAF, 0x7F, 0xAF, 0x7F, 0xAF, 0x7F, 0xAF, 0x7F, 0xAF, 0x7F, 0xAF, 0x7F, 0xAF, 0x7F, 0xAF, 0x7F, 0xAF, 0x7F, 0xAF, 0x7F, 0xAF, 0x7F, 0xAF, 0x7F,
  0xAF, 0x7F, 0xAF, 0x7F, 0xAF, 0x7F, 0xAF, 0x7F, 0xAF, 0x7F, 0xAF, 0x7F, 0xAF, 0x7F, 0xAF, 0x7F, 0xAF, 0x7F, 0xAF, 0x7F, 0xAF, 0x7F, 0xAF, 0x7F,
  0xAF, 0x7F, 0xAF, 0x7F, 0x8F, 0x3F, 0x08, 0x23, 0x08, 0x23, 0xBE, 0x19, 0xBE, 0x19, 0x08, 0x22, 0x2E, 0x7F, 0x00, 0x00, 0x00, 0x00, 0x00, 0x00,
  0x09, 0xE9, 0x1B, 0xD3, 0x1B, 0xD3, 0x2E, 0x7F, 0x08, 0x22, 0xBE, 0x19, 0xBE, 0x19, 0x08, 0x23, 0x08, 0x23, 0x8F, 0x3F, 0xAF, 0x7F, 0xAF, 0x7F,
  0xAF, 0x7F, 0xAF, 0x7F, 0xAF, 0x7F, 0xAF, 0x7F, 0xAF, 0x7F, 0xAF, 0x7F, 0xAF, 0x7F, 0xAF, 0x7F, 0xAF, 0x7F, 0xAF, 0x7F, 0xAF, 0x7F, 0xAF, 0x7F,
  0xAF, 0x7F, 0xAF, 0x7F, 0xAF, 0x7F, 0xAF, 0x7F, 0xAF, 0x7F, 0xAF, 0x7F, 0xAF, 0x7F, 0xAF, 0x7F, 0xAF, 0x7F, 0xAF, 0x7F, 0xAF, 0x7F, 0xAF, 0x7F,
  0xAF, 0x7F, 0xAF, 0x7F, 0x8F, 0x3F, 0x08, 0x23, 0x08, 0x23, 0xBE, 0x19, 0xBE, 0x19, 0x08, 0x22, 0x2E, 0x7F, 0x1B, 0xD3, 0x1B, 0xD3, 0x09, 0xE9,
  0x00, 0x00, 0x00, 0x00, 0x00, 0x00, 0x2E, 0x7F, 0x08, 0x22, 0xBD, 0xF9, 0xBD, 0xF9, 0x08, 0x23, 0x08, 0x23, 0x1C, 0x34, 0x18, 0x45, 0x18, 0x45,
  0x18, 0x45, 0x18, 0x45, 0x18, 0x45, 0x18, 0x45, 0x18, 0x45, 0x18, 0x45, 0x18, 0x45, 0x18, 0x45, 0x18, 0x45, 0x18, 0x45, 0x18, 0x45, 0x18, 0x45,
  0x18, 0x45, 0x18, 0x45, 0x18, 0x45, 0x18, 0x45, 0x18, 0x45, 0x18, 0x45, 0x18, 0x45, 0x18, 0x45, 0x18, 0x45, 0x18, 0x45, 0x18, 0x45, 0x18, 0x45,
  0x18, 0x45, 0x18, 0x45, 0x1C, 0x34, 0x08, 0x23, 0x08, 0x23, 0xBD, 0xF9, 0xBD, 0xF9, 0x08, 0x22, 0x2E, 0x7F, 0x00, 0x00, 0x00, 0x00, 0x00, 0x00,
  0x00, 0x00, 0x00, 0x00, 0x00, 0x00, 0x2E, 0x7F, 0x08, 0x22, 0xBD, 0xF9, 0xBD, 0xF9, 0x08, 0x23, 0x08, 0x23, 0x6E, 0x3C, 0x96, 0xBD, 0x96, 0xBD,
  0x96, 0xBD, 0x96, 0xBD, 0x96, 0xBD, 0x96, 0xBD, 0x08, 0x22, 0x08, 0x22, 0x08, 0x22, 0x08, 0x22, 0x08, 0x22, 0x08, 0x22, 0x08, 0x22, 0x08, 0x22,
  0x08, 0x22, 0x08, 0x22, 0x08, 0x22, 0x08, 0x22, 0x08, 0x22, 0x08, 0x22, 0x08, 0x22, 0x08, 0x22, 0x96, 0xBD, 0x96, 0xBD, 0x96, 0xBD, 0x96, 0xBD,
  0x96, 0xBD, 0x96, 0xBD, 0x6E, 0x3C, 0x08, 0x23, 0x08, 0x23, 0xBD, 0xF9, 0xBD, 0xF9, 0x08, 0x22, 0x2E, 0x7F, 0x00, 0x00, 0x00, 0x00, 0x00, 0x00,
  0x09, 0xE9, 0x1B, 0xD3, 0x1B, 0xD3, 0x2E, 0x7F, 0x08, 0x22, 0xBD, 0xF9, 0xBD, 0xF9, 0x08, 0x23, 0x08, 0x23, 0x6E, 0x3C, 0x96, 0xBD, 0x96, 0xBD,
  0x96, 0xBD, 0x96, 0xBD, 0x96, 0xBD, 0x96, 0xBD, 0x08, 0x22, 0x08, 0x22, 0x08, 0x22, 0x08, 0x22, 0x08, 0x22, 0x08, 0x22, 0x08, 0x22, 0x08, 0x22,
  0x08, 0x22, 0x08, 0x22, 0x08, 0x22, 0x08, 0x22, 0x08, 0x22, 0x08, 0x22, 0x08, 0x22, 0x08, 0x22, 0x96, 0xBD, 0x96, 0xBD, 0x96, 0xBD, 0x96, 0xBD,
  0x96, 0xBD, 0x96, 0xBD, 0x6E, 0x3C, 0x08, 0x23, 0x08, 0x23, 0xBD, 0xF9, 0xBD, 0xF9, 0x08, 0x22, 0x2E, 0x7F, 0x1B, 0xD3, 0x1B, 0xD3, 0x09, 0xE9,
  0x00, 0x00, 0x00, 0x00, 0x00, 0x00, 0x2E, 0x7F, 0x08, 0x22, 0xB5, 0xB8, 0xB5, 0xB8, 0x08, 0x23, 0x08, 0x23, 0x1C, 0x34, 0x10, 0x44, 0x10, 0x44,
  0x10, 0x44, 0x10, 0x44, 0x10, 0x44, 0x10, 0x44, 0x10, 0x44, 0x10, 0x44, 0x10, 0x44, 0x10, 0x44, 0x10, 0x44, 0x10, 0x44, 0x10, 0x44, 0x10, 0x44,
  0x10, 0x44, 0x10, 0x44, 0x10, 0x44, 0x10, 0x44, 0x10, 0x44, 0x10, 0x44, 0x10, 0x44, 0x10, 0x44, 0x10, 0x44, 0x10, 0x44, 0x10, 0x44, 0x10, 0x44,
  0x10, 0x44, 0x10, 0x44, 0x1C, 0x34, 0x08, 0x23, 0x08, 0x23, 0xB5, 0xB8, 0xB5, 0xB8, 0x08, 0x22, 0x2E, 0x7F, 0x00, 0x00, 0x00, 0x00, 0x00, 0x00,
  0x00, 0x00, 0x00, 0x00, 0x00, 0x00, 0x2E, 0x7F, 0x08, 0x22, 0xB5, 0xB8, 0xB5, 0xB8, 0x08, 0x23, 0x08, 0x23, 0x76, 0xFF, 0x97, 0x3F, 0x97, 0x3F,
  0x97, 0x3F, 0x97, 0x3F, 0x97, 0x3F, 0x08, 0x22, 0x08, 0x22, 0xFF, 0xFF, 0xFF, 0xFF, 0xFF, 0xFF, 0xFF, 0xFF, 0xFF, 0xFF, 0xFF, 0xFF, 0xFF, 0xFF,
  0xFF, 0xFF, 0xFF, 0xFF, 0xFF, 0xFF, 0xFF, 0xFF, 0xFF, 0xFF, 0xFF, 0xFF, 0xFF, 0xFF, 0x08, 0x22, 0x08, 0x22, 0x97, 0x3F, 0x97, 0x3F, 0x97, 0x3F,
  0x97, 0x3F, 0x97, 0x3F, 0x76, 0xFF, 0x08, 0x23, 0x08, 0x23, 0xB5, 0xB8, 0xB5, 0xB8, 0x08, 0x22, 0x2E, 0x7F, 0x00, 0x00, 0x00, 0x00, 0x00, 0x00,
  0x09, 0xE9, 0x1B, 0xD3, 0x1B, 0xD3, 0x2E, 0x7F, 0x08, 0x22, 0xB5, 0xB8, 0xB5, 0xB8, 0x08, 0x23, 0x08, 0x23, 0x76, 0xFF, 0x97, 0x3F, 0x97, 0x3F,
  0x97, 0x3F, 0x97, 0x3F, 0x97, 0x3F, 0x08, 0x22, 0x08, 0x22, 0xFF, 0xFF, 0xFF, 0xFF, 0xFF, 0xFF, 0xFF, 0xFF, 0xFF, 0xFF, 0xFF, 0xFF, 0xFF, 0xFF,
  0xFF, 0xFF, 0xFF, 0xFF, 0xFF, 0xFF, 0xFF, 0xFF, 0xFF, 0xFF, 0xFF, 0xFF, 0xFF, 0xFF, 0x08, 0x22, 0x08, 0x22, 0x97, 0x3F, 0x97, 0x3F, 0x97, 0x3F,
  0x97, 0x3F, 0x97, 0x3F, 0x76, 0xFF, 0x08, 0x23, 0x08, 0x23, 0xB5, 0xB8, 0xB5, 0xB8, 0x08, 0x22, 0x2E, 0x7F, 0x1B, 0xD3, 0x1B, 0xD3, 0x09, 0xE9,
  0x00, 0x00, 0x00, 0x00, 0x00, 0x00, 0x2E, 0x7F, 0x08, 0x22, 0xAD, 0x97, 0xAD, 0x97, 0x08, 0x23, 0x08, 0x23, 0x1C, 0x34, 0x18, 0x46, 0x18, 0x46,
  0x18, 0x46, 0x18, 0x46, 0x18, 0x46, 0x18, 0x46, 0x18, 0x46, 0x18, 0x46, 0x18, 0x46, 0x18, 0x46, 0x18, 0x46, 0x18, 0x46, 0x18, 0x46, 0x18, 0x46,
  0x18, 0x46, 0x18, 0x46, 0x18, 0x46, 0x18, 0x46, 0x18, 0x46, 0x18, 0x46, 0x18, 0x46, 0x18, 0x46, 0x18, 0x46, 0x18, 0x46, 0x18, 0x46, 0x18, 0x46,
  0x18, 0x46, 0x18, 0x46, 0x1C, 0x34, 0x08, 0x23, 0x08, 0x23, 0xAD, 0x97, 0xAD, 0x97, 0x08, 0x22, 0x2E, 0x7F, 0x00, 0x00, 0x00, 0x00, 0x00, 0x00,
  0x00, 0x00, 0x00, 0x00, 0x00, 0x00, 0x2E, 0x7F, 0x08, 0x22, 0xAD, 0x97, 0xAD, 0x97, 0x08, 0x23, 0x08, 0x23, 0x6E, 0xFF, 0x87, 0x1F, 0x87, 0x1F,
  0x87, 0x1F, 0x87, 0x1F, 0x87, 0x1F, 0x08, 0x22, 0xFF, 0xFF, 0xFF, 0xFF, 0xFF, 0xFF, 0xFF, 0xFF, 0xFF, 0xFF, 0xFF, 0xFF, 0xFF, 0xFF, 0xFF, 0xFF,
  0xFF, 0xFF, 0xFF, 0xFF, 0xFF, 0xFF, 0xFF, 0xFF, 0xFF, 0xFF, 0xFF, 0xFF, 0xFF, 0xFF, 0xFF, 0xFF, 0x08, 0x22, 0x87, 0x1F, 0x87, 0x1F, 0x87, 0x1F,
  0x87, 0x1F, 0x87, 0x1F, 0x6E, 0xFF, 0x08, 0x23, 0x08, 0x23, 0xAD, 0x97, 0xAD, 0x97, 0x08, 0x22, 0x2E, 0x7F, 0x00, 0x00, 0x00, 0x00, 0x00, 0x00,
  0x09, 0xE9, 0x1B, 0xD3, 0x1B, 0xD3, 0x2E, 0x7F, 0x08, 0x22, 0xAD, 0x97, 0xAD, 0x97, 0x08, 0x23, 0x08, 0x23, 0x6E, 0xFF, 0x87, 0x1F, 0x87, 0x1F,
  0x87, 0x1F, 0x87, 0x1F, 0x87, 0x1F, 0x08, 0x22, 0xFF, 0xFF, 0xFF, 0xFF, 0xFF, 0xFF, 0xFF, 0xFF, 0xFF, 0xFF, 0xFF, 0xFF, 0xFF, 0xFF, 0xFF, 0xFF,
  0xFF, 0xFF, 0xFF, 0xFF, 0xFF, 0xFF, 0xFF, 0xFF, 0xFF, 0xFF, 0xFF, 0xFF, 0xFF, 0xFF, 0xFF, 0xFF, 0x08, 0x22, 0x87, 0x1F, 0x87, 0x1F, 0x87, 0x1F,
  0x87, 0x1F, 0x87, 0x1F, 0x6E, 0xFF, 0x08, 0x23, 0x08, 0x23, 0xAD, 0x97, 0xAD, 0x97, 0x08, 0x22, 0x2E, 0x7F, 0x1B, 0xD3, 0x1B, 0xD3, 0x09, 0xE9,
  0x00, 0x00, 0x00, 0x00, 0x00, 0x00, 0x2E, 0x7F, 0x08, 0x22, 0xAD, 0x77, 0xAD, 0x77, 0x08, 0x23, 0x08, 0x23, 0x1C, 0x34, 0x18, 0x46, 0x18, 0x46,
  0x18, 0x46, 0x18, 0x46, 0x18, 0x46, 0x18, 0x46, 0x18, 0x46, 0x18, 0x46, 0x18, 0x46, 0x18, 0x46, 0x18, 0x46, 0x18, 0x46, 0x18, 0x46, 0x18, 0x46,
  0x18, 0x46, 0x18, 0x46, 0x18, 0x46, 0x18, 0x46, 0x18, 0x46, 0x18, 0x46, 0x18, 0x46, 0x18, 0x46, 0x18, 0x46, 0x18, 0x46, 0x18, 0x46, 0x18, 0x46,
  0x18, 0x46, 0x18, 0x46, 0x1C, 0x34, 0x08, 0x23, 0x08, 0x23, 0xAD, 0x77, 0xAD, 0x77, 0x08, 0x22, 0x2E, 0x7F, 0x00, 0x00, 0x00, 0x00, 0x00, 0x00,
  0x00, 0x00, 0x00, 0x00, 0x00, 0x00, 0x2E, 0x7F, 0x08, 0x22, 0xAD, 0x77, 0xAD, 0x77, 0x08, 0x23, 0x08, 0x23, 0x55, 0xFC, 0x6E, 0x3C, 0x6E, 0x3C,
  0x6E, 0x3C, 0x6E, 0x3C, 0x6E, 0x3C, 0x08, 0x22, 0xF7, 0xFF, 0xF7, 0xFF, 0xF7, 0xFF, 0xF7, 0xFF, 0xF7, 0xFF, 0xF7, 0xFF, 0xF7, 0xFF, 0xF7, 0xFF,
  0xF7, 0xFF, 0xF7, 0xFF, 0xF7, 0xFF, 0xF7, 0xFF, 0xF7, 0xFF, 0xF7, 0xFF, 0xF7, 0xFF, 0xF7, 0xFF, 0x08, 0x22, 0x6E, 0x3C, 0x6E, 0x3C, 0x6E, 0x3C,
  0x6E, 0x3C, 0x6E, 0x3C, 0x55, 0xFC, 0x08, 0x23, 0x08, 0x23, 0xAD, 0x77, 0xAD, 0x77, 0x08, 0x22, 0x2E, 0x7F, 0x00, 0x00, 0x00, 0x00, 0x00, 0x00,
  0x09, 0xE9, 0x1B, 0xD3, 0x1B, 0xD3, 0x2E, 0x7F, 0x08, 0x22, 0xAD, 0x77, 0xAD, 0x77, 0x08, 0x23, 0x08, 0x23, 0x55, 0xFC, 0x6E, 0x3C, 0x6E, 0x3C,
  0x6E, 0x3C, 0x6E, 0x3C, 0x6E, 0x3C, 0x08, 0x22, 0xF7, 0xFF, 0xF7, 0xFF, 0xF7, 0xFF, 0xF7, 0xFF, 0xF7, 0xFF, 0xF7, 0xFF, 0xF7, 0xFF, 0xF7, 0xFF,
  0xF7, 0xFF, 0xF7, 0xFF, 0xF7, 0xFF, 0xF7, 0xFF, 0xF7, 0xFF, 0xF7, 0xFF, 0xF7, 0xFF, 0xF7, 0xFF, 0x08, 0x22, 0x6E, 0x3C, 0x6E, 0x3C, 0x6E, 0x3C,
  0x6E, 0x3C, 0x6E, 0x3C, 0x55, 0xFC, 0x08, 0x23, 0x08, 0x23, 0xAD, 0x77, 0xAD, 0x77, 0x08, 0x22, 0x2E, 0x7F, 0x1B, 0xD3, 0x1B, 0xD3, 0x09, 0xE9,
  0x00, 0x00, 0x00, 0x00, 0x00, 0x00, 0x2E, 0x7F, 0x08, 0x22, 0xA5, 0x56, 0xA5, 0x56, 0x10, 0x23, 0x10, 0x23, 0x1C, 0x34, 0x10, 0x45, 0x10, 0x45,
  0x10, 0x45, 0x10, 0x45, 0x10, 0x45, 0x10, 0x45, 0x10, 0x45, 0x10, 0x45, 0x10, 0x45, 0x10, 0x45, 0x12, 0x8D, 0x12, 0x8D, 0x12, 0x8D, 0x12, 0x8D,
  0x12, 0x8D, 0x12, 0x8D, 0x12, 0x8D, 0x12, 0x8D, 0x10, 0x45, 0x10, 0x45, 0x10, 0x45, 0x10, 0x45, 0x10, 0x45, 0x10, 0x45, 0x10, 0x45, 0x10, 0x45,
  0x10, 0x45, 0x10, 0x45, 0x1C, 0x34, 0x10, 0x23, 0x10, 0x23, 0xA5, 0x56, 0xA5, 0x56, 0x08, 0x22, 0x2E, 0x7F, 0x00, 0x00, 0x00, 0x00, 0x00, 0x00,
  0x00, 0x00, 0x00, 0x00, 0x00, 0x00, 0x2E, 0x7F, 0x08, 0x22, 0xA5, 0x56, 0xA5, 0x56, 0x10, 0x23, 0x10, 0x23, 0x56, 0xBF, 0x66, 0xDF, 0x66, 0xDF,
  0x66, 0xDF, 0x66, 0xDF, 0x66, 0xDF, 0x08, 0x22, 0xEF, 0xDF, 0xEF, 0xDF, 0xEF, 0xDF, 0xEF, 0xDF, 0xEF, 0xDF, 0xEF, 0xDF, 0xEF, 0xDF, 0xEF, 0xDF,
  0xEF, 0xDF, 0xEF, 0xDF, 0xEF, 0xDF, 0xEF, 0xDF, 0xEF, 0xDF, 0xEF, 0xDF, 0xEF, 0xDF, 0xEF, 0xDF, 0x08, 0x22, 0x66, 0xDF, 0x66, 0xDF, 0x66, 0xDF,
  0x66, 0xDF, 0x66, 0xDF, 0x56, 0xBF, 0x10, 0x23, 0x10, 0x23, 0xA5, 0x56, 0xA5, 0x56, 0x08, 0x22, 0x2E, 0x7F, 0x00, 0x00, 0x00, 0x00, 0x00, 0x00,
  0x09, 0xE9, 0x1B, 0xD3, 0x1B, 0xD3, 0x2E, 0x7F, 0x08, 0x22, 0xA5, 0x56, 0xA5, 0x56, 0x10, 0x23, 0x10, 0x23, 0x56, 0xBF, 0x66, 0xDF, 0x66, 0xDF,
  0x66, 0xDF, 0x66, 0xDF, 0x66, 0xDF, 0x08, 0x22, 0xEF, 0xDF, 0xEF, 0xDF, 0xEF, 0xDF, 0xEF, 0xDF, 0xEF, 0xDF, 0xEF, 0xDF, 0xEF, 0xDF, 0xEF, 0xDF,
  0xEF, 0xDF, 0xEF, 0xDF, 0xEF, 0xDF, 0xEF, 0xDF, 0xEF, 0xDF, 0xEF, 0xDF, 0xEF, 0xDF, 0xEF, 0xDF, 0x08, 0x22, 0x66, 0xDF, 0x66, 0xDF, 0x66, 0xDF,
  0x66, 0xDF, 0x66, 0xDF, 0x56, 0xBF, 0x10, 0x23, 0x10, 0x23, 0xA5, 0x56, 0xA5, 0x56, 0x08, 0x22, 0x2E, 0x7F, 0x1B, 0xD3, 0x1B, 0xD3, 0x09, 0xE9,
  0x00, 0x00, 0x00, 0x00, 0x00, 0x00, 0x2E, 0x7F, 0x08, 0x22, 0x9D, 0x16, 0x9D, 0x16, 0x10, 0x23, 0x10, 0x23, 0x1C, 0x34, 0x18, 0x66, 0x18, 0x66,
  0x18, 0x66, 0x18, 0x66, 0x18, 0x66, 0x18, 0x66, 0x18, 0x66, 0x18, 0x66, 0x18, 0x66, 0x13, 0x30, 0x13, 0x30, 0x13, 0x30, 0x13, 0x30, 0x13, 0x30,
  0x13, 0x30, 0x13, 0x30, 0x13, 0x30, 0x13, 0x30, 0x13, 0x30, 0x18, 0x66, 0x18, 0x66, 0x18, 0x66, 0x18, 0x66, 0x18, 0x66, 0x18, 0x66, 0x18, 0x66,
  0x18, 0x66, 0x18, 0x66, 0x1C, 0x34, 0x10, 0x23, 0x10, 0x23, 0x9D, 0x16, 0x9D, 0x16, 0x08, 0x22, 0x2E, 0x7F, 0x00, 0x00, 0x00, 0x00, 0x00, 0x00,
  0x00, 0x00, 0x00, 0x00, 0x00, 0x00, 0x2E, 0x7F, 0x08, 0x22, 0x9D, 0x16, 0x9D, 0x16, 0x10, 0x23, 0x10, 0x23, 0x4E, 0xBF, 0x4E, 0xBF, 0x56, 0xBF,
  0x56, 0xBF, 0x56, 0xBF, 0x56, 0xBF, 0x08, 0x22, 0xE7, 0xDF, 0xE7, 0xDF, 0xE7, 0xDF, 0xE7, 0xDF, 0xE7, 0xDF, 0xE7, 0xDF, 0xE7, 0xDF, 0xE7, 0xDF,
  0xE7, 0xDF, 0xE7, 0xDF, 0xE7, 0xDF, 0xE7, 0xDF, 0xE7, 0xDF, 0xE7, 0xDF, 0xE7, 0xDF, 0xE7, 0xDF, 0x08, 0x22, 0x56, 0xBF, 0x56, 0xBF, 0x56, 0xBF,
  0x56, 0xBF, 0x4E, 0xBF, 0x4E, 0xBF, 0x10, 0x23, 0x10, 0x23, 0x9D, 0x16, 0x9D, 0x16, 0x08, 0x22, 0x2E, 0x7F, 0x00, 0x00, 0x00, 0x00, 0x00, 0x00,
  0x09, 0xE9, 0x1B, 0xD3, 0x1B, 0xD3, 0x2E, 0x7F, 0x08, 0x22, 0x9D, 0x16, 0x9D, 0x16, 0x10, 0x23, 0x10, 0x23, 0x4E, 0xBF, 0x4E, 0xBF, 0x56, 0xBF,
  0x56, 0xBF, 0x56, 0xBF, 0x56, 0xBF, 0x08, 0x22, 0xE7, 0xDF, 0xE7, 0xDF, 0xE7, 0xDF, 0xE7, 0xDF, 0xE7, 0xDF, 0xE7, 0xDF, 0xE7, 0xDF, 0xE7, 0xDF,
  0xE7, 0xDF, 0xE7, 0xDF, 0xE7, 0xDF, 0xE7, 0xDF, 0xE7, 0xDF, 0xE7, 0xDF, 0xE7, 0xDF, 0xE7, 0xDF, 0x08, 0x22, 0x56, 0xBF, 0x56, 0xBF, 0x56, 0xBF,
  0x56, 0xBF, 0x4E, 0xBF, 0x4E, 0xBF, 0x10, 0x23, 0x10, 0x23, 0x9D, 0x16, 0x9D, 0x16, 0x08, 0x22, 0x2E, 0x7F, 0x1B, 0xD3, 0x1B, 0xD3, 0x09, 0xE9,
  0x00, 0x00, 0x00, 0x00, 0x00, 0x00, 0x2E, 0x7F, 0x08, 0x22, 0x9C, 0xF5, 0x9C, 0xF5, 0x10, 0x24, 0x10, 0x24, 0x1C, 0x34, 0x18, 0x66, 0x18, 0x66,
  0x18, 0x66, 0x18, 0x66, 0x18, 0x66, 0x18, 0x66, 0x18, 0x66, 0x18, 0x66, 0x18, 0x66, 0x13, 0x30, 0x13, 0x30, 0x13, 0x30, 0x13, 0x30, 0x13, 0x30,
  0x13, 0x30, 0x13, 0x30, 0x13, 0x30, 0x13, 0x30, 0x13, 0x30, 0x18, 0x66, 0x18, 0x66, 0x18, 0x66, 0x18, 0x66, 0x18, 0x66, 0x18, 0x66, 0x18, 0x66,
  0x18, 0x66, 0x18, 0x66, 0x1C, 0x34, 0x10, 0x24, 0x10, 0x24, 0x9C, 0xF5, 0x9C, 0xF5, 0x08, 0x22, 0x2E, 0x7F, 0x00, 0x00, 0x00, 0x00, 0x00, 0x00,
  0x00, 0x00, 0x00, 0x00, 0x00, 0x00, 0x2E, 0x7F, 0x08, 0x22, 0x9C, 0xF5, 0x9C, 0xF5, 0x10, 0x24, 0x10, 0x24, 0x35, 0xDC, 0x35, 0xDC, 0x35, 0xDC,
  0x35, 0xDC, 0x35, 0xDC, 0x35, 0xDC, 0x08, 0x22, 0xDF, 0xBF, 0xDF, 0xBF, 0xDF, 0xBF, 0xDF, 0xBF, 0xDF, 0xBF, 0xDF, 0xBF, 0x2E, 0x7F, 0x2E, 0x7F,
  0x2E, 0x7F, 0x2E, 0x7F, 0xDF, 0xBF, 0xDF, 0xBF, 0xDF, 0xBF, 0xDF, 0xBF, 0xDF, 0xBF, 0xDF, 0xBF, 0x08, 0x22, 0x35, 0xDC, 0x35, 0xDC, 0x35, 0xDC,
  0x35, 0xDC, 0x35, 0xDC, 0x35, 0xDC, 0x10, 0x24, 0x10, 0x24, 0x9C, 0xF5, 0x9C, 0xF5, 0x08, 0x22, 0x2E, 0x7F, 0x00, 0x00, 0x00, 0x00, 0x00, 0x00,
  0x09, 0xE9, 0x1B, 0xD3, 0x1B, 0xD3, 0x2E, 0x7F, 0x08, 0x22, 0x9C, 0xF5, 0x9C, 0xF5, 0x10, 0x24, 0x10, 0x24, 0x35, 0xDC, 0x35, 0xDC, 0x35, 0xDC,
  0x35, 0xDC, 0x35, 0xDC, 0x35, 0xDC, 0x08, 0x22, 0xDF, 0xBF, 0xDF, 0xBF, 0xDF, 0xBF, 0xDF, 0xBF, 0xDF, 0xBF, 0xDF, 0xBF, 0x2E, 0x7F, 0x2E, 0x7F,
  0x2E, 0x7F, 0x2E, 0x7F, 0xDF, 0xBF, 0xDF, 0xBF, 0xDF, 0xBF, 0xDF, 0xBF, 0xDF, 0xBF, 0xDF, 0xBF, 0x08, 0x22, 0x35, 0xDC, 0x35, 0xDC, 0x35, 0xDC,
  0x35, 0xDC, 0x35, 0xDC, 0x35, 0xDC, 0x10, 0x24, 0x10, 0x24, 0x9C, 0xF5, 0x9C, 0xF5, 0x08, 0x22, 0x2E, 0x7F, 0x1B, 0xD3, 0x1B, 0xD3, 0x09, 0xE9,
  0x00, 0x00, 0x00, 0x00, 0x00, 0x00, 0x2E, 0x7F, 0x08, 0x22, 0x94, 0xD5, 0x94, 0xD5, 0x10, 0x24, 0x10, 0x24, 0x1C, 0x34, 0x18, 0x45, 0x18, 0x45,
  0x18, 0x45, 0x18, 0x45, 0x18, 0x45, 0x18, 0x45, 0x18, 0x45, 0x18, 0x45, 0x18, 0x45, 0x12, 0x8D, 0x12, 0x8D, 0x12, 0x8D, 0x12, 0x8D, 0x12, 0x8D,
  0x12, 0x8D, 0x12, 0x8D, 0x12, 0x8D, 0x12, 0x8D, 0x12, 0x8D, 0x18, 0x45, 0x18, 0x45, 0x18, 0x45, 0x18, 0x45, 0x18, 0x45, 0x18, 0x45, 0x18, 0x45,
  0x18, 0x45, 0x18, 0x45, 0x1C, 0x34, 0x10, 0x24, 0x10, 0x24, 0x94, 0xD5, 0x94, 0xD5, 0x08, 0x22, 0x2E, 0x7F, 0x00, 0x00, 0x00, 0x00, 0x00, 0x00,
  0x00, 0x00, 0x00, 0x00, 0x00, 0x00, 0x2E, 0x7F, 0x08, 0x22, 0x94, 0xD5, 0x94, 0xD5, 0x10, 0x24, 0x10, 0x24, 0x36, 0x9F, 0x36, 0x9F, 0x36, 0x9F,
  0x36, 0x9F, 0x36, 0x9F, 0x36, 0x9F, 0x08, 0x22, 0xD7, 0xBF, 0xD7, 0xBF, 0xD7, 0xBF, 0xD7, 0xBF, 0xD7, 0xBF, 0x2E, 0x7F, 0x2E, 0x7F, 0x2E, 0x7F,
  0x2E, 0x7F, 0x2E, 0x7F, 0x2E, 0x7F, 0xD7, 0xBF, 0xD7, 0xBF, 0xD7, 0xBF, 0xD7, 0xBF, 0xD7, 0xBF, 0x08, 0x22, 0x36, 0x9F, 0x36, 0x9F, 0x36, 0x9F,
  0x36, 0x9F, 0x36, 0x9F, 0x36, 0x9F, 0x10, 0x24, 0x10, 0x24, 0x94, 0xD5, 0x94, 0xD5, 0x08, 0x22, 0x2E, 0x7F, 0x00, 0x00, 0x00, 0x00, 0x00, 0x00,
  0x09, 0xE9, 0x1B, 0xD3, 0x1B, 0xD3, 0x2E, 0x7F, 0x08, 0x22, 0x94, 0xD5, 0x94, 0xD5, 0x10, 0x24, 0x10, 0x24, 0x36, 0x9F, 0x36, 0x9F, 0x36, 0x9F,
  0x36, 0x9F, 0x36, 0x9F, 0x36, 0x9F, 0x08, 0x22, 0xD7, 0xBF, 0xD7, 0xBF, 0xD7, 0xBF, 0xD7, 0xBF, 0xD7, 0xBF, 0x2E, 0x7F, 0x2E, 0x7F, 0x2E, 0x7F,
  0x2E, 0x7F, 0x2E, 0x7F, 0x2E, 0x7F, 0xD7, 0xBF, 0xD7, 0xBF, 0xD7, 0xBF, 0xD7, 0xBF, 0xD7, 0xBF, 0x08, 0x22, 0x36, 0x9F, 0x36, 0x9F, 0x36, 0x9F,
  0x36, 0x9F, 0x36, 0x9F, 0x36, 0x9F, 0x10, 0x24, 0x10, 0x24, 0x94, 0xD5, 0x94, 0xD5, 0x08, 0x22, 0x2E, 0x7F, 0x1B, 0xD3, 0x1B, 0xD3, 0x09, 0xE9,
  0x00, 0x00, 0x00, 0x00, 0x00, 0x00, 0x2E, 0x7F, 0x08, 0x22, 0x94, 0xB4, 0x94, 0xB4, 0x10, 0x24, 0x10, 0x24, 0x1C, 0x34, 0x20, 0x66, 0x20, 0x66,
  0x20, 0x66, 0x20, 0x66, 0x20, 0x66, 0x20, 0x66, 0x20, 0x66, 0x20, 0x66, 0x20, 0x66, 0x13, 0x30, 0x13, 0x30, 0x13, 0x30, 0x13, 0x30, 0x13, 0x30,
  0x13, 0x30, 0x13, 0x30, 0x13, 0x30, 0x13, 0x30, 0x13, 0x30, 0x20, 0x66, 0x20, 0x66, 0x20, 0x66, 0x20, 0x66, 0x20, 0x66, 0x20, 0x66, 0x20, 0x66,
  0x20, 0x66, 0x20, 0x66, 0x1C, 0x34, 0x10, 0x24, 0x10, 0x24, 0x94, 0xB4, 0x94, 0xB4, 0x08, 0x22, 0x2E, 0x7F, 0x00, 0x00, 0x00, 0x00, 0x00, 0x00,
  0x00, 0x00, 0x00, 0x00, 0x00, 0x00, 0x2E, 0x7F, 0x08, 0x22, 0x94, 0xB4, 0x94, 0xB4, 0x10, 0x24, 0x10, 0x24, 0x2E, 0x7F, 0x2E, 0x7F, 0x2E, 0x7F,
  0x2E, 0x7F, 0x2E, 0x7F, 0x2E, 0x7F, 0x08, 0x22, 0xCF, 0x9F, 0xCF, 0x9F, 0xCF, 0x9F, 0xCF, 0x9F, 0xCF, 0x9F, 0x2E, 0x7F, 0x2E, 0x7F, 0x2E, 0x7F,
  0x2E, 0x7F, 0x2E, 0x7F, 0x2E, 0x7F, 0xCF, 0x9F, 0xCF, 0x9F, 0xCF, 0x9F, 0xCF, 0x9F, 0xCF, 0x9F, 0x08, 0x22, 0x2E, 0x7F, 0x2E, 0x7F, 0x2E, 0x7F,
  0x2E, 0x7F, 0x2E, 0x7F, 0x2E, 0x7F, 0x10, 0x24, 0x10, 0x24, 0x94, 0xB4, 0x94, 0xB4, 0x08, 0x22, 0x2E, 0x7F, 0x00, 0x00, 0x00, 0x00, 0x00, 0x00,
  0x09, 0xE9, 0x1B, 0xD3, 0x1B, 0xD3, 0x2E, 0x7F, 0x08, 0x22, 0x94, 0xB4, 0x94, 0xB4, 0x10, 0x24, 0x10, 0x24, 0x2E, 0x7F, 0x2E, 0x7F, 0x2E, 0x7F,
  0x2E, 0x7F, 0x2E, 0x7F, 0x2E, 0x7F, 0x08, 0x22, 0xCF, 0x9F, 0xCF, 0x9F, 0xCF, 0x9F, 0xCF, 0x9F, 0xCF, 0x9F, 0x2E, 0x7F, 0x2E, 0x7F, 0x2E, 0x7F,
  0x2E, 0x7F, 0x2E, 0x7F, 0x2E, 0x7F, 0xCF, 0x9F, 0xCF, 0x9F, 0xCF, 0x9F, 0xCF, 0x9F, 0xCF, 0x9F, 0x08, 0x22, 0x2E, 0x7F, 0x2E, 0x7F, 0x2E, 0x7F,
  0x2E, 0x7F, 0x2E, 0x7F, 0x2E, 0x7F, 0x10, 0x24, 0x10, 0x24, 0x94, 0xB4, 0x94, 0xB4, 0x08, 0x22, 0x2E, 0x7F, 0x1B, 0xD3, 0x1B, 0xD3, 0x09, 0xE9,
  0x00, 0x00, 0x00, 0x00, 0x00, 0x00, 0x2E, 0x7F, 0x08, 0x22, 0x8C, 0x94, 0x8C, 0x94, 0x10, 0x44, 0x10, 0x44, 0x1C, 0x34, 0x20, 0x67, 0x20, 0x67,
  0x20, 0x67, 0x20, 0x67, 0x20, 0x67, 0x20, 0x67, 0x20, 0x67, 0x20, 0x67, 0x20, 0x67, 0x13, 0x30, 0x13, 0x30, 0x13, 0x30, 0x13, 0x30, 0x13, 0x30,
  0x13, 0x30, 0x13, 0x30, 0x13, 0x30, 0x13, 0x30, 0x13, 0x30, 0x20, 0x67, 0x20, 0x67, 0x20, 0x67, 0x20, 0x67, 0x20, 0x67, 0x20, 0x67, 0x20, 0x67,
  0x20, 0x67, 0x20, 0x67, 0x1C, 0x34, 0x10, 0x44, 0x10, 0x44, 0x8C, 0x94, 0x8C, 0x94, 0x08, 0x22, 0x2E, 0x7F, 0x00, 0x00, 0x00, 0x00, 0x00, 0x00,
  0x00, 0x00, 0x00, 0x00, 0x00, 0x00, 0x2E, 0x7F, 0x08, 0x22, 0x8C, 0x94, 0x8C, 0x94, 0x10, 0x44, 0x10, 0x44, 0x13, 0x2F, 0x13, 0x2F, 0x13, 0x2F,
  0x13, 0x2F, 0x13, 0x2F, 0x13, 0x2F, 0x08, 0x22, 0xC7, 0x9F, 0xC7, 0x9F, 0xC7, 0x9F, 0xC7, 0x9F, 0xC7, 0x9F, 0x2E, 0x7F, 0x2E, 0x7F, 0x2E, 0x7F,
  0x2E, 0x7F, 0x2E, 0x7F, 0x2E, 0x7F, 0xC7, 0x9F, 0xC7, 0x9F, 0xC7, 0x9F, 0xC7, 0x9F, 0xC7, 0x9F, 0x08, 0x22, 0x13, 0x2F, 0x13, 0x2F, 0x13, 0x2F,
  0x13, 0x2F, 0x13, 0x2F, 0x13, 0x2F, 0x10, 0x44, 0x10, 0x44, 0x8C, 0x94, 0x8C, 0x94, 0x08, 0x22, 0x2E, 0x7F, 0x00, 0x00, 0x00, 0x00, 0x00, 0x00,
  0x09, 0xE9, 0x1B, 0xD3, 0x1B, 0xD3, 0x2E, 0x7F, 0x08, 0x22, 0x8C, 0x94, 0x8C, 0x94, 0x10, 0x44, 0x10, 0x44, 0x13, 0x2F, 0x13, 0x2F, 0x13, 0x2F,
  0x13, 0x2F, 0x13, 0x2F, 0x13, 0x2F, 0x08, 0x22, 0xC7, 0x9F, 0xC7, 0x9F, 0xC7, 0x9F, 0xC7, 0x9F, 0xC7, 0x9F, 0x2E, 0x7F, 0x2E, 0x7F, 0x2E, 0x7F,
  0x2E, 0x7F, 0x2E, 0x7F, 0x2E, 0x7F, 0xC7, 0x9F, 0xC7, 0x9F, 0xC7, 0x9F, 0xC7, 0x9F, 0xC7, 0x9F, 0x08, 0x22, 0x13, 0x2F, 0x13, 0x2F, 0x13, 0x2F,
  0x13, 0x2F, 0x13, 0x2F, 0x13, 0x2F, 0x10, 0x44, 0x10, 0x44, 0x8C, 0x94, 0x8C, 0x94, 0x08, 0x22, 0x2E, 0x7F, 0x1B, 0xD3, 0x1B, 0xD3, 0x09, 0xE9,
  0x00, 0x00, 0x00, 0x00, 0x00, 0x00, 0x2E, 0x7F, 0x08, 0x22, 0x8C, 0x73, 0x8C, 0x73, 0x10, 0x44, 0x10, 0x44, 0x1C, 0x34, 0x18, 0x45, 0x18, 0x45,
  0x18, 0x45, 0x18, 0x45, 0x18, 0x45, 0x18, 0x45, 0x18, 0x45, 0x18, 0x45, 0x18, 0x45, 0x12, 0x8D, 0x12, 0x8D, 0x12, 0x8D, 0x12, 0x8D, 0x12, 0x8D,
  0x12, 0x8D, 0x12, 0x8D, 0x12, 0x8D, 0x12, 0x8D, 0x12, 0x8D, 0x18, 0x45, 0x18, 0x45, 0x18, 0x45, 0x18, 0x45, 0x18, 0x45, 0x18, 0x45, 0x18, 0x45,
  0x18, 0x45, 0x18, 0x45, 0x1C, 0x34, 0x10, 0x44, 0x10, 0x44, 0x8C, 0x73, 0x8C, 0x73, 0x08, 0x22, 0x2E, 0x7F, 0x00, 0x00, 0x00, 0x00, 0x00, 0x00,
  0x00, 0x00, 0x00, 0x00, 0x00, 0x00, 0x2E, 0x7F, 0x08, 0x22, 0x8C, 0x73, 0x8C, 0x73, 0x10, 0x44, 0x10, 0x44, 0x1B, 0xD2, 0x1B, 0xD2, 0x1B, 0xD2,
  0x1B, 0xD2, 0x1B, 0xD2, 0x1B, 0xD2, 0x08, 0x22, 0xBF, 0x9F, 0xBF, 0x9F, 0xBF, 0x9F, 0xBF, 0x9F, 0xBF, 0x9F, 0x2E, 0x7F, 0x2E, 0x7F, 0x2E, 0x7F,
  0x2E, 0x7F, 0x2E, 0x7F, 0x2E, 0x7F, 0xBF, 0x9F, 0xBF, 0x9F, 0xBF, 0x9F, 0xBF, 0x9F, 0xBF, 0x9F, 0x08, 0x22, 0x1B, 0xD2, 0x1B, 0xD2, 0x1B, 0xD2,
  0x1B, 0xD2, 0x1B, 0xD2, 0x1B, 0xD2, 0x10, 0x44, 0x10, 0x44, 0x8C, 0x73, 0x8C, 0x73, 0x08, 0x22, 0x2E, 0x7F, 0x00, 0x00, 0x00, 0x00, 0x00, 0x00,
  0x09, 0xE9, 0x1B, 0xD3, 0x1B, 0xD3, 0x2E, 0x7F, 0x08, 0x22, 0x8C, 0x73, 0x8C, 0x73, 0x10, 0x44, 0x10, 0x44, 0x1B, 0xD2, 0x1B, 0xD2, 0x1B, 0xD2,
  0x1B, 0xD2, 0x1B, 0xD2, 0x1B, 0xD2, 0x08, 0x22, 0xBF, 0x9F, 0xBF, 0x9F, 0xBF, 0x9F, 0xBF, 0x9F, 0xBF, 0x9F, 0x2E, 0x7F, 0x2E, 0x7F, 0x2E, 0x7F,
  0x2E, 0x7F, 0x2E, 0x7F, 0x2E, 0x7F, 0xBF, 0x9F, 0xBF, 0x9F, 0xBF, 0x9F, 0xBF, 0x9F, 0xBF, 0x9F, 0x08, 0x22, 0x1B, 0xD2, 0x1B, 0xD2, 0x1B, 0xD2,
  0x1B, 0xD2, 0x1B, 0xD2, 0x1B, 0xD2, 0x10, 0x44, 0x10, 0x44, 0x8C, 0x73, 0x8C, 0x73, 0x08, 0x22, 0x2E, 0x7F, 0x1B, 0xD3, 0x1B, 0xD3, 0x09, 0xE9,
  0x00, 0x00, 0x00, 0x00, 0x00, 0x00, 0x2E, 0x7F, 0x08, 0x22, 0x84, 0x53, 0x84, 0x53, 0x10, 0x44, 0x10, 0x44, 0x1C, 0x34, 0x20, 0x67, 0x20, 0x67,
  0x20, 0x67, 0x20, 0x67, 0x20, 0x67, 0x20, 0x67, 0x20, 0x67, 0x20, 0x67, 0x20, 0x67, 0x13, 0x30, 0x13, 0x30, 0x13, 0x30, 0x13, 0x30, 0x13, 0x30,
  0x13, 0x30, 0x13, 0x30, 0x13, 0x30, 0x13, 0x30, 0x13, 0x30, 0x20, 0x67, 0x20, 0x67, 0x20, 0x67, 0x20, 0x67, 0x20, 0x67, 0x20, 0x67, 0x20, 0x67,
  0x20, 0x67, 0x20, 0x67, 0x1C, 0x34, 0x10, 0x44, 0x10, 0x44, 0x84, 0x53, 0x84, 0x53, 0x08, 0x22, 0x2E, 0x7F, 0x00, 0x00, 0x00, 0x00, 0x00, 0x00,
  0x00, 0x00, 0x00, 0x00, 0x00, 0x00, 0x2E, 0x7F, 0x08, 0x22, 0x84, 0x53, 0x84, 0x53, 0x10, 0x44, 0x10, 0x44, 0x1B, 0xF3, 0x1B, 0xF3, 0x1B, 0xF3,
  0x1B, 0xF3, 0x1B, 0xF3, 0x1B, 0xF3, 0x08, 0x22, 0xBF, 0x7F, 0xBF, 0x7F, 0xBF, 0x7F, 0xBF, 0x7F, 0xBF, 0x7F, 0xBF, 0x7F, 0x2E, 0x7F, 0x2E, 0x7F,
  0x2E, 0x7F, 0x2E, 0x7F, 0xBF, 0x7F, 0xBF, 0x7F, 0xBF, 0x7F, 0xBF, 0x7F, 0xBF, 0x7F, 0xBF, 0x7F, 0x08, 0x22, 0x1B, 0xF3, 0x1B, 0xF3, 0x1B, 0xF3,
  0x1B, 0xF3, 0x1B, 0xF3, 0x1B, 0xF3, 0x10, 0x44, 0x10, 0x44, 0x84, 0x53, 0x84, 0x53, 0x08, 0x22, 0x2E, 0x7F, 0x00, 0x00, 0x00, 0x00, 0x00, 0x00,
  0x09, 0xE9, 0x1B, 0xD3, 0x1B, 0xD3, 0x2E, 0x7F, 0x08, 0x22, 0x84, 0x53, 0x84, 0x53, 0x10, 0x44, 0x10, 0x44, 0x1B, 0xF3, 0x1B, 0xF3, 0x1B, 0xF3,
  0x1B, 0xF3, 0x1B, 0xF3, 0x1B, 0xF3, 0x08, 0x22, 0xBF, 0x7F, 0xBF, 0x7F, 0xBF, 0x7F, 0xBF, 0x7F, 0xBF, 0x7F, 0xBF, 0x7F, 0x2E, 0x7F, 0x2E, 0x7F,
  0x2E, 0x7F, 0x2E, 0x7F, 0xBF, 0x7F, 0xBF, 0x7F, 0xBF, 0x7F, 0xBF, 0x7F, 0xBF, 0x7F, 0xBF, 0x7F, 0x08, 0x22, 0x1B, 0xF3, 0x1B, 0xF3, 0x1B, 0xF3,
  0x1B, 0xF3, 0x1B, 0xF3, 0x1B, 0xF3, 0x10, 0x44, 0x10, 0x44, 0x84, 0x53, 0x84, 0x53, 0x08, 0x22, 0x2E, 0x7F, 0x1B, 0xD3, 0x1B, 0xD3, 0x09, 0xE9,
  0x00, 0x00, 0x00, 0x00, 0x00, 0x00, 0x2E, 0x7F, 0x08, 0x22, 0x84, 0x32, 0x84, 0x32, 0x10, 0x44, 0x10, 0x44, 0x1C, 0x34, 0x20, 0x67, 0x20, 0x67,
  0x20, 0x67, 0x20, 0x67, 0x20, 0x67, 0x20, 0x67, 0x20, 0x67, 0x20, 0x67, 0x20, 0x67, 0x13, 0x30, 0x13, 0x30, 0x13, 0x30, 0x13, 0x30, 0x13, 0x30,
  0x13, 0x30, 0x13, 0x30, 0x13, 0x30, 0x13, 0x30, 0x13, 0x30, 0x20, 0x67, 0x20, 0x67, 0x20, 0x67, 0x20, 0x67, 0x20, 0x67, 0x20, 0x67, 0x20, 0x67,
  0x20, 0x67, 0x20, 0x67, 0x1C, 0x34, 0x10, 0x44, 0x10, 0x44, 0x84, 0x32, 0x84, 0x32, 0x08, 0x22, 0x2E, 0x7F, 0x00, 0x00, 0x00, 0x00, 0x00, 0x00,
  0x00, 0x00, 0x00, 0x00, 0x00, 0x00, 0x2E, 0x7F, 0x08, 0x22, 0x84, 0x32, 0x84, 0x32, 0x10, 0x44, 0x10, 0x44, 0x13, 0xB2, 0x13, 0xB2, 0x13, 0xB2,
  0x13, 0xB2, 0x13, 0xB2, 0x13, 0xB2, 0x08, 0x22, 0xB7, 0x7F, 0xB7, 0x7F, 0xB7, 0x7F, 0xB7, 0x7F, 0xB7, 0x7F, 0xB7, 0x7F, 0xB7, 0x7F, 0xB7, 0x7F,
  0xB7, 0x7F, 0xB7, 0x7F, 0xB7, 0x7F, 0xB7, 0x7F, 0xB7, 0x7F, 0xB7, 0x7F, 0xB7, 0x7F, 0xB7, 0x7F, 0x08, 0x22, 0x13, 0xB2, 0x13, 0xB2, 0x13, 0xB2,
  0x13, 0xB2, 0x13, 0xB2, 0x13, 0xB2, 0x10, 0x44, 0x10, 0x44, 0x84, 0x32, 0x84, 0x32, 0x08, 0x22, 0x2E, 0x7F, 0x00, 0x00, 0x00, 0x00, 0x00, 0x00,
  0x09, 0xE9, 0x1B, 0xD3, 0x1B, 0xD3, 0x2E, 0x7F, 0x08, 0x22, 0x84, 0x32, 0x84, 0x32, 0x10, 0x44, 0x10, 0x44, 0x13, 0xB2, 0x13, 0xB2, 0x13, 0xB2,
  0x13, 0xB2, 0x13, 0xB2, 0x13, 0xB2, 0x08, 0x22, 0xB7, 0x7F, 0xB7, 0x7F, 0xB7, 0x7F, 0xB7, 0x7F, 0xB7, 0x7F, 0xB7, 0x7F, 0xB7, 0x7F, 0xB7, 0x7F,
  0xB7, 0x7F, 0xB7, 0x7F, 0xB7, 0x7F, 0xB7, 0x7F, 0xB7, 0x7F, 0xB7, 0x7F, 0xB7, 0x7F, 0xB7, 0x7F, 0x08, 0x22, 0x13, 0xB2, 0x13, 0xB2, 0x13, 0xB2,
  0x13, 0xB2, 0x13, 0xB2, 0x13, 0xB2, 0x10, 0x44, 0x10, 0x44, 0x84, 0x32, 0x84, 0x32, 0x08, 0x22, 0x2E, 0x7F, 0x1B, 0xD3, 0x1B, 0xD3, 0x09, 0xE9,
  0x00, 0x00, 0x00, 0x00, 0x00, 0x00, 0x2E, 0x7F, 0x08, 0x22, 0x7C, 0x12, 0x7C, 0x12, 0x10, 0x45, 0x10, 0x45, 0x1C, 0x34, 0x18, 0x66, 0x18, 0x66,
  0x18, 0x66, 0x18, 0x66, 0x18, 0x66, 0x18, 0x66, 0x18, 0x66, 0x18, 0x66, 0x18, 0x66, 0x18, 0x66, 0x12, 0x8D, 0x12, 0x8D, 0x12, 0x8D, 0x12, 0x8D,
  0x12, 0x8D, 0x12, 0x8D, 0x12, 0x8D, 0x12, 0x8D, 0x18, 0x66, 0x18, 0x66, 0x18, 0x66, 0x18, 0x66, 0x18, 0x66, 0x18, 0x66, 0x18, 0x66, 0x18, 0x66,
  0x18, 0x66, 0x18, 0x66, 0x1C, 0x34, 0x10, 0x45, 0x10, 0x45, 0x7C, 0x12, 0x7C, 0x12, 0x08, 0x22, 0x2E, 0x7F, 0x00, 0x00, 0x00, 0x00, 0x00, 0x00,
  0x00, 0x00, 0x00, 0x00, 0x00, 0x00, 0x2E, 0x7F, 0x08, 0x22, 0x7C, 0x12, 0x7C, 0x12, 0x10, 0x45, 0x10, 0x45, 0x1C, 0x55, 0x1C, 0x55, 0x1C, 0x55,
  0x1C, 0x55, 0x1C, 0x55, 0x1C, 0x55, 0x08, 0x22, 0xAF, 0x5F, 0xAF, 0x5F, 0xAF, 0x5F, 0xAF, 0x5F, 0xAF, 0x5F, 0xAF, 0x5F, 0xAF, 0x5F, 0xAF, 0x5F,
  0xAF, 0x5F, 0xAF, 0x5F, 0xAF, 0x5F, 0xAF, 0x5F, 0xAF, 0x5F, 0xAF, 0x5F, 0xAF, 0x5F, 0xAF, 0x5F, 0x08, 0x22, 0x1C, 0x55, 0x1C, 0x55, 0x1C, 0x55,
  0x1C, 0x55, 0x1C, 0x55, 0x1C, 0x55, 0x10, 0x45, 0x10, 0x45, 0x7C, 0x12, 0x7C, 0x12, 0x08, 0x22, 0x2E, 0x7F, 0x00, 0x00, 0x00, 0x00, 0x00, 0x00,
  0x09, 0xE9, 0x1B, 0xD3, 0x1B, 0xD3, 0x2E, 0x7F, 0x08, 0x22, 0x7C, 0x12, 0x7C, 0x12, 0x10, 0x45, 0x10, 0x45, 0x1C, 0x55, 0x1C, 0x55, 0x1C, 0x55,
  0x1C, 0x55, 0x1C, 0x55, 0x1C, 0x55, 0x08, 0x22, 0xAF, 0x5F, 0xAF, 0x5F, 0xAF, 0x5F, 0xAF, 0x5F, 0xAF, 0x5F, 0xAF, 0x5F, 0xAF, 0x5F, 0xAF, 0x5F,
  0xAF, 0x5F, 0xAF, 0x5F, 0xAF, 0x5F, 0xAF, 0x5F, 0xAF, 0x5F, 0xAF, 0x5F, 0xAF, 0x5F, 0xAF, 0x5F, 0x08, 0x22, 0x1C, 0x55, 0x1C, 0x55, 0x1C, 0x55,
  0x1C, 0x55, 0x1C, 0x55, 0x1C, 0x55, 0x10, 0x45, 0x10, 0x45, 0x7C, 0x12, 0x7C, 0x12, 0x08, 0x22, 0x2E, 0x7F, 0x1B, 0xD3, 0x1B, 0xD3, 0x09, 0xE9,
  0x00, 0x00, 0x00, 0x00, 0x00, 0x00, 0x2E, 0x7F, 0x08, 0x22, 0x7B, 0xF1, 0x7B, 0xF1, 0x10, 0x45, 0x10, 0x45, 0x1C, 0x34, 0x20, 0x67, 0x20, 0x67,
  0x20, 0x67, 0x20, 0x67, 0x20, 0x67, 0x20, 0x67, 0x20, 0x67, 0x20, 0x67, 0x20, 0x67, 0x20, 0x67, 0x20, 0x67, 0x20, 0x67, 0x20, 0x67, 0x20, 0x67,
  0x20, 0x67, 0x20, 0x67, 0x20, 0x67, 0x20, 0x67, 0x20, 0x67, 0x20, 0x67, 0x20, 0x67, 0x20, 0x67, 0x20, 0x67, 0x20, 0x67, 0x20, 0x67, 0x20, 0x67,
  0x20, 0x67, 0x20, 0x67, 0x1C, 0x34, 0x10, 0x45, 0x10, 0x45, 0x7B, 0xF1, 0x7B, 0xF1, 0x08, 0x22, 0x2E, 0x7F, 0x00, 0x00, 0x00, 0x00, 0x00, 0x00,
  0x00, 0x00, 0x00, 0x00, 0x00, 0x00, 0x2E, 0x7F, 0x08, 0x22, 0x7B, 0xF1, 0x7B, 0xF1, 0x10, 0x45, 0x10, 0x45, 0x1C, 0x96, 0x1C, 0x96, 0x1C, 0x96,
  0x1C, 0x96, 0x1C, 0x96, 0x1C, 0x96, 0x08, 0x22, 0xA7, 0x5F, 0xA7, 0x5F, 0xA7, 0x5F, 0xA7, 0x5F, 0xA7, 0x5F, 0xA7, 0x5F, 0xA7, 0x5F, 0xA7, 0x5F,
  0xA7, 0x5F, 0xA7, 0x5F, 0xA7, 0x5F, 0xA7, 0x5F, 0xA7, 0x5F, 0xA7, 0x5F, 0xA7, 0x5F, 0xA7, 0x5F, 0x08, 0x22, 0x1C, 0x96, 0x1C, 0x96, 0x1C, 0x96,
  0x1C, 0x96, 0x1C, 0x96, 0x1C, 0x96, 0x10, 0x45, 0x10, 0x45, 0x7B, 0xF1, 0x7B, 0xF1, 0x08, 0x22, 0x2E, 0x7F, 0x00, 0x00, 0x00, 0x00, 0x00, 0x00,
  0x09, 0xE9, 0x1B, 0xD3, 0x1B, 0xD3, 0x2E, 0x7F, 0x08, 0x22, 0x7B, 0xF1, 0x7B, 0xF1, 0x10, 0x45, 0x10, 0x45, 0x1C, 0x96, 0x1C, 0x96, 0x1C, 0x96,
  0x1C, 0x96, 0x1C, 0x96, 0x1C, 0x96, 0x08, 0x22, 0xA7, 0x5F, 0xA7, 0x5F, 0xA7, 0x5F, 0xA7, 0x5F, 0xA7, 0x5F, 0xA7, 0x5F, 0xA7, 0x5F, 0xA7, 0x5F,
  0xA7, 0x5F, 0xA7, 0x5F, 0xA7, 0x5F, 0xA7, 0x5F, 0xA7, 0x5F, 0xA7, 0x5F, 0xA7, 0x5F, 0xA7, 0x5F, 0x08, 0x22, 0x1C, 0x96, 0x1C, 0x96, 0x1C, 0x96,
  0x1C, 0x96, 0x1C, 0x96, 0x1C, 0x96, 0x10, 0x45, 0x10, 0x45, 0x7B, 0xF1, 0x7B, 0xF1, 0x08, 0x22, 0x2E, 0x7F, 0x1B, 0xD3, 0x1B, 0xD3, 0x09, 0xE9,
  0x00, 0x00, 0x00, 0x00, 0x00, 0x00, 0x2E, 0x7F, 0x08, 0x22, 0x73, 0xD1, 0x73, 0xD1, 0x10, 0x45, 0x10, 0x45, 0x1C, 0x34, 0x20, 0x68, 0x20, 0x68,
  0x20, 0x68, 0x20, 0x68, 0x20, 0x68, 0x20, 0x68, 0x20, 0x68, 0x20, 0x68, 0x20, 0x68, 0x20, 0x68, 0x20, 0x68, 0x20, 0x68, 0x20, 0x68, 0x20, 0x68,
  0x20, 0x68, 0x20, 0x68, 0x20, 0x68, 0x20, 0x68, 0x20, 0x68, 0x20, 0x68, 0x20, 0x68, 0x20, 0x68, 0x20, 0x68, 0x20, 0x68, 0x20, 0x68, 0x20, 0x68,
  0x20, 0x68, 0x20, 0x68, 0x1C, 0x34, 0x10, 0x45, 0x10, 0x45, 0x73, 0xD1, 0x73, 0xD1, 0x08, 0x22, 0x2E, 0x7F, 0x00, 0x00, 0x00, 0x00, 0x00, 0x00,
  0x00, 0x00, 0x00, 0x00, 0x00, 0x00, 0x2E, 0x7F, 0x08, 0x22, 0x73, 0xD1, 0x73, 0xD1, 0x10, 0x45, 0x10, 0x45, 0x1C, 0x34, 0x1C, 0x34, 0x1C, 0x34,
  0x1C, 0x34, 0x1C, 0x34, 0x1C, 0x34, 0x08, 0x22, 0x9F, 0x5F, 0x9F, 0x5F, 0x9F, 0x5F, 0x9F, 0x5F, 0x9F, 0x5F, 0x9F, 0x5F, 0x9F, 0x5F, 0x9F, 0x5F,
  0x9F, 0x5F, 0x9F, 0x5F, 0x9F, 0x5F, 0x9F, 0x5F, 0x9F, 0x5F, 0x9F, 0x5F, 0x9F, 0x5F, 0x9F, 0x5F, 0x08, 0x22, 0x1C, 0x34, 0x1C, 0x34, 0x1C, 0x34,
  0x1C, 0x34, 0x1C, 0x34, 0x1C, 0x34, 0x10, 0x45, 0x10, 0x45, 0x73, 0xD1, 0x73, 0xD1, 0x08, 0x22, 0x2E, 0x7F, 0x00, 0x00, 0x00, 0x00, 0x00, 0x00,
  0x09, 0xE9, 0x1B, 0xD3, 0x1B, 0xD3, 0x2E, 0x7F, 0x08, 0x22, 0x73, 0xD1, 0x73, 0xD1, 0x10, 0x45, 0x10, 0x45, 0x1C, 0x34, 0x1C, 0x34, 0x1C, 0x34,
  0x1C, 0x34, 0x1C, 0x34, 0x1C, 0x34, 0x08, 0x22, 0x9F, 0x5F, 0x9F, 0x5F, 0x9F, 0x5F, 0x9F, 0x5F, 0x9F, 0x5F, 0x9F, 0x5F, 0x9F, 0x5F, 0x9F, 0x5F,
  0x9F, 0x5F, 0x9F, 0x5F, 0x9F, 0x5F, 0x9F, 0x5F, 0x9F, 0x5F, 0x9F, 0x5F, 0x9F, 0x5F, 0x9F, 0x5F, 0x08, 0x22, 0x1C, 0x34, 0x1C, 0x34, 0x1C, 0x34,
  0x1C, 0x34, 0x1C, 0x34, 0x1C, 0x34, 0x10, 0x45, 0x10, 0x45, 0x73, 0xD1, 0x73, 0xD1, 0x08, 0x22, 0x2E, 0x7F, 0x1B, 0xD3, 0x1B, 0xD3, 0x09, 0xE9,
  0x00, 0x00, 0x00, 0x00, 0x00, 0x00, 0x2E, 0x7F, 0x08, 0x22, 0x73, 0xB0, 0x73, 0xB0, 0x18, 0x45, 0x18, 0x45, 0x1C, 0x34, 0x18, 0x66, 0x18, 0x66,
  0x18, 0x66, 0x18, 0x66, 0x18, 0x66, 0x18, 0x66, 0x18, 0x66, 0x18, 0x66, 0x18, 0x66, 0x18, 0x66, 0x18, 0x66, 0x18, 0x66, 0x18, 0x66, 0x18, 0x66,
  0x18, 0x66, 0x18, 0x66, 0x18, 0x66, 0x18, 0x66, 0x18, 0x66, 0x18, 0x66, 0x18, 0x66, 0x18, 0x66, 0x18, 0x66, 0x18, 0x66, 0x18, 0x66, 0x18, 0x66,
  0x18, 0x66, 0x18, 0x66, 0x1C, 0x34, 0x18, 0x45, 0x18, 0x45, 0x73, 0xB0, 0x73, 0xB0, 0x08, 0x22, 0x2E, 0x7F, 0x00, 0x00, 0x00, 0x00, 0x00, 0x00,
  0x00, 0x00, 0x00, 0x00, 0x00, 0x00, 0x2E, 0x7F, 0x08, 0x22, 0x73, 0xB0, 0x73, 0xB0, 0x18, 0x45, 0x18, 0x45, 0x1C, 0xD8, 0x1C, 0xD8, 0x1C, 0xD8,
  0x1C, 0xD8, 0x1C, 0xD8, 0x1C, 0xD8, 0x08, 0x22, 0x08, 0x22, 0x97, 0x3F, 0x97, 0x3F, 0x97, 0x3F, 0x97, 0x3F, 0x97, 0x3F, 0x97, 0x3F, 0x97, 0x3F,
  0x97, 0x3F, 0x97, 0x3F, 0x97, 0x3F, 0x97, 0x3F, 0x97, 0x3F, 0x97, 0x3F, 0x97, 0x3F, 0x08, 0x22, 0x08, 0x22, 0x1C, 0xD8, 0x1C, 0xD8, 0x1C, 0xD8,
  0x1C, 0xD8, 0x1C, 0xD8, 0x1C, 0xD8, 0x18, 0x45, 0x18, 0x45, 0x73, 0xB0, 0x73, 0xB0, 0x08, 0x22, 0x2E, 0x7F, 0x00, 0x00, 0x00, 0x00, 0x00, 0x00,
  0x09, 0xE9, 0x1B, 0xD3, 0x1B, 0xD3, 0x2E, 0x7F, 0x08, 0x22, 0x73, 0xB0, 0x73, 0xB0, 0x18, 0x45, 0x18, 0x45, 0x1C, 0xD8, 0x1C, 0xD8, 0x1C, 0xD8,
  0x1C, 0xD8, 0x1C, 0xD8, 0x1C, 0xD8, 0x08, 0x22, 0x08, 0x22, 0x97, 0x3F, 0x97, 0x3F, 0x97, 0x3F, 0x97, 0x3F, 0x97, 0x3F, 0x97, 0x3F, 0x97, 0x3F,
  0x97, 0x3F, 0x97, 0x3F, 0x97, 0x3F, 0x97, 0x3F, 0x97, 0x3F, 0x97, 0x3F, 0x97, 0x3F, 0x08, 0x22, 0x08, 0x22, 0x1C, 0xD8, 0x1C, 0xD8, 0x1C, 0xD8,
  0x1C, 0xD8, 0x1C, 0xD8, 0x1C, 0xD8, 0x18, 0x45, 0x18, 0x45, 0x73, 0xB0, 0x73, 0xB0, 0x08, 0x22, 0x2E, 0x7F, 0x1B, 0xD3, 0x1B, 0xD3, 0x09, 0xE9,
  0x00, 0x00, 0x00, 0x00, 0x00, 0x00, 0x2E, 0x7F, 0x08, 0x22, 0x6B, 0x90, 0x6B, 0x90, 0x18, 0x45, 0x18, 0x45, 0x1C, 0x34, 0x28, 0x88, 0x28, 0x88,
  0x28, 0x88, 0x28, 0x88, 0x28, 0x88, 0x28, 0x88, 0x28, 0x88, 0x28, 0x88, 0x28, 0x88, 0x28, 0x88, 0x28, 0x88, 0x28, 0x88, 0x28, 0x88, 0x28, 0x88,
  0x28, 0x88, 0x28, 0x88, 0x28, 0x88, 0x28, 0x88, 0x28, 0x88, 0x28, 0x88, 0x28, 0x88, 0x28, 0x88, 0x28, 0x88, 0x28, 0x88, 0x28, 0x88, 0x28, 0x88,
  0x28, 0x88, 0x28, 0x88, 0x1C, 0x34, 0x18, 0x45, 0x18, 0x45, 0x6B, 0x90, 0x6B, 0x90, 0x08, 0x22, 0x2E, 0x7F, 0x00, 0x00, 0x00, 0x00, 0x00, 0x00,
  0x00, 0x00, 0x00, 0x00, 0x00, 0x00, 0x2E, 0x7F, 0x08, 0x22, 0x6B, 0x90, 0x6B, 0x90, 0x18, 0x45, 0x18, 0x45, 0x1D, 0x19, 0x1D, 0x19, 0x1D, 0x19,
  0x1D, 0x19, 0x1D, 0x19, 0x1D, 0x19, 0x1D, 0x19, 0x08, 0x22, 0x08, 0x22, 0x08, 0x22, 0x08, 0x22, 0x08, 0x22, 0x08, 0x22, 0x08, 0x22, 0x08, 0x22,
  0x08, 0x22, 0x08, 0x22, 0x08, 0x22, 0x08, 0x22, 0x08, 0x22, 0x08, 0x22, 0x08, 0x22, 0x08, 0x22, 0x1D, 0x19, 0x1D, 0x19, 0x1D, 0x19, 0x1D, 0x19,
  0x1D, 0x19, 0x1D, 0x19, 0x1D, 0x19, 0x18, 0x45, 0x18, 0x45, 0x6B, 0x90, 0x6B, 0x90, 0x08, 0x22, 0x2E, 0x7F, 0x00, 0x00, 0x00, 0x00, 0x00, 0x00,
  0x09, 0xE9, 0x1B, 0xD3, 0x1B, 0xD3, 0x2E, 0x7F, 0x08, 0x22, 0x6B, 0x90, 0x6B, 0x90, 0x18, 0x45, 0x18, 0x45, 0x1D, 0x19, 0x1D, 0x19, 0x1D, 0x19,
  0x1D, 0x19, 0x1D, 0x19, 0x1D, 0x19, 0x1D, 0x19, 0x08, 0x22, 0x08, 0x22, 0x08, 0x22, 0x08, 0x22, 0x08, 0x22, 0x08, 0x22, 0x08, 0x22, 0x08, 0x22,
  0x08, 0x22, 0x08, 0x22, 0x08, 0x22, 0x08, 0x22, 0x08, 0x22, 0x08, 0x22, 0x08, 0x22, 0x08, 0x22, 0x1D, 0x19, 0x1D, 0x19, 0x1D, 0x19, 0x1D, 0x19,
  0x1D, 0x19, 0x1D, 0x19, 0x1D, 0x19, 0x18, 0x45, 0x18, 0x45, 0x6B, 0x90, 0x6B, 0x90, 0x08, 0x22, 0x2E, 0x7F, 0x1B, 0xD3, 0x1B, 0xD3, 0x09, 0xE9,
  0x00, 0x00, 0x00, 0x00, 0x00, 0x00, 0x2E, 0x7F, 0x08, 0x22, 0x6B, 0x6F, 0x6B, 0x6F, 0x18, 0x45, 0x18, 0x45, 0x1C, 0x34, 0x28, 0x88, 0x28, 0x88,
  0x28, 0x88, 0x28, 0x88, 0x28, 0x88, 0x28, 0x88, 0x28, 0x88, 0x28, 0x88, 0x28, 0x88, 0x28, 0x88, 0x28, 0x88, 0x28, 0x88, 0x28, 0x88, 0x28, 0x88,
  0x28, 0x88, 0x28, 0x88, 0x28, 0x88, 0x28, 0x88, 0x28, 0x88, 0x28, 0x88, 0x28, 0x88, 0x28, 0x88, 0x28, 0x88, 0x28, 0x88, 0x28, 0x88, 0x28, 0x88,
  0x28, 0x88, 0x28, 0x88, 0x1C, 0x34, 0x18, 0x45, 0x18, 0x45, 0x6B, 0x6F, 0x6B, 0x6F, 0x08, 0x22, 0x2E, 0x7F, 0x00, 0x00, 0x00, 0x00, 0x00, 0x00,
  0x00, 0x00, 0x00, 0x00, 0x00, 0x00, 0x2E, 0x7F, 0x08, 0x22, 0x6B, 0x6F, 0x6B, 0x6F, 0x18, 0x45, 0x18, 0x45, 0x1C, 0x96, 0x1C, 0x96, 0x1C, 0x96,
  0x1C, 0x96, 0x1C, 0x96, 0x1C, 0x96, 0x1C, 0x96, 0x1C, 0x96, 0x1C, 0x96, 0x1C, 0x96, 0x1C, 0x96, 0x1C, 0x96, 0x1C, 0x96, 0x1C, 0x96, 0x1C, 0x96,
  0x1C, 0x96, 0x1C, 0x96, 0x1C, 0x96, 0x1C, 0x96, 0x1C, 0x96, 0x1C, 0x96, 0x1C, 0x96, 0x1C, 0x96, 0x1C, 0x96, 0x1C, 0x96, 0x1C, 0x96, 0x1C, 0x96,
  0x1C, 0x96, 0x1C, 0x96, 0x1C, 0x96, 0x18, 0x45, 0x18, 0x45, 0x6B, 0x6F, 0x6B, 0x6F, 0x08, 0x22, 0x2E, 0x7F, 0x00, 0x00, 0x00, 0x00, 0x00, 0x00,
  0x09, 0xE9, 0x1B, 0xD3, 0x1B, 0xD3, 0x2E, 0x7F, 0x08, 0x22, 0x6B, 0x6F, 0x6B, 0x6F, 0x18, 0x45, 0x18, 0x45, 0x1C, 0x96, 0x1C, 0x96, 0x1C, 0x96,
  0x1C, 0x96, 0x1C, 0x96, 0x1C, 0x96, 0x1C, 0x96, 0x1C, 0x96, 0x1C, 0x96, 0x1C, 0x96, 0x1C, 0x96, 0x1C, 0x96, 0x1C, 0x96, 0x1C, 0x96, 0x1C, 0x96,
  0x1C, 0x96, 0x1C, 0x96, 0x1C, 0x96, 0x1C, 0x96, 0x1C, 0x96, 0x1C, 0x96, 0x1C, 0x96, 0x1C, 0x96, 0x1C, 0x96, 0x1C, 0x96, 0x1C, 0x96, 0x1C, 0x96,
  0x1C, 0x96, 0x1C, 0x96, 0x1C, 0x96, 0x18, 0x45, 0x18, 0x45, 0x6B, 0x6F, 0x6B, 0x6F, 0x08, 0x22, 0x2E, 0x7F, 0x1B, 0xD3, 0x1B, 0xD3, 0x09, 0xE9,
  0x00, 0x00, 0x00, 0x00, 0x00, 0x00, 0x2E, 0x7F, 0x08, 0x22, 0x63, 0x4F, 0x63, 0x4F, 0x18, 0x45, 0x18, 0x45, 0x1C, 0x34, 0x20, 0x66, 0x20, 0x66,
  0x20, 0x66, 0x20, 0x66, 0x20, 0x66, 0x20, 0x66, 0x20, 0x66, 0x20, 0x66, 0x20, 0x66, 0x20, 0x66, 0x20, 0x66, 0x20, 0x66, 0x20, 0x66, 0x20, 0x66,
  0x20, 0x66, 0x20, 0x66, 0x20, 0x66, 0x20, 0x66, 0x20, 0x66, 0x20, 0x66, 0x20, 0x66, 0x20, 0x66, 0x20, 0x66, 0x20, 0x66, 0x20, 0x66, 0x20, 0x66,
  0x20, 0x66, 0x20, 0x66, 0x1C, 0x34, 0x18, 0x45, 0x18, 0x45, 0x63, 0x4F, 0x63, 0x4F, 0x08, 0x22, 0x2E, 0x7F, 0x00, 0x00, 0x00, 0x00, 0x00, 0x00,
  0x00, 0x00, 0x00, 0x00, 0x00, 0x00, 0x2E, 0x7F, 0x08, 0x22, 0x63, 0x4F, 0x63, 0x4F, 0x18, 0x45, 0x18, 0x45, 0x25, 0x7A, 0x25, 0x7A, 0x25, 0x7A,
  0x25, 0x7A, 0x25, 0x7A, 0x25, 0x7A, 0x25, 0x7A, 0x25, 0x7A, 0x25, 0x7A, 0x25, 0x7A, 0x25, 0x7A, 0x25, 0x7A, 0x25, 0x7A, 0x25, 0x7A, 0x25, 0x7A,
  0x25, 0x7A, 0x25, 0x7A, 0x25, 0x7A, 0x25, 0x7A, 0x25, 0x7A, 0x25, 0x7A, 0x25, 0x7A, 0x25, 0x7A, 0x25, 0x7A, 0x25, 0x7A, 0x25, 0x7A, 0x25, 0x7A,
  0x25, 0x7A, 0x25, 0x7A, 0x25, 0x7A, 0x18, 0x45, 0x18, 0x45, 0x63, 0x4F, 0x63, 0x4F, 0x08, 0x22, 0x2E, 0x7F, 0x00, 0x00, 0x00, 0x00, 0x00, 0x00,
  0x09, 0xE9, 0x1B, 0xD3, 0x1B, 0xD3, 0x2E, 0x7F, 0x08, 0x22, 0x63, 0x4F, 0x63, 0x4F, 0x18, 0x45, 0x18, 0x45, 0x25, 0x7A, 0x25, 0x7A, 0x25, 0x7A,
  0x25, 0x7A, 0x25, 0x7A, 0x25, 0x7A, 0x25, 0x7A, 0x25, 0x7A, 0x25, 0x7A, 0x25, 0x7A, 0x25, 0x7A, 0x25, 0x7A, 0x25, 0x7A, 0x25, 0x7A, 0x25, 0x7A,
  0x25, 0x7A, 0x25, 0x7A, 0x25, 0x7A, 0x25, 0x7A, 0x25, 0x7A, 0x25, 0x7A, 0x25, 0x7A, 0x25, 0x7A, 0x25, 0x7A, 0x25, 0x7A, 0x25, 0x7A, 0x25, 0x7A,
  0x25, 0x7A, 0x25, 0x7A, 0x25, 0x7A, 0x18, 0x45, 0x18, 0x45, 0x63, 0x4F, 0x63, 0x4F, 0x08, 0x22, 0x2E, 0x7F, 0x1B, 0xD3, 0x1B, 0xD3, 0x09, 0xE9,
  0x00, 0x00, 0x00, 0x00, 0x00, 0x00, 0x2E, 0x7F, 0x08, 0x22, 0x63, 0x2E, 0x63, 0x2E, 0x18, 0x45, 0x18, 0x45, 0x1C, 0x34, 0x28, 0x88, 0x28, 0x88,
  0x28, 0x88, 0x28, 0x88, 0x28, 0x88, 0x28, 0x88, 0x28, 0x88, 0x28, 0x88, 0x28, 0x88, 0x28, 0x88, 0x28, 0x88, 0x28, 0x88, 0x28, 0x88, 0x28, 0x88,
  0x28, 0x88, 0x28, 0x88, 0x28, 0x88, 0x28, 0x88, 0x28, 0x88, 0x28, 0x88, 0x28, 0x88, 0x28, 0x88, 0x28, 0x88, 0x28, 0x88, 0x28, 0x88, 0x28, 0x88,
  0x28, 0x88, 0x28, 0x88, 0x1C, 0x34, 0x18, 0x45, 0x18, 0x45, 0x63, 0x2E, 0x63, 0x2E, 0x08, 0x22, 0x2E, 0x7F, 0x00, 0x00, 0x00, 0x00, 0x00, 0x00,
  0x00, 0x00, 0x00, 0x00, 0x00, 0x00, 0x2E, 0x7F, 0x08, 0x22, 0x63, 0x2E, 0x63, 0x2E, 0x18, 0x45, 0x18, 0x45, 0x25, 0x9B, 0x25, 0x9B, 0x25, 0x9B,
  0x25, 0x9B, 0x25, 0x9B, 0x25, 0x9B, 0x25, 0x9B, 0x25, 0x9B, 0x25, 0x9B, 0x25, 0x9B, 0x25, 0x9B, 0x25, 0x9B, 0x25, 0x9B, 0x25, 0x9B, 0x25, 0x9B,
  0x25, 0x9B, 0x25, 0x9B, 0x25, 0x9B, 0x25, 0x9B, 0x25, 0x9B, 0x25, 0x9B, 0x25, 0x9B, 0x25, 0x9B, 0x25, 0x9B, 0x25, 0x9B, 0x25, 0x9B, 0x25, 0x9B,
  0x25, 0x9B, 0x25, 0x9B, 0x25, 0x9B, 0x18, 0x45, 0x18, 0x45, 0x63, 0x2E, 0x63, 0x2E, 0x08, 0x22, 0x2E, 0x7F, 0x00, 0x00, 0x00, 0x00, 0x00, 0x00,
  0x09, 0xE9, 0x1B, 0xD3, 0x1B, 0xD3, 0x2E, 0x7F, 0x08, 0x22, 0x63, 0x2E, 0x63, 0x2E, 0x18, 0x45, 0x18, 0x45, 0x25, 0x9B, 0x25, 0x9B, 0x25, 0x9B,
  0x25, 0x9B, 0x25, 0x9B, 0x25, 0x9B, 0x25, 0x9B, 0x25, 0x9B, 0x25, 0x9B, 0x25, 0x9B, 0x25, 0x9B, 0x25, 0x9B, 0x25, 0x9B, 0x25, 0x9B, 0x25, 0x9B,
  0x25, 0x9B, 0x25, 0x9B, 0x25, 0x9B, 0x25, 0x9B, 0x25, 0x9B, 0x25, 0x9B, 0x25, 0x9B, 0x25, 0x9B, 0x25, 0x9B, 0x25, 0x9B, 0x25, 0x9B, 0x25, 0x9B,
  0x25, 0x9B, 0x25, 0x9B, 0x25, 0x9B, 0x18, 0x45, 0x18, 0x45, 0x63, 0x2E, 0x63, 0x2E, 0x08, 0x22, 0x2E, 0x7F, 0x1B, 0xD3, 0x1B, 0xD3, 0x09, 0xE9,
  0x00, 0x00, 0x00, 0x00, 0x00, 0x00, 0x2E, 0x7F, 0x08, 0x22, 0x5B, 0x0E, 0x5B, 0x0E, 0x18, 0x46, 0x18, 0x46, 0x1C, 0x34, 0x28, 0x88, 0x28, 0x88,
  0x28, 0x88, 0x28, 0x88, 0x28, 0x88, 0x28, 0x88, 0x28, 0x88, 0x28, 0x88, 0x28, 0x88, 0x28, 0x88, 0x28, 0x88, 0x28, 0x88, 0x28, 0x88, 0x28, 0x88,
  0x28, 0x88, 0x28, 0x88, 0x28, 0x88, 0x28, 0x88, 0x28, 0x88, 0x28, 0x88, 0x28, 0x88, 0x28, 0x88, 0x28, 0x88, 0x28, 0x88, 0x28, 0x88, 0x28, 0x88,
  0x28, 0x88, 0x28, 0x88, 0x1C, 0x34, 0x18, 0x46, 0x18, 0x46, 0x5B, 0x0E, 0x5B, 0x0E, 0x08, 0x22, 0x2E, 0x7F, 0x00, 0x00, 0x00, 0x00, 0x00, 0x00,
  0x00, 0x00, 0x00, 0x00, 0x00, 0x00, 0x2E, 0x7F, 0x08, 0x22, 0x5B, 0x0E, 0x5B, 0x0E, 0x18, 0x46, 0x18, 0x46, 0x1D, 0x19, 0x1D, 0x19, 0x1D, 0x19,
  0x1D, 0x19, 0x1D, 0x19, 0x1D, 0x19, 0x1D, 0x19, 0x1D, 0x19, 0x1D, 0x19, 0x1D, 0x19, 0x1D, 0x19, 0x1D, 0x19, 0x1D, 0x19, 0x1D, 0x19, 0x1D, 0x19,
  0x1D, 0x19, 0x1D, 0x19, 0x1D, 0x19, 0x1D, 0x19, 0x1D, 0x19, 0x1D, 0x19, 0x1D, 0x19, 0x1D, 0x19, 0x1D, 0x19, 0x1D, 0x19, 0x1D, 0x19, 0x1D, 0x19,
  0x1D, 0x19, 0x1D, 0x19, 0x1D, 0x19, 0x18, 0x46, 0x18, 0x46, 0x5B, 0x0E, 0x5B, 0x0E, 0x08, 0x22, 0x2E, 0x7F, 0x00, 0x00, 0x00, 0x00, 0x00, 0x00,
  0x09, 0xE9, 0x1B, 0xD3, 0x1B, 0xD3, 0x2E, 0x7F, 0x08, 0x22, 0x5B, 0x0E, 0x5B, 0x0E, 0x18, 0x46, 0x18, 0x46, 0x1D, 0x19, 0x1D, 0x19, 0x1D, 0x19,
  0x1D, 0x19, 0x1D, 0x19, 0x1D, 0x19, 0x1D, 0x19, 0x1D, 0x19, 0x1D, 0x19, 0x1D, 0x19, 0x1D, 0x19, 0x1D, 0x19, 0x1D, 0x19, 0x1D, 0x19, 0x1D, 0x19,
  0x1D, 0x19, 0x1D, 0x19, 0x1D, 0x19, 0x1D, 0x19, 0x1D, 0x19, 0x1D, 0x19, 0x1D, 0x19, 0x1D, 0x19, 0x1D, 0x19, 0x1D, 0x19, 0x1D, 0x19, 0x1D, 0x19,
  0x1D, 0x19, 0x1D, 0x19, 0x1D, 0x19, 0x18, 0x46, 0x18, 0x46, 0x5B, 0x0E, 0x5B, 0x0E, 0x08, 0x22, 0x2E, 0x7F, 0x1B, 0xD3, 0x1B, 0xD3, 0x09, 0xE9,
  0x00, 0x00, 0x00, 0x00, 0x00, 0x00, 0x2E, 0x7F, 0x08, 0x22, 0x5A, 0xED, 0x5A, 0xED, 0x18, 0x46, 0x18, 0x46, 0x1C, 0x34, 0x13, 0x71, 0x20, 0x67,
  0x20, 0x67, 0x20, 0x67, 0x20, 0x67, 0x20, 0x67, 0x20, 0x67, 0x20, 0x67, 0x20, 0x67, 0x20, 0x67, 0x20, 0x67, 0x20, 0x67, 0x20, 0x67, 0x20, 0x67,
  0x20, 0x67, 0x20, 0x67, 0x20, 0x67, 0x20, 0x67, 0x20, 0x67, 0x20, 0x67, 0x20, 0x67, 0x20, 0x67, 0x20, 0x67, 0x20, 0x67, 0x20, 0x67, 0x20, 0x67,
  0x20, 0x67, 0x13, 0x71, 0x1C, 0x34, 0x18, 0x46, 0x18, 0x46, 0x5A, 0xED, 0x5A, 0xED, 0x08, 0x22, 0x2E, 0x7F, 0x00, 0x00, 0x00, 0x00, 0x00, 0x00,
  0x00, 0x00, 0x00, 0x00, 0x00, 0x00, 0x2E, 0x7F, 0x08, 0x22, 0x5A, 0xED, 0x5A, 0xED, 0x18, 0x46, 0x18, 0x46, 0x25, 0xFD, 0x25, 0xFD, 0x25, 0xFD,
  0x25, 0xFD, 0x25, 0xFD, 0x25, 0xFD, 0x25, 0xFD, 0x25, 0xFD, 0x25, 0xFD, 0x25, 0xFD, 0x25, 0xFD, 0x25, 0xFD, 0x25, 0xFD, 0x25, 0xFD, 0x25, 0xFD,
  0x25, 0xFD, 0x25, 0xFD, 0x25, 0xFD, 0x25, 0xFD, 0x25, 0xFD, 0x25, 0xFD, 0x25, 0xFD, 0x25, 0xFD, 0x25, 0xFD, 0x25, 0xFD, 0x25, 0xFD, 0x25, 0xFD,
  0x25, 0xFD, 0x25, 0xFD, 0x25, 0xFD, 0x18, 0x46, 0x18, 0x46, 0x5A, 0xED, 0x5A, 0xED, 0x08, 0x22, 0x2E, 0x7F, 0x00, 0x00, 0x00, 0x00, 0x00, 0x00,
  0x09, 0xE9, 0x1B, 0xD3, 0x1B, 0xD3, 0x2E, 0x7F, 0x08, 0x22, 0x5A, 0xED, 0x5A, 0xED, 0x18, 0x46, 0x18, 0x46, 0x25, 0xFD, 0x25, 0xFD, 0x25, 0xFD,
  0x25, 0xFD, 0x25, 0xFD, 0x25, 0xFD, 0x25, 0xFD, 0x25, 0xFD, 0x25, 0xFD, 0x25, 0xFD, 0x25, 0xFD, 0x25, 0xFD, 0x25, 0xFD, 0x25, 0xFD, 0x25, 0xFD,
  0x25, 0xFD, 0x25, 0xFD, 0x25, 0xFD, 0x25, 0xFD, 0x25, 0xFD, 0x25, 0xFD, 0x25, 0xFD, 0x25, 0xFD, 0x25, 0xFD, 0x25, 0xFD, 0x25, 0xFD, 0x25, 0xFD,
  0x25, 0xFD, 0x25, 0xFD, 0x25, 0xFD, 0x18, 0x46, 0x18, 0x46, 0x5A, 0xED, 0x5A, 0xED, 0x08, 0x22, 0x2E, 0x7F, 0x1B, 0xD3, 0x1B, 0xD3, 0x09, 0xE9,
  0x00, 0x00, 0x00, 0x00, 0x00, 0x00, 0x2E, 0x7F, 0x08, 0x22, 0x52, 0xCD, 0x52, 0xCD, 0x18, 0x46, 0x18, 0x46, 0x18, 0x46, 0x1C, 0x34, 0x1C, 0x34,
  0x1C, 0x34, 0x1C, 0x34, 0x1C, 0x34, 0x1C, 0x34, 0x1C, 0x34, 0x1C, 0x34, 0x1C, 0x34, 0x1C, 0x34, 0x1C, 0x34, 0x1C, 0x34, 0x1C, 0x34, 0x1C, 0x34,
  0x1C, 0x34, 0x1C, 0x34, 0x1C, 0x34, 0x1C, 0x34, 0x1C, 0x34, 0x1C, 0x34, 0x1C, 0x34, 0x1C, 0x34, 0x1C, 0x34, 0x1C, 0x34, 0x1C, 0x34, 0x1C, 0x34,
  0x1C, 0x34, 0x1C, 0x34, 0x18, 0x46, 0x18, 0x46, 0x18, 0x46, 0x52, 0xCD, 0x52, 0xCD, 0x08, 0x22, 0x2E, 0x7F, 0x00, 0x00, 0x00, 0x00, 0x00, 0x00,
  0x00, 0x00, 0x00, 0x00, 0x00, 0x00, 0x2E, 0x7F, 0x08, 0x22, 0x52, 0xCD, 0x52, 0xCD, 0x18, 0x46, 0x18, 0x46, 0x18, 0x46, 0x26, 0x1E, 0x26, 0x1E,
  0x26, 0x1E, 0x26, 0x1E, 0x26, 0x1E, 0x26, 0x1E, 0x26, 0x1E, 0x26, 0x1E, 0x26, 0x1E, 0x26, 0x1E, 0x26, 0x1E, 0x26, 0x1E, 0x26, 0x1E, 0x26, 0x1E,
  0x26, 0x1E, 0x26, 0x1E, 0x26, 0x1E, 0x26, 0x1E, 0x26, 0x1E, 0x26, 0x1E, 0x26, 0x1E, 0x26, 0x1E, 0x26, 0x1E, 0x26, 0x1E, 0x26, 0x1E, 0x26, 0x1E,
  0x26, 0x1E, 0x26, 0x1E, 0x18, 0x46, 0x18, 0x46, 0x18, 0x46, 0x52, 0xCD, 0x52, 0xCD, 0x08, 0x22, 0x2E, 0x7F, 0x00, 0x00, 0x00, 0x00, 0x00, 0x00,
  0x09, 0xE9, 0x1B, 0xD3, 0x1B, 0xD3, 0x2E, 0x7F, 0x08, 0x22, 0x52, 0xCD, 0x52, 0xCD, 0x18, 0x46, 0x18, 0x46, 0x18, 0x46, 0x26, 0x1E, 0x26, 0x1E,
  0x26, 0x1E, 0x26, 0x1E, 0x26, 0x1E, 0x26, 0x1E, 0x26, 0x1E, 0x26, 0x1E, 0x26, 0x1E, 0x26, 0x1E, 0x26, 0x1E, 0x26, 0x1E, 0x26, 0x1E, 0x26, 0x1E,
  0x26, 0x1E, 0x26, 0x1E, 0x26, 0x1E, 0x26, 0x1E, 0x26, 0x1E, 0x26, 0x1E, 0x26, 0x1E, 0x26, 0x1E, 0x26, 0x1E, 0x26, 0x1E, 0x26, 0x1E, 0x26, 0x1E,
  0x26, 0x1E, 0x26, 0x1E, 0x18, 0x46, 0x18, 0x46, 0x18, 0x46, 0x52, 0xCD, 0x52, 0xCD, 0x08, 0x22, 0x2E, 0x7F, 0x1B, 0xD3, 0x1B, 0xD3, 0x09, 0xE9,
  0x00, 0x00, 0x00, 0x00, 0x00, 0x00, 0x2E, 0x7F, 0x08, 0x22, 0x52, 0xAC, 0x52, 0xAC, 0x52, 0xAC, 0x18, 0x66, 0x18, 0x66, 0x18, 0x66, 0x18, 0x66,
  0x18, 0x66, 0x18, 0x66, 0x18, 0x66, 0x18, 0x66, 0x18, 0x66, 0x18, 0x66, 0x18, 0x66, 0x18, 0x66, 0x18, 0x66, 0x18, 0x66, 0x18, 0x66, 0x18, 0x66,
  0x18, 0x66, 0x18, 0x66, 0x18, 0x66, 0x18, 0x66, 0x18, 0x66, 0x18, 0x66, 0x18, 0x66, 0x18, 0x66, 0x18, 0x66, 0x18, 0x66, 0x18, 0x66, 0x18, 0x66,
  0x18, 0x66, 0x18, 0x66, 0x18, 0x66, 0x18, 0x66, 0x52, 0xAC, 0x52, 0xAC, 0x52, 0xAC, 0x08, 0x22, 0x2E, 0x7F, 0x00, 0x00, 0x00, 0x00, 0x00, 0x00,
  0x00, 0x00, 0x00, 0x00, 0x00, 0x00, 0x2E, 0x7F, 0x08, 0x22, 0x52, 0xAC, 0x52, 0xAC, 0x52, 0xAC, 0x18, 0x66, 0x18, 0x66, 0x18, 0x66, 0x18, 0x66,
  0x18, 0x66, 0x18, 0x66, 0x18, 0x66, 0x18, 0x66, 0x18, 0x66, 0x18, 0x66, 0x18, 0x66, 0x18, 0x66, 0x18, 0x66, 0x18, 0x66, 0x18, 0x66, 0x18, 0x66,
  0x18, 0x66, 0x18, 0x66, 0x18, 0x66, 0x18, 0x66, 0x18, 0x66, 0x18, 0x66, 0x18, 0x66, 0x18, 0x66, 0x18, 0x66, 0x18, 0x66, 0x18, 0x66, 0x18, 0x66,
  0x18, 0x66, 0x18, 0x66, 0x18, 0x66, 0x18, 0x66, 0x52, 0xAC, 0x52, 0xAC, 0x52, 0xAC, 0x08, 0x22, 0x2E, 0x7F, 0x00, 0x00, 0x00, 0x00, 0x00, 0x00,
  0x09, 0xE9, 0x1B, 0xD3, 0x1B, 0xD3, 0x2E, 0x7F, 0x08, 0x22, 0x52, 0xAC, 0x52, 0xAC, 0x52, 0xAC, 0x18, 0x66, 0x18, 0x66, 0x18, 0x66, 0x18, 0x66,
  0x18, 0x66, 0x18, 0x66, 0x18, 0x66, 0x18, 0x66, 0x18, 0x66, 0x18, 0x66, 0x18, 0x66, 0x18, 0x66, 0x18, 0x66, 0x18, 0x66, 0x18, 0x66, 0x18, 0x66,
  0x18, 0x66, 0x18, 0x66, 0x18, 0x66, 0x18, 0x66, 0x18, 0x66, 0x18, 0x66, 0x18, 0x66, 0x18, 0x66, 0x18, 0x66, 0x18, 0x66, 0x18, 0x66, 0x18, 0x66,
  0x18, 0x66, 0x18, 0x66, 0x18, 0x66, 0x18, 0x66, 0x52, 0xAC, 0x52, 0xAC, 0x52, 0xAC, 0x08, 0x22, 0x2E, 0x7F, 0x1B, 0xD3, 0x1B, 0xD3, 0x09, 0xE9,
  0x00, 0x00, 0x00, 0x00, 0x00, 0x00, 0x2E, 0x7F, 0x08, 0x22, 0x08, 0x22, 0x4A, 0x8C, 0x4A, 0x8C, 0x4A, 0x8C, 0x18, 0x66, 0x18, 0x66, 0x18, 0x66,
  0x18, 0x66, 0x18, 0x66, 0x18, 0x66, 0x18, 0x66, 0x18, 0x66, 0x18, 0x66, 0x18, 0x66, 0x18, 0x66, 0x18, 0x66, 0x18, 0x66, 0x18, 0x66, 0x18, 0x66,
  0x18, 0x66, 0x18, 0x66, 0x18, 0x66, 0x18, 0x66, 0x18, 0x66, 0x18, 0x66, 0x18, 0x66, 0x18, 0x66, 0x18, 0x66, 0x18, 0x66, 0x18, 0x66, 0x18, 0x66,
  0x18, 0x66, 0x18, 0x66, 0x18, 0x66, 0x4A, 0x8C, 0x4A, 0x8C, 0x4A, 0x8C, 0x08, 0x22, 0x08, 0x22, 0x2E, 0x7F, 0x00, 0x00, 0x00, 0x00, 0x00, 0x00,
  0x00, 0x00, 0x00, 0x00, 0x00, 0x00, 0x2E, 0x7F, 0x08, 0x22, 0x08, 0x22, 0x4A, 0x8C, 0x4A, 0x8C, 0x4A, 0x8C, 0x18, 0x66, 0x18, 0x66, 0x18, 0x66,
  0x18, 0x66, 0x18, 0x66, 0x18, 0x66, 0x18, 0x66, 0x18, 0x66, 0x18, 0x66, 0x18, 0x66, 0x18, 0x66, 0x18, 0x66, 0x18, 0x66, 0x18, 0x66, 0x18, 0x66,
  0x18, 0x66, 0x18, 0x66, 0x18, 0x66, 0x18, 0x66, 0x18, 0x66, 0x18, 0x66, 0x18, 0x66, 0x18, 0x66, 0x18, 0x66, 0x18, 0x66, 0x18, 0x66, 0x18, 0x66,
  0x18, 0x66, 0x18, 0x66, 0x18, 0x66, 0x4A, 0x8C, 0x4A, 0x8C, 0x4A, 0x8C, 0x08, 0x22, 0x08, 0x22, 0x2E, 0x7F, 0x00, 0x00, 0x00, 0x00, 0x00, 0x00,
  0x09, 0xE9, 0x1B, 0xD3, 0x1B, 0xD3, 0x2E, 0x7F, 0x08, 0x22, 0x08, 0x22, 0x4A, 0x8C, 0x4A, 0x8C, 0x4A, 0x8C, 0x18, 0x66, 0x18, 0x66, 0x18, 0x66,
  0x18, 0x66, 0x18, 0x66, 0x18, 0x66, 0x18, 0x66, 0x18, 0x66, 0x18, 0x66, 0x18, 0x66, 0x18, 0x66, 0x18, 0x66, 0x18, 0x66, 0x18, 0x66, 0x18, 0x66,
  0x18, 0x66, 0x18, 0x66, 0x18, 0x66, 0x18, 0x66, 0x18, 0x66, 0x18, 0x66, 0x18, 0x66, 0x18, 0x66, 0x18, 0x66, 0x18, 0x66, 0x18, 0x66, 0x18, 0x66,
  0x18, 0x66, 0x18, 0x66, 0x18, 0x66, 0x4A, 0x8C, 0x4A, 0x8C, 0x4A, 0x8C, 0x08, 0x22, 0x08, 0x22, 0x2E, 0x7F, 0x1B, 0xD3, 0x1B, 0xD3, 0x09, 0xE9,
  0x00, 0x00, 0x00, 0x00, 0x00, 0x00, 0x2E, 0x7F, 0x2E, 0x7F, 0x08, 0x22, 0x4A, 0x6B, 0x4A, 0x6B, 0x4A, 0x6B, 0x4A, 0x6B, 0x4A, 0x6B, 0x4A, 0x6B,
  0x4A, 0x6B, 0x4A, 0x6B, 0x4A, 0x6B, 0x4A, 0x6B, 0x4A, 0x6B, 0x4A, 0x6B, 0x4A, 0x6B, 0x4A, 0x6B, 0x4A, 0x6B, 0x4A, 0x6B, 0x4A, 0x6B, 0x4A, 0x6B,
  0x4A, 0x6B, 0x4A, 0x6B, 0x4A, 0x6B, 0x4A, 0x6B, 0x4A, 0x6B, 0x4A, 0x6B, 0x4A, 0x6B, 0x4A, 0x6B, 0x4A, 0x6B, 0x4A, 0x6B, 0x4A, 0x6B, 0x4A, 0x6B,
  0x4A, 0x6B, 0x4A, 0x6B, 0x4A, 0x6B, 0x4A, 0x6B, 0x4A, 0x6B, 0x4A, 0x6B, 0x08, 0x22, 0x2E, 0x7F, 0x2E, 0x7F, 0x00, 0x00, 0x00, 0x00, 0x00, 0x00,
  0x00, 0x00, 0x00, 0x00, 0x00, 0x00, 0x2E, 0x7F, 0x2E, 0x7F, 0x08, 0x22, 0x4A, 0x6B, 0x4A, 0x6B, 0x4A, 0x6B, 0x4A, 0x6B, 0x4A, 0x6B, 0x4A, 0x6B,
  0x4A, 0x6B, 0x4A, 0x6B, 0x4A, 0x6B, 0x4A, 0x6B, 0x4A, 0x6B, 0x4A, 0x6B, 0x4A, 0x6B, 0x4A, 0x6B, 0x4A, 0x6B, 0x4A, 0x6B, 0x4A, 0x6B, 0x4A, 0x6B,
  0x4A, 0x6B, 0x4A, 0x6B, 0x4A, 0x6B, 0x4A, 0x6B, 0x4A, 0x6B, 0x4A, 0x6B, 0x4A, 0x6B, 0x4A, 0x6B, 0x4A, 0x6B, 0x4A, 0x6B, 0x4A, 0x6B, 0x4A, 0x6B,
  0x4A, 0x6B, 0x4A, 0x6B, 0x4A, 0x6B, 0x4A, 0x6B, 0x4A, 0x6B, 0x4A, 0x6B, 0x08, 0x22, 0x2E, 0x7F, 0x2E, 0x7F, 0x00, 0x00, 0x00, 0x00, 0x00, 0x00,
  0x09, 0xE9, 0x1B, 0xD3, 0x1B, 0xD3, 0x2E, 0x7F, 0x2E, 0x7F, 0x08, 0x22, 0x4A, 0x6B, 0x4A, 0x6B, 0x4A, 0x6B, 0x4A, 0x6B, 0x4A, 0x6B, 0x4A, 0x6B,
  0x4A, 0x6B, 0x4A, 0x6B, 0x4A, 0x6B, 0x4A, 0x6B, 0x4A, 0x6B, 0x4A, 0x6B, 0x4A, 0x6B, 0x4A, 0x6B, 0x4A, 0x6B, 0x4A, 0x6B, 0x4A, 0x6B, 0x4A, 0x6B,
  0x4A, 0x6B, 0x4A, 0x6B, 0x4A, 0x6B, 0x4A, 0x6B, 0x4A, 0x6B, 0x4A, 0x6B, 0x4A, 0x6B, 0x4A, 0x6B, 0x4A, 0x6B, 0x4A, 0x6B, 0x4A, 0x6B, 0x4A, 0x6B,
  0x4A, 0x6B, 0x4A, 0x6B, 0x4A, 0x6B, 0x4A, 0x6B, 0x4A, 0x6B, 0x4A, 0x6B, 0x08, 0x22, 0x2E, 0x7F, 0x2E, 0x7F, 0x1B, 0xD3, 0x1B, 0xD3, 0x09, 0xE9,
  0x00, 0x00, 0x00, 0x00, 0x00, 0x00, 0x00, 0x00, 0x2E, 0x7F, 0x08, 0x22, 0x08, 0x22, 0x08, 0x22, 0x42, 0x4B, 0x42, 0x4B, 0x42, 0x4B, 0x42, 0x4B,
  0x42, 0x4B, 0x42, 0x4B, 0x42, 0x4B, 0x42, 0x4B, 0x42, 0x4B, 0x42, 0x4B, 0x42, 0x4B, 0x42, 0x4B, 0x42, 0x4B, 0x42, 0x4B, 0x42, 0x4B, 0x42, 0x4B,
  0x42, 0x4B, 0x42, 0x4B, 0x42, 0x4B, 0x42, 0x4B, 0x42, 0x4B, 0x42, 0x4B, 0x42, 0x4B, 0x42, 0x4B, 0x42, 0x4B, 0x42, 0x4B, 0x42, 0x4B, 0x42, 0x4B,
  0x42, 0x4B, 0x42, 0x4B, 0x42, 0x4B, 0x42, 0x4B, 0x08, 0x22, 0x08, 0x22, 0x08, 0x22, 0x2E, 0x7F, 0x00, 0x00, 0x00, 0x00, 0x00, 0x00, 0x00, 0x00,
  0x00, 0x00, 0x00, 0x00, 0x00, 0x00, 0x00, 0x00, 0x2E, 0x7F, 0x08, 0x22, 0x08, 0x22, 0x08, 0x22, 0x42, 0x4B, 0x42, 0x4B, 0x42, 0x4B, 0x42, 0x4B,
  0x42, 0x4B, 0x42, 0x4B, 0x42, 0x4B, 0x42, 0x4B, 0x42, 0x4B, 0x42, 0x4B, 0x42, 0x4B, 0x42, 0x4B, 0x42, 0x4B, 0x42, 0x4B, 0x42, 0x4B, 0x42, 0x4B,
  0x42, 0x4B, 0x42, 0x4B, 0x42, 0x4B, 0x42, 0x4B, 0x42, 0x4B, 0x42, 0x4B, 0x42, 0x4B, 0x42, 0x4B, 0x42, 0x4B, 0x42, 0x4B, 0x42, 0x4B, 0x42, 0x4B,
  0x42, 0x4B, 0x42, 0x4B, 0x42, 0x4B, 0x42, 0x4B, 0x08, 0x22, 0x08, 0x22, 0x08, 0x22, 0x2E, 0x7F, 0x00, 0x00, 0x00, 0x00, 0x00, 0x00, 0x00, 0x00,
  0x09, 0xE9, 0x1B, 0xD3, 0x1B, 0xD3, 0x1B, 0xD3, 0x2E, 0x7F, 0x08, 0x22, 0x08, 0x22, 0x08, 0x22, 0x42, 0x4B, 0x42, 0x4B, 0x42, 0x4B, 0x42, 0x4B,
  0x42, 0x4B, 0x42, 0x4B, 0x42, 0x4B, 0x42, 0x4B, 0x42, 0x4B, 0x42, 0x4B, 0x42, 0x4B, 0x42, 0x4B, 0x42, 0x4B, 0x42, 0x4B, 0x42, 0x4B, 0x42, 0x4B,
  0x42, 0x4B, 0x42, 0x4B, 0x42, 0x4B, 0x42, 0x4B, 0x42, 0x4B, 0x42, 0x4B, 0x42, 0x4B, 0x42, 0x4B, 0x42, 0x4B, 0x42, 0x4B, 0x42, 0x4B, 0x42, 0x4B,
  0x42, 0x4B, 0x42, 0x4B, 0x42, 0x4B, 0x42, 0x4B, 0x08, 0x22, 0x08, 0x22, 0x08, 0x22, 0x2E, 0x7F, 0x1B, 0xD3, 0x1B, 0xD3, 0x1B, 0xD3, 0x09, 0xE9,
  0x00, 0x00, 0x00, 0x00, 0x00, 0x00, 0x00, 0x00, 0x00, 0x00, 0x2E, 0x7F, 0x2E, 0x7F, 0x08, 0x22, 0x08, 0x22, 0x08, 0x22, 0x08, 0x22, 0x08, 0x22,
  0x08, 0x22, 0x08, 0x22, 0x08, 0x22, 0x08, 0x22, 0x08, 0x22, 0x08, 0x22, 0x08, 0x22, 0x08, 0x22, 0x08, 0x22, 0x08, 0x22, 0x08, 0x22, 0x08, 0x22,
  0x08, 0x22, 0x08, 0x22, 0x08, 0x22, 0x08, 0x22, 0x08, 0x22, 0x08, 0x22, 0x08, 0x22, 0x08, 0x22, 0x08, 0x22, 0x08, 0x22, 0x08, 0x22, 0x08, 0x22,
  0x08, 0x22, 0x08, 0x22, 0x08, 0x22, 0x08, 0x22, 0x08, 0x22, 0x2E, 0x7F, 0x2E, 0x7F, 0x00, 0x00, 0x00, 0x00, 0x00, 0x00, 0x00, 0x00, 0x00, 0x00,
  0x00, 0x00, 0x00, 0x00, 0x00, 0x00, 0x00, 0x00, 0x00, 0x00, 0x2E, 0x7F, 0x2E, 0x7F, 0x08, 0x22, 0x08, 0x22, 0x08, 0x22, 0x08, 0x22, 0x08, 0x22,
  0x08, 0x22, 0x08, 0x22, 0x08, 0x22, 0x08, 0x22, 0x08, 0x22, 0x08, 0x22, 0x08, 0x22, 0x08, 0x22, 0x08, 0x22, 0x08, 0x22, 0x08, 0x22, 0x08, 0x22,
  0x08, 0x22, 0x08, 0x22, 0x08, 0x22, 0x08, 0x22, 0x08, 0x22, 0x08, 0x22, 0x08, 0x22, 0x08, 0x22, 0x08, 0x22, 0x08, 0x22, 0x08, 0x22, 0x08, 0x22,
  0x08, 0x22, 0x08, 0x22, 0x08, 0x22, 0x08, 0x22, 0x08, 0x22, 0x2E, 0x7F, 0x2E, 0x7F, 0x00, 0x00, 0x00, 0x00, 0x00, 0x00, 0x00, 0x00, 0x00, 0x00,
  0x00, 0x00, 0x09, 0xE9, 0x1B, 0xD3, 0x1B, 0xD3, 0x1B, 0xD3, 0x2E, 0x7F, 0x2E, 0x7F, 0x08, 0x22, 0x08, 0x22, 0x08, 0x22, 0x08, 0x22, 0x08, 0x22,
  0x08, 0x22, 0x08, 0x22, 0x08, 0x22, 0x08, 0x22, 0x08, 0x22, 0x08, 0x22, 0x08, 0x22, 0x08, 0x22, 0x08, 0x22, 0x08, 0x22, 0x08, 0x22, 0x08, 0x22,
  0x08, 0x22, 0x08, 0x22, 0x08, 0x22, 0x08, 0x22, 0x08, 0x22, 0x08, 0x22, 0x08, 0x22, 0x08, 0x22, 0x08, 0x22, 0x08, 0x22, 0x08, 0x22, 0x08, 0x22,
  0x08, 0x22, 0x08, 0x22, 0x08, 0x22, 0x08, 0x22, 0x08, 0x22, 0x2E, 0x7F, 0x2E, 0x7F, 0x1B, 0xD3, 0x1B, 0xD3, 0x1B, 0xD3, 0x09, 0xE9, 0x00, 0x00,
  0x00, 0x00, 0x00, 0x00, 0x00, 0x00, 0x00, 0x00, 0x00, 0x00, 0x00, 0x00, 0x2E, 0x7F, 0x2E, 0x7F, 0x2E, 0x7F, 0x2E, 0x7F, 0x2E, 0x7F, 0x2E, 0x7F,
  0x2E, 0x7F, 0x2E, 0x7F, 0x2E, 0x7F, 0x2E, 0x7F, 0x2E, 0x7F, 0x2E, 0x7F, 0x2E, 0x7F, 0x2E, 0x7F, 0x2E, 0x7F, 0x2E, 0x7F, 0x2E, 0x7F, 0x2E, 0x7F,
  0x2E, 0x7F, 0x2E, 0x7F, 0x2E, 0x7F, 0x2E, 0x7F, 0x2E, 0x7F, 0x2E, 0x7F, 0x2E, 0x7F, 0x2E, 0x7F, 0x2E, 0x7F, 0x2E, 0x7F, 0x2E, 0x7F, 0x2E, 0x7F,
  0x2E, 0x7F, 0x2E, 0x7F, 0x2E, 0x7F, 0x2E, 0x7F, 0x2E, 0x7F, 0x2E, 0x7F, 0x00, 0x00, 0x00, 0x00, 0x00, 0x00, 0x00, 0x00, 0x00, 0x00, 0x00, 0x00,
  0x00, 0x00, 0x00, 0x00, 0x00, 0x00, 0x00, 0x00, 0x00, 0x00, 0x00, 0x00, 0x2E, 0x7F, 0x2E, 0x7F, 0x2E, 0x7F, 0x2E, 0x7F, 0x2E, 0x7F, 0x2E, 0x7F,
  0x2E, 0x7F, 0x2E, 0x7F, 0x2E, 0x7F, 0x2E, 0x7F, 0x2E, 0x7F, 0x2E, 0x7F, 0x2E, 0x7F, 0x2E, 0x7F, 0x2E, 0x7F, 0x2E, 0x7F, 0x2E, 0x7F, 0x2E, 0x7F,
  0x2E, 0x7F, 0x2E, 0x7F, 0x2E, 0x7F, 0x2E, 0x7F, 0x2E, 0x7F, 0x2E, 0x7F, 0x2E, 0x7F, 0x2E, 0x7F, 0x2E, 0x7F, 0x2E, 0x7F, 0x2E, 0x7F, 0x2E, 0x7F,
  0x2E, 0x7F, 0x2E, 0x7F, 0x2E, 0x7F, 0x2E, 0x7F, 0x2E, 0x7F, 0x2E, 0x7F, 0x00, 0x00, 0x00, 0x00, 0x00, 0x00, 0x00, 0x00, 0x00, 0x00, 0x00, 0x00,
  0x00, 0x00, 0x09, 0xE9, 0x09, 0xE9, 0x1B, 0xD3, 0x1B, 0xD3, 0x1B, 0xD3, 0x2E, 0x7F, 0x2E, 0x7F, 0x2E, 0x7F, 0x2E, 0x7F, 0x2E, 0x7F, 0x2E, 0x7F,
  0x2E, 0x7F, 0x2E, 0x7F, 0x2E, 0x7F, 0x2E, 0x7F, 0x2E, 0x7F, 0x2E, 0x7F, 0x2E, 0x7F, 0x2E, 0x7F, 0x2E, 0x7F, 0x2E, 0x7F, 0x2E, 0x7F, 0x2E, 0x7F,
  0x2E, 0x7F, 0x2E, 0x7F, 0x2E, 0x7F, 0x2E, 0x7F, 0x2E, 0x7F, 0x2E, 0x7F, 0x2E, 0x7F, 0x2E, 0x7F, 0x2E, 0x7F, 0x2E, 0x7F, 0x2E, 0x7F, 0x2E, 0x7F,
  0x2E, 0x7F, 0x2E, 0x7F, 0x2E, 0x7F, 0x2E, 0x7F, 0x2E, 0x7F, 0x2E, 0x7F, 0x1B, 0xD3, 0x1B, 0xD3, 0x1B, 0xD3, 0x09, 0xE9, 0x09, 0xE9, 0x00, 0x00,
  0x00, 0x00, 0x00, 0x00, 0x00, 0x00, 0x00, 0x00, 0x00, 0x00, 0x00, 0x00, 0x00, 0x00, 0x00, 0x00, 0x00, 0x00, 0x00, 0x00, 0x00, 0x00, 0x00, 0x00,
  0x00, 0x00, 0x00, 0x00, 0x00, 0x00, 0x00, 0x00, 0x00, 0x00, 0x00, 0x00, 0x00, 0x00, 0x00, 0x00, 0x00, 0x00, 0x00, 0x00, 0x00, 0x00, 0x00, 0x00,
  0x00, 0x00, 0x00, 0x00, 0x00, 0x00, 0x00, 0x00, 0x00, 0x00, 0x00, 0x00, 0x00, 0x00, 0x00, 0x00, 0x00, 0x00, 0x00, 0x00, 0x00, 0x00, 0x00, 0x00,
  0x00, 0x00, 0x00, 0x00, 0x00, 0x00, 0x00, 0x00, 0x00, 0x00, 0x00, 0x00, 0x00, 0x00, 0x00, 0x00, 0x00, 0x00, 0x00, 0x00, 0x00, 0x00, 0x00, 0x00,
  0x00, 0x00, 0x00, 0x00, 0x00, 0x00, 0x00, 0x00, 0x00, 0x00, 0x00, 0x00, 0x00, 0x00, 0x00, 0x00, 0x00, 0x00, 0x00, 0x00, 0x00, 0x00, 0x00, 0x00,
  0x00, 0x00, 0x00, 0x00, 0x00, 0x00, 0x00, 0x00, 0x00, 0x00, 0x00, 0x00, 0x00, 0x00, 0x00, 0x00, 0x00, 0x00, 0x00, 0x00, 0x00, 0x00, 0x00, 0x00,
  0x00, 0x00, 0x00, 0x00, 0x00, 0x00, 0x00, 0x00, 0x00, 0x00, 0x00, 0x00, 0x00, 0x00, 0x00, 0x00, 0x00, 0x00, 0x00, 0x00, 0x00, 0x00, 0x00, 0x00,
  0x00, 0x00, 0x00, 0x00, 0x00, 0x00, 0x00, 0x00, 0x00, 0x00, 0x00, 0x00, 0x00, 0x00, 0x00, 0x00, 0x00, 0x00, 0x00, 0x00, 0x00, 0x00, 0x00, 0x00,
  0x00, 0x00, 0x00, 0x00, 0x09, 0xE9, 0x09, 0xE9, 0x1B, 0xD3, 0x1B, 0xD3, 0x1B, 0xD3, 0x1B, 0xD3, 0x1B, 0xD3, 0x1B, 0xD3, 0x1B, 0xD3, 0x1B, 0xD3,
  0x1B, 0xD3, 0x1B, 0xD3, 0x1B, 0xD3, 0x1B, 0xD3, 0x1B, 0xD3, 0x1B, 0xD3, 0x1B, 0xD3, 0x1B, 0xD3, 0x1B, 0xD3, 0x1B, 0xD3, 0x1B, 0xD3, 0x1B, 0xD3,
  0x1B, 0xD3, 0x1B, 0xD3, 0x1B, 0xD3, 0x1B, 0xD3, 0x1B, 0xD3, 0x1B, 0xD3, 0x1B, 0xD3, 0x1B, 0xD3, 0x1B, 0xD3, 0x1B, 0xD3, 0x1B, 0xD3, 0x1B, 0xD3,
  0x1B, 0xD3, 0x1B, 0xD3, 0x1B, 0xD3, 0x1B, 0xD3, 0x1B, 0xD3, 0x1B, 0xD3, 0x1B, 0xD3, 0x1B, 0xD3, 0x09, 0xE9, 0x09, 0xE9, 0x00, 0x00, 0x00, 0x00,
  0x00, 0x00, 0x00, 0x00, 0x00, 0x00, 0x00, 0x00, 0x00, 0x00, 0x00, 0x00, 0x00, 0x00, 0x00, 0x00, 0x00, 0x00, 0x00, 0x00, 0x00, 0x00, 0x00, 0x00,
  0x00, 0x00, 0x00, 0x00, 0x00, 0x00, 0x00, 0x00, 0x00, 0x00, 0x00, 0x00, 0x00, 0x00, 0x00, 0x00, 0x00, 0x00, 0x00, 0x00, 0x00, 0x00, 0x00, 0x00,
  0x00, 0x00, 0x00, 0x00, 0x00, 0x00, 0x00, 0x00, 0x00, 0x00, 0x00, 0x00, 0x00, 0x00, 0x00, 0x00, 0x00, 0x00, 0x00, 0x00, 0x00, 0x00, 0x00, 0x00,
  0x00, 0x00, 0x00, 0x00, 0x00, 0x00, 0x00, 0x00, 0x00, 0x00, 0x00, 0x00, 0x00, 0x00, 0x00, 0x00, 0x00, 0x00, 0x00, 0x00, 0x00, 0x00, 0x00, 0x00,
  0x00, 0x00, 0x00, 0x00, 0x00, 0x00, 0x00, 0x00, 0x00, 0x00, 0x00, 0x00, 0x00, 0x00, 0x00, 0x00, 0x00, 0x00, 0x00, 0x00, 0x00, 0x00, 0x00, 0x00,
  0x00, 0x00, 0x00, 0x00, 0x00, 0x00, 0x00, 0x00, 0x00, 0x00, 0x00, 0x00, 0x00, 0x00, 0x00, 0x00, 0x00, 0x00, 0x00, 0x00, 0x00, 0x00, 0x00, 0x00,
  0x00, 0x00, 0x00, 0x00, 0x00, 0x00, 0x00, 0x00, 0x00, 0x00, 0x00, 0x00, 0x00, 0x00, 0x00, 0x00, 0x00, 0x00, 0x00, 0x00, 0x00, 0x00, 0x00, 0x00,
  0x00, 0x00, 0x00, 0x00, 0x00, 0x00, 0x00, 0x00, 0x00, 0x00, 0x00, 0x00, 0x00, 0x00, 0x00, 0x00, 0x00, 0x00, 0x00, 0x00, 0x00, 0x00, 0x00, 0x00,
  0x00, 0x00, 0x00, 0x00, 0x00, 0x00, 0x09, 0xE9, 0x09, 0xE9, 0x1B, 0xD3, 0x1B, 0xD3, 0x1B, 0xD3, 0x1B, 0xD3, 0x1B, 0xD3, 0x1B, 0xD3, 0x1B, 0xD3,
  0x1B, 0xD3, 0x1B, 0xD3, 0x1B, 0xD3, 0x1B, 0xD3, 0x1B, 0xD3, 0x1B, 0xD3, 0x1B, 0xD3, 0x1B, 0xD3, 0x1B, 0xD3, 0x1B, 0xD3, 0x1B, 0xD3, 0x1B, 0xD3,
  0x1B, 0xD3, 0x1B, 0xD3, 0x1B, 0xD3, 0x1B, 0xD3, 0x1B, 0xD3, 0x1B, 0xD3, 0x1B, 0xD3, 0x1B, 0xD3, 0x1B, 0xD3, 0x1B, 0xD3, 0x1B, 0xD3, 0x1B, 0xD3,
  0x1B, 0xD3, 0x1B, 0xD3, 0x1B, 0xD3, 0x1B, 0xD3, 0x1B, 0xD3, 0x1B, 0xD3, 0x1B, 0xD3, 0x09, 0xE9, 0x09, 0xE9, 0x00, 0x00, 0x00, 0x00, 0x00, 0x00,
  0x00, 0x00, 0x00, 0x00, 0x00, 0x00, 0x00, 0x00, 0x00, 0x00, 0x00, 0x00, 0x00, 0x00, 0x00, 0x00, 0x00, 0x00, 0x00, 0x00, 0x00, 0x00, 0x00, 0x00,
  0x00, 0x00, 0x00, 0x00, 0x00, 0x00, 0x00, 0x00, 0x00, 0x00, 0x00, 0x00, 0x00, 0x00, 0x00, 0x00, 0x00, 0x00, 0x00, 0x00, 0x00, 0x00, 0x00, 0x00,
  0x00, 0x00, 0x00, 0x00, 0x00, 0x00, 0x00, 0x00, 0x00, 0x00, 0x00, 0x00, 0x00, 0x00, 0x00, 0x00, 0x00, 0x00, 0x00, 0x00, 0x00, 0x00, 0x00, 0x00,
  0x00, 0x00, 0x00, 0x00, 0x00, 0x00, 0x00, 0x00, 0x00, 0x00, 0x00, 0x00, 0x00, 0x00, 0x00, 0x00, 0x00, 0x00, 0x00, 0x00, 0x00, 0x00, 0x00, 0x00,
  0x00, 0x00, 0x00, 0x00, 0x00, 0x00, 0x00, 0x00, 0x00, 0x00, 0x00, 0x00, 0x00, 0x00, 0x00, 0x00, 0x00, 0x00, 0x00, 0x00, 0x00, 0x00, 0x00, 0x00,
  0x00, 0x00, 0x00, 0x00, 0x00, 0x00, 0x00, 0x00, 0x00, 0x00, 0x00, 0x00, 0x00, 0x00, 0x00, 0x00, 0x00, 0x00, 0x00, 0x00, 0x00, 0x00, 0x00, 0x00,
  0x00, 0x00, 0x00, 0x00, 0x00, 0x00, 0x00, 0x00, 0x00, 0x00, 0x00, 0x00, 0x00, 0x00, 0x00, 0x00, 0x00, 0x00, 0x00, 0x00, 0x00, 0x00, 0x00, 0x00,
  0x00, 0x00, 0x00, 0x00, 0x00, 0x00, 0x00, 0x00, 0x00, 0x00, 0x00, 0x00, 0x00, 0x00, 0x00, 0x00, 0x00, 0x00, 0x00, 0x00, 0x00, 0x00, 0x00, 0x00,
  0x00, 0x00, 0x00, 0x00, 0x00, 0x00, 0x00, 0x00, 0x00, 0x00, 0x09, 0xE9, 0x09, 0xE9, 0x09, 0xE9, 0x09, 0xE9, 0x09, 0xE9, 0x09, 0xE9, 0x09, 0xE9,
  0x09, 0xE9, 0x09, 0xE9, 0x09, 0xE9, 0x09, 0xE9, 0x09, 0xE9, 0x09, 0xE9, 0x09, 0xE9, 0x09, 0xE9, 0x09, 0xE9, 0x09, 0xE9, 0x09, 0xE9, 0x09, 0xE9,
  0x09, 0xE9, 0x09, 0xE9, 0x09, 0xE9, 0x09, 0xE9, 0x09, 0xE9, 0x09, 0xE9, 0x09, 0xE9, 0x09, 0xE9, 0x09, 0xE9, 0x09, 0xE9, 0x09, 0xE9, 0x09, 0xE9,
  0x09, 0xE9, 0x09, 0xE9, 0x09, 0xE9, 0x09, 0xE9, 0x09, 0xE9, 0x09, 0xE9, 0x09, 0xE9, 0x00, 0x00, 0x00, 0x00, 0x00, 0x00, 0x00, 0x00, 0x00, 0x00,
};

/* Nota green: 48x48 */
uint8_t note_green[4608] = {
  0x00, 0x00, 0x00, 0x00, 0x00, 0x00, 0x00, 0x00, 0x00, 0x00, 0x00, 0x00, 0x00, 0x00, 0x00, 0x00, 0x00, 0x00, 0x00, 0x00, 0x00, 0x00, 0x00, 0x00,
  0x00, 0x00, 0x00, 0x00, 0x00, 0x00, 0x00, 0x00, 0x00, 0x00, 0x00, 0x00, 0x00, 0x00, 0x00, 0x00, 0x00, 0x00, 0x00, 0x00, 0x00, 0x00, 0x00, 0x00,
  0x00, 0x00, 0x00, 0x00, 0x00, 0x00, 0x00, 0x00, 0x00, 0x00, 0x00, 0x00, 0x00, 0x00, 0x00, 0x00, 0x00, 0x00, 0x00, 0x00, 0x00, 0x00, 0x00, 0x00,
  0x00, 0x00, 0x00, 0x00, 0x00, 0x00, 0x00, 0x00, 0x00, 0x00, 0x00, 0x00, 0x00, 0x00, 0x00, 0x00, 0x00, 0x00, 0x00, 0x00, 0x00, 0x00, 0x00, 0x00,
  0x00, 0x00, 0x00, 0x00, 0x00, 0x00, 0x00, 0x00, 0x00, 0x00, 0x00, 0x00, 0x00, 0x00, 0x00, 0x00, 0x00, 0x00, 0x00, 0x00, 0x00, 0x00, 0x00, 0x00,
  0x00, 0x00, 0x00, 0x00, 0x00, 0x00, 0x00, 0x00, 0x00, 0x00, 0x00, 0x00, 0x00, 0x00, 0x00, 0x00, 0x00, 0x00, 0x00, 0x00, 0x00, 0x00, 0x00, 0x00,
  0x00, 0x00, 0x00, 0x00, 0x00, 0x00, 0x00, 0x00, 0x00, 0x00, 0x00, 0x00, 0x00, 0x00, 0x00, 0x00, 0x00, 0x00, 0x00, 0x00, 0x00, 0x00, 0x00, 0x00,
  0x00, 0x00, 0x00, 0x00, 0x00, 0x00, 0x00, 0x00, 0x00, 0x00, 0x00, 0x00, 0x00, 0x00, 0x00, 0x00, 0x00, 0x00, 0x00, 0x00, 0x00, 0x00, 0x00, 0x00,
  0x00, 0x00, 0x00, 0x00, 0x00, 0x00, 0x00, 0x00, 0x00, 0x00, 0x00, 0x00, 0x00, 0x00, 0x00, 0x00, 0x00, 0x00, 0x00, 0x00, 0x00, 0x00, 0x00, 0x00,
  0x00, 0x00, 0x00, 0x00, 0x00, 0x00, 0x00, 0x00, 0x00, 0x00, 0x00, 0x00, 0x00, 0x00, 0x00, 0x00, 0x00, 0x00, 0x00, 0x00, 0x00, 0x00, 0x00, 0x00,
  0x00, 0x00, 0x00, 0x00, 0x00, 0x00, 0x00, 0x00, 0x00, 0x00, 0x00, 0x00, 0x00, 0x00, 0x00, 0x00, 0x00, 0x00, 0x00, 0x00, 0x00, 0x00, 0x00, 0x00,
  0x00, 0x00, 0x00, 0x00, 0x00, 0x00, 0x00, 0x00, 0x00, 0x00, 0x00, 0x00, 0x00, 0x00, 0x00, 0x00, 0x00, 0x00, 0x00, 0x00, 0x00, 0x00, 0x00, 0x00,
  0x00, 0x00, 0x00, 0x00, 0x00, 0x00, 0x00, 0x00, 0x00, 0x00, 0x00, 0x00, 0x07, 0xF0, 0x07, 0xF0, 0x07, 0xF0, 0x07, 0xF0, 0x07, 0xF0, 0x07, 0xF0,
  0x07, 0xF0, 0x07, 0xF0, 0x07, 0xF0, 0x07, 0xF0, 0x07, 0xF0, 0x07, 0xF0, 0x07, 0xF0, 0x07, 0xF0, 0x07, 0xF0, 0x07, 0xF0, 0x07, 0xF0, 0x07, 0xF0,
  0x07, 0xF0, 0x07, 0xF0, 0x07, 0xF0, 0x07, 0xF0, 0x07, 0xF0, 0x07, 0xF0, 0x07, 0xF0, 0x07, 0xF0, 0x07, 0xF0, 0x07, 0xF0, 0x07, 0xF0, 0x07, 0xF0,
  0x07, 0xF0, 0x07, 0xF0, 0x07, 0xF0, 0x07, 0xF0, 0x07, 0xF0, 0x07, 0xF0, 0x00, 0x00, 0x00, 0x00, 0x00, 0x00, 0x00, 0x00, 0x00, 0x00, 0x00, 0x00,
  0x00, 0x00, 0x00, 0x00, 0x00, 0x00, 0x00, 0x00, 0x00, 0x00, 0x07, 0xF0, 0x07, 0xF0, 0x08, 0x22, 0x08, 0x22, 0x08, 0x22, 0x08, 0x22, 0x08, 0x22,
  0x08, 0x22, 0x08, 0x22, 0x08, 0x22, 0x08, 0x22, 0x08, 0x22, 0x08, 0x22, 0x08, 0x22, 0x08, 0x22, 0x08, 0x22, 0x08, 0x22, 0x08, 0x22, 0x08, 0x22,
  0x08, 0x22, 0x08, 0x22, 0x08, 0x22, 0x08, 0x22, 0x08, 0x22, 0x08, 0x22, 0x08, 0x22, 0x08, 0x22, 0x08, 0x22, 0x08, 0x22, 0x08, 0x22, 0x08, 0x22,
  0x08, 0x22, 0x08, 0x22, 0x08, 0x22, 0x08, 0x22, 0x08, 0x22, 0x07, 0xF0, 0x07, 0xF0, 0x00, 0x00, 0x00, 0x00, 0x00, 0x00, 0x00, 0x00, 0x00, 0x00,
  0x00, 0x00, 0x00, 0x00, 0x00, 0x00, 0x00, 0x00, 0x07, 0xF0, 0x08, 0x22, 0x08, 0x22, 0x08, 0x22, 0xEF, 0x7E, 0xEF, 0x7E, 0xEF, 0x7E, 0xEF, 0x7E,
  0xEF, 0x7E, 0xEF, 0x7E, 0xEF, 0x7E, 0xEF, 0x7E, 0xEF, 0x7E, 0xEF, 0x7E, 0xEF, 0x7E, 0xEF, 0x7E, 0xEF, 0x7E, 0xEF, 0x7E, 0xEF, 0x7E, 0xEF, 0x7E,
  0xEF, 0x7E, 0xEF, 0x7E, 0xEF, 0x7E, 0xEF, 0x7E, 0xEF, 0x7E, 0xEF, 0x7E, 0xEF, 0x7E, 0xEF, 0x7E, 0xEF, 0x7E, 0xEF, 0x7E, 0xEF, 0x7E, 0xEF, 0x7E,
  0xEF, 0x7E, 0xEF, 0x7E, 0xEF, 0x7E, 0xEF, 0x7E, 0x08, 0x22, 0x08, 0x22, 0x08, 0x22, 0x07, 0xF0, 0x00, 0x00, 0x00, 0x00, 0x00, 0x00, 0x00, 0x00,
  0x00, 0x00, 0x00, 0x00, 0x00, 0x00, 0x07, 0xF0, 0x07, 0xF0, 0x08, 0x22, 0xE7, 0x5E, 0xE7, 0x5E, 0xE7, 0x5E, 0xE7, 0x5E, 0xE7, 0x5E, 0xE7, 0x5E,
  0xE7, 0x5E, 0xE7, 0x5E, 0xE7, 0x5E, 0xE7, 0x5E, 0xE7, 0x5E, 0xE7, 0x5E, 0xE7, 0x5E, 0xE7, 0x5E, 0xE7, 0x5E, 0xE7, 0x5E, 0xE7, 0x5E, 0xE7, 0x5E,
  0xE7, 0x5E, 0xE7, 0x5E, 0xE7, 0x5E, 0xE7, 0x5E, 0xE7, 0x5E, 0xE7, 0x5E, 0xE7, 0x5E, 0xE7, 0x5E, 0xE7, 0x5E, 0xE7, 0x5E, 0xE7, 0x5E, 0xE7, 0x5E,
  0xE7, 0x5E, 0xE7, 0x5E, 0xE7, 0x5E, 0xE7, 0x5E, 0xE7, 0x5E, 0xE7, 0x5E, 0x08, 0x22, 0x07, 0xF0, 0x07, 0xF0, 0x00, 0x00, 0x00, 0x00, 0x00, 0x00,
  0x00, 0x00, 0x00, 0x00, 0x00, 0x00, 0x07, 0xF0, 0x08, 0x22, 0x08, 0x22, 0xE7, 0x3D, 0xC6, 0x39, 0xC6, 0x39, 0x7E, 0xD5, 0x7E, 0xD5, 0x7E, 0xD5,
  0x7E, 0xD5, 0x7E, 0xD5, 0x7E, 0xD5, 0x7E, 0xD5, 0x7E, 0xD5, 0x7E, 0xD5, 0x7E, 0xD5, 0x7E, 0xD5, 0x7E, 0xD5, 0x7E, 0xD5, 0x7E, 0xD5, 0x7E, 0xD5,
  0x7E, 0xD5, 0x7E, 0xD5, 0x7E, 0xD5, 0x7E, 0xD5, 0x7E, 0xD5, 0x7E, 0xD5, 0x7E, 0xD5, 0x7E, 0xD5, 0x7E, 0xD5, 0x7E, 0xD5, 0x7E, 0xD5, 0x7E, 0xD5,
  0x7E, 0xD5, 0x7E, 0xD5, 0x7E, 0xD5, 0xC6, 0x39, 0xC6, 0x39, 0xE7, 0x3D, 0x08, 0x22, 0x08, 0x22, 0x07, 0xF0, 0x00, 0x00, 0x00, 0x00, 0x00, 0x00,
  0x00, 0x00, 0x00, 0x00, 0x00, 0x00, 0x07, 0xF0, 0x08, 0x22, 0xDE, 0xFC, 0xDE, 0xFC, 0xDE, 0xFC, 0x87, 0xF8, 0xBF, 0xFB, 0xBF, 0xFB, 0xBF, 0xFB,
  0xBF, 0xFB, 0xBF, 0xFB, 0xBF, 0xFB, 0xBF, 0xFB, 0xBF, 0xFB, 0xBF, 0xFB, 0xBF, 0xFB, 0xBF, 0xFB, 0xBF, 0xFB, 0xBF, 0xFB, 0xBF, 0xFB, 0xBF, 0xFB,
  0xBF, 0xFB, 0xBF, 0xFB, 0xBF, 0xFB, 0xBF, 0xFB, 0xBF, 0xFB, 0xBF, 0xFB, 0xBF, 0xFB, 0xBF, 0xFB, 0xBF, 0xFB, 0xBF, 0xFB, 0xBF, 0xFB, 0xBF, 0xFB,
  0xBF, 0xFB, 0xBF, 0xFB, 0xBF, 0xFB, 0x87, 0xF8, 0xDE, 0xFC, 0xDE, 0xFC, 0xDE, 0xFC, 0x08, 0x22, 0x07, 0xF0, 0x00, 0x00, 0x00, 0x00, 0x00, 0x00,
  0x00, 0x00, 0x00, 0x00, 0x00, 0x00, 0x07, 0xF0, 0x08, 0x22, 0xD6, 0xDC, 0xD6, 0xDC, 0x7F, 0xF7, 0xB7, 0xFB, 0xB7, 0xFB, 0xB7, 0xFB, 0xB7, 0xFB,
  0xB7, 0xFB, 0xB7, 0xFB, 0xB7, 0xFB, 0xB7, 0xFB, 0xB7, 0xFB, 0xB7, 0xFB, 0xB7, 0xFB, 0xB7, 0xFB, 0xB7, 0xFB, 0xB7, 0xFB, 0xB7, 0xFB, 0xB7, 0xFB,
  0xB7, 0xFB, 0xB7, 0xFB, 0xB7, 0xFB, 0xB7, 0xFB, 0xB7, 0xFB, 0xB7, 0xFB, 0xB7, 0xFB, 0xB7, 0xFB, 0xB7, 0xFB, 0xB7, 0xFB, 0xB7, 0xFB, 0xB7, 0xFB,
  0xB7, 0xFB, 0xB7, 0xFB, 0xB7, 0xFB, 0xB7, 0xFB, 0x7F, 0xF7, 0xD6, 0xDC, 0xD6, 0xDC, 0x08, 0x22, 0x07, 0xF0, 0x00, 0x00, 0x00, 0x00, 0x00, 0x00,
  0x00, 0x00, 0x00, 0x00, 0x00, 0x00, 0x07, 0xF0, 0x08, 0x22, 0xD6, 0xBB, 0xD6, 0xBB, 0x66, 0xD3, 0x9F, 0x58, 0x9F, 0x58, 0x9F, 0x58, 0x9F, 0x58,
  0x9F, 0x58, 0x9F, 0x58, 0x9F, 0x58, 0x9F, 0x58, 0x9F, 0x58, 0x9F, 0x58, 0x9F, 0x58, 0x9F, 0x58, 0x9F, 0x58, 0x9F, 0x58, 0x9F, 0x58, 0x9F, 0x58,
  0x9F, 0x58, 0x9F, 0x58, 0x9F, 0x58, 0x9F, 0x58, 0x9F, 0x58, 0x9F, 0x58, 0x9F, 0x58, 0x9F, 0x58, 0x9F, 0x58, 0x9F, 0x58, 0x9F, 0x58, 0x9F, 0x58,
  0x9F, 0x58, 0x9F, 0x58, 0x9F, 0x58, 0x9F, 0x58, 0x66, 0xD3, 0xD6, 0xBB, 0xD6, 0xBB, 0x08, 0x22, 0x07, 0xF0, 0x00, 0x00, 0x00, 0x00, 0x00, 0x00,
  0x00, 0x00, 0x00, 0x00, 0x00, 0x00, 0x07, 0xF0, 0x08, 0x22, 0xCE, 0x9B, 0xCE, 0x9B, 0x6F, 0xF6, 0x9F, 0xF9, 0x9F, 0xF9, 0x9F, 0xF9, 0x9F, 0xF9,
  0x9F, 0xF9, 0x9F, 0xF9, 0x9F, 0xF9, 0x9F, 0xF9, 0x9F, 0xF9, 0x9F, 0xF9, 0x9F, 0xF9, 0x9F, 0xF9, 0x9F, 0xF9, 0x9F, 0xF9, 0x9F, 0xF9, 0x9F, 0xF9,
  0x9F, 0xF9, 0x9F, 0xF9, 0x9F, 0xF9, 0x9F, 0xF9, 0x9F, 0xF9, 0x9F, 0xF9, 0x9F, 0xF9, 0x9F, 0xF9, 0x9F, 0xF9, 0x9F, 0xF9, 0x9F, 0xF9, 0x9F, 0xF9,
  0x9F, 0xF9, 0x9F, 0xF9, 0x9F, 0xF9, 0x9F, 0xF9, 0x6F, 0xF6, 0xCE, 0x9B, 0xCE, 0x9B, 0x08, 0x22, 0x07, 0xF0, 0x00, 0x00, 0x00, 0x00, 0x00, 0x00,
  0x00, 0x00, 0x00, 0x00, 0x00, 0x00, 0x07, 0xF0, 0x08, 0x22, 0xC6, 0x5A, 0xC6, 0x5A, 0x67, 0xF6, 0x97, 0xF9, 0x97, 0xF9, 0x97, 0xF9, 0x97, 0xF9,
  0x97, 0xF9, 0x97, 0xF9, 0x97, 0xF9, 0x97, 0xF9, 0x97, 0xF9, 0x97, 0xF9, 0x97, 0xF9, 0x97, 0xF9, 0x97, 0xF9, 0x97, 0xF9, 0x97, 0xF9, 0x97, 0xF9,
  0x97, 0xF9, 0x97, 0xF9, 0x97, 0xF9, 0x97, 0xF9, 0x97, 0xF9, 0x97, 0xF9, 0x97, 0xF9, 0x97, 0xF9, 0x97, 0xF9, 0x97, 0xF9, 0x97, 0xF9, 0x97, 0xF9,
  0x97, 0xF9, 0x97, 0xF9, 0x97, 0xF9, 0x97, 0xF9, 0x67, 0xF6, 0xC6, 0x5A, 0xC6, 0x5A, 0x08, 0x22, 0x07, 0xF0, 0x00, 0x00, 0x00, 0x00, 0x00, 0x00,
  0x00, 0x00, 0x00, 0x00, 0x00, 0x00, 0x07, 0xF0, 0x08, 0x22, 0xC6, 0x3A, 0xC6, 0x3A, 0x4E, 0xD2, 0x7F, 0x36, 0x7F, 0x36, 0x7F, 0x36, 0x7F, 0x36,
  0x7F, 0x36, 0x7F, 0x36, 0x7F, 0x36, 0x7F, 0x36, 0x7F, 0x36, 0x7F, 0x36, 0x7F, 0x36, 0x7F, 0x36, 0x7F, 0x36, 0x7F, 0x36, 0x7F, 0x36, 0x7F, 0x36,
  0x7F, 0x36, 0x7F, 0x36, 0x7F, 0x36, 0x7F, 0x36, 0x7F, 0x36, 0x7F, 0x36, 0x7F, 0x36, 0x7F, 0x36, 0x7F, 0x36, 0x7F, 0x36, 0x7F, 0x36, 0x7F, 0x36,
  0x7F, 0x36, 0x7F, 0x36, 0x7F, 0x36, 0x7F, 0x36, 0x4E, 0xD2, 0xC6, 0x3A, 0xC6, 0x3A, 0x08, 0x22, 0x07, 0xF0, 0x00, 0x00, 0x00, 0x00, 0x00, 0x00,
  0x00, 0x00, 0x00, 0x00, 0x00, 0x00, 0x07, 0xF0, 0x08, 0x22, 0xBE, 0x19, 0xBE, 0x19, 0x4F, 0xF5, 0x77, 0xF7, 0x77, 0xF7, 0x77, 0xF7, 0x77, 0xF7,
  0x77, 0xF7, 0x77, 0xF7, 0x77, 0xF7, 0x08, 0x22, 0x08, 0x22, 0x08, 0x22, 0x08, 0x22, 0x08, 0x22, 0x08, 0x22, 0x08, 0x22, 0x08, 0x22, 0x08, 0x22,
  0x08, 0x22, 0x08, 0x22, 0x08, 0x22, 0x08, 0x22, 0x08, 0x22, 0x08, 0x22, 0x08, 0x22, 0x08, 0x22, 0x08, 0x22, 0x77, 0xF7, 0x77, 0xF7, 0x77, 0xF7,
  0x77, 0xF7, 0x77, 0xF7, 0x77, 0xF7, 0x77, 0xF7, 0x4F, 0xF5, 0xBE, 0x19, 0xBE, 0x19, 0x08, 0x22, 0x07, 0xF0, 0x00, 0x00, 0x00, 0x00, 0x00, 0x00,
  0x00, 0x00, 0x00, 0x00, 0x00, 0x00, 0x07, 0xF0, 0x08, 0x22, 0xBD, 0xF9, 0xBD, 0xF9, 0x47, 0xF4, 0x6F, 0xF6, 0x6F, 0xF6, 0x6F, 0xF6, 0x6F, 0xF6,
  0x6F, 0xF6, 0x6F, 0xF6, 0x08, 0x22, 0x08, 0x22, 0xFF, 0xFF, 0xFF, 0xFF, 0xFF, 0xFF, 0xFF, 0xFF, 0xFF, 0xFF, 0xFF, 0xFF, 0xFF, 0xFF, 0xFF, 0xFF,
  0xFF, 0xFF, 0xFF, 0xFF, 0xFF, 0xFF, 0xFF, 0xFF, 0xFF, 0xFF, 0xFF, 0xFF, 0xFF, 0xFF, 0xFF, 0xFF, 0x08, 0x22, 0x08, 0x22, 0x6F, 0xF6, 0x6F, 0xF6,
  0x6F, 0xF6, 0x6F, 0xF6, 0x6F, 0xF6, 0x6F, 0xF6, 0x47, 0xF4, 0xBD, 0xF9, 0xBD, 0xF9, 0x08, 0x22, 0x07, 0xF0, 0x00, 0x00, 0x00, 0x00, 0x00, 0x00,
  0x00, 0x00, 0x00, 0x00, 0x00, 0x00, 0x07, 0xF0, 0x08, 0x22, 0xB5, 0xB8, 0xB5, 0xB8, 0x36, 0xD1, 0x57, 0x13, 0x57, 0x13, 0x57, 0x13, 0x57, 0x13,
  0x57, 0x13, 0x57, 0x13, 0x08, 0x22, 0xF7, 0xDF, 0xF7, 0xDF, 0xF7, 0xDF, 0xF7, 0xDF, 0xF7, 0xDF, 0xF7, 0xDF, 0xF7, 0xDF, 0xF7, 0xDF, 0xF7, 0xDF,
  0xF7, 0xDF, 0xF7, 0xDF, 0xF7, 0xDF, 0xF7, 0xDF, 0xF7, 0xDF, 0xF7, 0xDF, 0xF7, 0xDF, 0xF7, 0xDF, 0xF7, 0xDF, 0x08, 0x22, 0x57, 0x13, 0x57, 0x13,
  0x57, 0x13, 0x57, 0x13, 0x57, 0x13, 0x57, 0x13, 0x36, 0xD1, 0xB5, 0xB8, 0xB5, 0xB8, 0x08, 0x22, 0x07, 0xF0, 0x00, 0x00, 0x00, 0x00, 0x00, 0x00,
  0x00, 0x00, 0x00, 0x00, 0x00, 0x00, 0x07, 0xF0, 0x08, 0x22, 0xAD, 0x97, 0xAD, 0x97, 0x37, 0xF3, 0x4F, 0xF5, 0x4F, 0xF5, 0x4F, 0xF5, 0x4F, 0xF5,
  0x4F, 0xF5, 0x4F, 0xF5, 0x08, 0x22, 0xE7, 0x9F, 0xE7, 0x9F, 0xE7, 0x9F, 0xE7, 0x9F, 0xE7, 0x9F, 0xE7, 0x9F, 0xE7, 0x9F, 0xE7, 0x9F, 0xE7, 0x9F,
  0xE7, 0x9F, 0xE7, 0x9F, 0xE7, 0x9F, 0xE7, 0x9F, 0xE7, 0x9F, 0xE7, 0x9F, 0xE7, 0x9F, 0xE7, 0x9F, 0xE7, 0x9F, 0x08, 0x22, 0x4F, 0xF5, 0x4F, 0xF5,
  0x4F, 0xF5, 0x4F, 0xF5, 0x4F, 0xF5, 0x4F, 0xF5, 0x37, 0xF3, 0xAD, 0x97, 0xAD, 0x97, 0x08, 0x22, 0x07, 0xF0, 0x00, 0x00, 0x00, 0x00, 0x00, 0x00,
  0x00, 0x00, 0x00, 0x00, 0x00, 0x00, 0x07, 0xF0, 0x08, 0x22, 0xAD, 0x77, 0xAD, 0x77, 0x2F, 0xF3, 0x3F, 0xF4, 0x3F, 0xF4, 0x3F, 0xF4, 0x3F, 0xF4,
  0x3F, 0xF4, 0x3F, 0xF4, 0x08, 0x22, 0xDF, 0x5F, 0xDF, 0x5F, 0xDF, 0x5F, 0xDF, 0x5F, 0xDF, 0x5F, 0xDF, 0x5F, 0xDF, 0x5F, 0xDF, 0x5F, 0xDF, 0x5F,
  0xDF, 0x5F, 0xDF, 0x5F, 0xDF, 0x5F, 0xDF, 0x5F, 0xDF, 0x5F, 0xDF, 0x5F, 0xDF, 0x5F, 0xDF, 0x5F, 0xDF, 0x5F, 0x08, 0x22, 0x3F, 0xF4, 0x3F, 0xF4,
  0x3F, 0xF4, 0x3F, 0xF4, 0x3F, 0xF4, 0x3F, 0xF4, 0x2F, 0xF3, 0xAD, 0x77, 0xAD, 0x77, 0x08, 0x22, 0x07, 0xF0, 0x00, 0x00, 0x00, 0x00, 0x00, 0x00,
  0x00, 0x00, 0x00, 0x00, 0x00, 0x00, 0x07, 0xF0, 0x08, 0x22, 0xA5, 0x56, 0xA5, 0x56, 0x1E, 0xCF, 0x1E, 0xCF, 0x2E, 0xF0, 0x2E, 0xF0, 0x2E, 0xF0,
  0x2E, 0xF0, 0x2E, 0xF0, 0x08, 0x22, 0xCF, 0x1F, 0xCF, 0x1F, 0xCF, 0x1F, 0xCF, 0x1F, 0xCF, 0x1F, 0xCF, 0x1F, 0xCF, 0x1F, 0xCF, 0x1F, 0xCF, 0x1F,
  0xCF, 0x1F, 0xCF, 0x1F, 0xCF, 0x1F, 0xCF, 0x1F, 0xCF, 0x1F, 0xCF, 0x1F, 0xCF, 0x1F, 0xCF, 0x1F, 0xCF, 0x1F, 0x08, 0x22, 0x2E, 0xF0, 0x2E, 0xF0,
  0x2E, 0xF0, 0x2E, 0xF0, 0x2E, 0xF0, 0x1E, 0xCF, 0x1E, 0xCF, 0xA5, 0x56, 0xA5, 0x56, 0x08, 0x22, 0x07, 0xF0, 0x00, 0x00, 0x00, 0x00, 0x00, 0x00,
  0x00, 0x00, 0x00, 0x00, 0x00, 0x00, 0x07, 0xF0, 0x08, 0x22, 0x9D, 0x16, 0x9D, 0x16, 0x1F, 0xF2, 0x1F, 0xF2, 0x1F, 0xF2, 0x1F, 0xF2, 0x1F, 0xF2,
  0x1F, 0xF2, 0x1F, 0xF2, 0x08, 0x22, 0xBE, 0xFF, 0xBE, 0xFF, 0xBE, 0xFF, 0xBE, 0xFF, 0xBE, 0xFF, 0xBE, 0xFF, 0x07, 0x2E, 0x07, 0x2E, 0x07, 0x2E,
  0x07, 0x2E, 0x07, 0x2E, 0x07, 0x2E, 0xBE, 0xFF, 0xBE, 0xFF, 0xBE, 0xFF, 0xBE, 0xFF, 0xBE, 0xFF, 0xBE, 0xFF, 0x08, 0x22, 0x1F, 0xF2, 0x1F, 0xF2,
  0x1F, 0xF2, 0x1F, 0xF2, 0x1F, 0xF2, 0x1F, 0xF2, 0x1F, 0xF2, 0x9D, 0x16, 0x9D, 0x16, 0x08, 0x22, 0x07, 0xF0, 0x00, 0x00, 0x00, 0x00, 0x00, 0x00,
  0x00, 0x00, 0x00, 0x00, 0x00, 0x00, 0x07, 0xF0, 0x08, 0x22, 0x9C, 0xF5, 0x9C, 0xF5, 0x17, 0xF1, 0x17, 0xF1, 0x17, 0xF1, 0x17, 0xF1, 0x17, 0xF1,
  0x17, 0xF1, 0x17, 0xF1, 0x08, 0x22, 0xB6, 0xBF, 0xB6, 0xBF, 0xB6, 0xBF, 0xB6, 0xBF, 0xB6, 0xBF, 0x07, 0x2E, 0xCF, 0xFC, 0xCF, 0xFC, 0xCF, 0xFC,
  0x07, 0x2E, 0x07, 0x2E, 0x07, 0x2E, 0x07, 0x2E, 0xB6, 0xBF, 0xB6, 0xBF, 0xB6, 0xBF, 0xB6, 0xBF, 0xB6, 0xBF, 0x08, 0x22, 0x17, 0xF1, 0x17, 0xF1,
  0x17, 0xF1, 0x17, 0xF1, 0x17, 0xF1, 0x17, 0xF1, 0x17, 0xF1, 0x9C, 0xF5, 0x9C, 0xF5, 0x08, 0x22, 0x07, 0xF0, 0x00, 0x00, 0x00, 0x00, 0x00, 0x00,
  0x00, 0x00, 0x00, 0x00, 0x00, 0x00, 0x07, 0xF0, 0x08, 0x22, 0x94, 0xD5, 0x94, 0xD5, 0x0E, 0xCE, 0x0E, 0xCE, 0x0E, 0xCE, 0x0E, 0xCE, 0x0E, 0xCE,
  0x0E, 0xCE, 0x0E, 0xCE, 0x08, 0x22, 0xA6, 0x7F, 0xA6, 0x7F, 0xA6, 0x7F, 0xA6, 0x7F, 0xA6, 0x7F, 0x07, 0x2E, 0xCF, 0xFC, 0xCF, 0xFC, 0xCF, 0xFC,
  0x07, 0x2E, 0x07, 0x2E, 0x07, 0x2E, 0x07, 0x2E, 0xA6, 0x7F, 0xA6, 0x7F, 0xA6, 0x7F, 0xA6, 0x7F, 0xA6, 0x7F, 0x08, 0x22, 0x0E, 0xCE, 0x0E, 0xCE,
  0x0E, 0xCE, 0x0E, 0xCE, 0x0E, 0xCE, 0x0E, 0xCE, 0x0E, 0xCE, 0x94, 0xD5, 0x94, 0xD5, 0x08, 0x22, 0x07, 0xF0, 0x00, 0x00, 0x00, 0x00, 0x00, 0x00,
  0x00, 0x00, 0x00, 0x00, 0x00, 0x00, 0x07, 0xF0, 0x08, 0x22, 0x94, 0xB4, 0x94, 0xB4, 0x07, 0xF0, 0x07, 0xF0, 0x07, 0xF0, 0x07, 0xF0, 0x07, 0xF0,
  0x07, 0xF0, 0x07, 0xF0, 0x08, 0x22, 0x96, 0x3F, 0x96, 0x3F, 0x96, 0x3F, 0x96, 0x3F, 0x96, 0x3F, 0x07, 0x2E, 0xCF, 0xFC, 0xCF, 0xFC, 0xCF, 0xFC,
  0x07, 0x2E, 0x07, 0x2E, 0x07, 0x2E, 0x07, 0x2E, 0x96, 0x3F, 0x96, 0x3F, 0x96, 0x3F, 0x96, 0x3F, 0x96, 0x3F, 0x08, 0x22, 0x07, 0xF0, 0x07, 0xF0,
  0x07, 0xF0, 0x07, 0xF0, 0x07, 0xF0, 0x07, 0xF0, 0x07, 0xF0, 0x94, 0xB4, 0x94, 0xB4, 0x08, 0x22, 0x07, 0xF0, 0x00, 0x00, 0x00, 0x00, 0x00, 0x00,
  0x00, 0x00, 0x00, 0x00, 0x00, 0x00, 0x07, 0xF0, 0x08, 0x22, 0x8C, 0x94, 0x8C, 0x94, 0x03, 0xA7, 0x03, 0xA7, 0x03, 0xA7, 0x03, 0xA7, 0x03, 0xA7,
  0x03, 0xA7, 0x03, 0xA7, 0x08, 0x22, 0xFC, 0x1A, 0xFC, 0x1A, 0xFC, 0x1A, 0xFC, 0x1A, 0xFC, 0x1A, 0x07, 0x2E, 0x07, 0x2E, 0x07, 0x2E, 0x07, 0x2E,
  0x07, 0x2E, 0x07, 0x2E, 0x07, 0x2E, 0x07, 0x2E, 0xFC, 0x1A, 0xFC, 0x1A, 0xFC, 0x1A, 0xFC, 0x1A, 0xFC, 0x1A, 0x08, 0x22, 0x03, 0xA7, 0x03, 0xA7,
  0x03, 0xA7, 0x03, 0xA7, 0x03, 0xA7, 0x03, 0xA7, 0x03, 0xA7, 0x8C, 0x94, 0x8C, 0x94, 0x08, 0x22, 0x07, 0xF0, 0x00, 0x00, 0x00, 0x00, 0x00, 0x00,
  0x00, 0x00, 0x00, 0x00, 0x00, 0x00, 0x07, 0xF0, 0x08, 0x22, 0x8C, 0x73, 0x8C, 0x73, 0x03, 0x66, 0x03, 0x66, 0x03, 0x66, 0x03, 0x66, 0x03, 0x66,
  0x03, 0x66, 0x03, 0x66, 0x08, 0x22, 0xFC, 0x7A, 0xFC, 0x7A, 0xFC, 0x7A, 0xFC, 0x7A, 0xFC, 0x7A, 0x07, 0x2E, 0x07, 0x2E, 0x07, 0x2E, 0x07, 0x2E,
  0x07, 0x2E, 0x07, 0x2E, 0x07, 0x2E, 0x07, 0x2E, 0xFC, 0x7A, 0xFC, 0x7A, 0xFC, 0x7A, 0xFC, 0x7A, 0xFC, 0x7A, 0x08, 0x22, 0x03, 0x66, 0x03, 0x66,
  0x03, 0x66, 0x03, 0x66, 0x03, 0x66, 0x03, 0x66, 0x03, 0x66, 0x8C, 0x73, 0x8C, 0x73, 0x08, 0x22, 0x07, 0xF0, 0x00, 0x00, 0x00, 0x00, 0x00, 0x00,
  0x00, 0x00, 0x00, 0x00, 0x00, 0x00, 0x07, 0xF0, 0x08, 0x22, 0x84, 0x53, 0x84, 0x53, 0x04, 0x28, 0x04, 0x28, 0x04, 0x28, 0x04, 0x28, 0x04, 0x28,
  0x04, 0x28, 0x04, 0x28, 0x08, 0x22, 0xFC, 0xDB, 0xFC, 0xDB, 0xFC, 0xDB, 0xFC, 0xDB, 0xFC, 0xDB, 0x07, 0x2E, 0x07, 0x2E, 0x07, 0x2E, 0x07, 0x2E,
  0x07, 0x2E, 0x07, 0x2E, 0x07, 0x2E, 0x07, 0x2E, 0xFC, 0xDB, 0xFC, 0xDB, 0xFC, 0xDB, 0xFC, 0xDB, 0xFC, 0xDB, 0x08, 0x22, 0x04, 0x28, 0x04, 0x28,
  0x04, 0x28, 0x04, 0x28, 0x04, 0x28, 0x04, 0x28, 0x04, 0x28, 0x84, 0x53, 0x84, 0x53, 0x08, 0x22, 0x07, 0xF0, 0x00, 0x00, 0x00, 0x00, 0x00, 0x00,
  0x00, 0x00, 0x00, 0x00, 0x00, 0x00, 0x07, 0xF0, 0x08, 0x22, 0x84, 0x32, 0x84, 0x32, 0x04, 0x69, 0x04, 0x69, 0x04, 0x69, 0x04, 0x69, 0x04, 0x69,
  0x04, 0x69, 0x04, 0x69, 0x08, 0x22, 0xFD, 0x3B, 0xFD, 0x3B, 0xFD, 0x3B, 0xFD, 0x3B, 0xFD, 0x3B, 0xFD, 0x3B, 0x07, 0x2E, 0x07, 0x2E, 0x07, 0x2E,
  0x07, 0x2E, 0x07, 0x2E, 0x07, 0x2E, 0xFD, 0x3B, 0xFD, 0x3B, 0xFD, 0x3B, 0xFD, 0x3B, 0xFD, 0x3B, 0xFD, 0x3B, 0x08, 0x22, 0x04, 0x69, 0x04, 0x69,
  0x04, 0x69, 0x04, 0x69, 0x04, 0x69, 0x04, 0x69, 0x04, 0x69, 0x84, 0x32, 0x84, 0x32, 0x08, 0x22, 0x07, 0xF0, 0x00, 0x00, 0x00, 0x00, 0x00, 0x00,
  0x00, 0x00, 0x00, 0x00, 0x00, 0x00, 0x07, 0xF0, 0x08, 0x22, 0x7C, 0x12, 0x7C, 0x12, 0x04, 0x08, 0x04, 0x08, 0x04, 0x08, 0x04, 0x08, 0x04, 0x08,
  0x04, 0x08, 0x04, 0x08, 0x08, 0x22, 0xFD, 0x9C, 0xFD, 0x9C, 0xFD, 0x9C, 0xFD, 0x9C, 0xFD, 0x9C, 0xFD, 0x9C, 0xFD, 0x9C, 0xFD, 0x9C, 0xFD, 0x9C,
  0xFD, 0x9C, 0xFD, 0x9C, 0xFD, 0x9C, 0xFD, 0x9C, 0xFD, 0x9C, 0xFD, 0x9C, 0xFD, 0x9C, 0xFD, 0x9C, 0xFD, 0x9C, 0x08, 0x22, 0x04, 0x08, 0x04, 0x08,
  0x04, 0x08, 0x04, 0x08, 0x04, 0x08, 0x04, 0x08, 0x04, 0x08, 0x7C, 0x12, 0x7C, 0x12, 0x08, 0x22, 0x07, 0xF0, 0x00, 0x00, 0x00, 0x00, 0x00, 0x00,
  0x00, 0x00, 0x00, 0x00, 0x00, 0x00, 0x07, 0xF0, 0x08, 0x22, 0x7B, 0xF1, 0x7B, 0xF1, 0x04, 0xEA, 0x04, 0xEA, 0x04, 0xEA, 0x04, 0xEA, 0x04, 0xEA,
  0x04, 0xEA, 0x04, 0xEA, 0x08, 0x22, 0xFD, 0xFD, 0xFD, 0xFD, 0xFD, 0xFD, 0xFD, 0xFD, 0xFD, 0xFD, 0xFD, 0xFD, 0xFD, 0xFD, 0xFD, 0xFD, 0xFD, 0xFD,
  0xFD, 0xFD, 0xFD, 0xFD, 0xFD, 0xFD, 0xFD, 0xFD, 0xFD, 0xFD, 0xFD, 0xFD, 0xFD, 0xFD, 0xFD, 0xFD, 0xFD, 0xFD, 0x08, 0x22, 0x04, 0xEA, 0x04, 0xEA,
  0x04, 0xEA, 0x04, 0xEA, 0x04, 0xEA, 0x04, 0xEA, 0x04, 0xEA, 0x7B, 0xF1, 0x7B, 0xF1, 0x08, 0x22, 0x07, 0xF0, 0x00, 0x00, 0x00, 0x00, 0x00, 0x00,
  0x00, 0x00, 0x00, 0x00, 0x00, 0x00, 0x07, 0xF0, 0x08, 0x22, 0x73, 0xD1, 0x73, 0xD1, 0x05, 0x2A, 0x05, 0x2A, 0x05, 0x2A, 0x05, 0x2A, 0x05, 0x2A,
  0x05, 0x2A, 0x05, 0x2A, 0x08, 0x22, 0xFE, 0x5D, 0xFE, 0x5D, 0xFE, 0x5D, 0xFE, 0x5D, 0xFE, 0x5D, 0xFE, 0x5D, 0xFE, 0x5D, 0xFE, 0x5D, 0xFE, 0x5D,
  0xFE, 0x5D, 0xFE, 0x5D, 0xFE, 0x5D, 0xFE, 0x5D, 0xFE, 0x5D, 0xFE, 0x5D, 0xFE, 0x5D, 0xFE, 0x5D, 0xFE, 0x5D, 0x08, 0x22, 0x05, 0x2A, 0x05, 0x2A,
  0x05, 0x2A, 0x05, 0x2A, 0x05, 0x2A, 0x05, 0x2A, 0x05, 0x2A, 0x73, 0xD1, 0x73, 0xD1, 0x08, 0x22, 0x07, 0xF0, 0x00, 0x00, 0x00, 0x00, 0x00, 0x00,
  0x00, 0x00, 0x00, 0x00, 0x00, 0x00, 0x07, 0xF0, 0x08, 0x22, 0x73, 0xB0, 0x73, 0xB0, 0x04, 0xA9, 0x04, 0xA9, 0x04, 0xA9, 0x04, 0xA9, 0x04, 0xA9,
  0x04, 0xA9, 0x04, 0xA9, 0x08, 0x22, 0xFE, 0xBE, 0xFE, 0xBE, 0xFE, 0xBE, 0xFE, 0xBE, 0xFE, 0xBE, 0xFE, 0xBE, 0xFE, 0xBE, 0xFE, 0xBE, 0xFE, 0xBE,
  0xFE, 0xBE, 0xFE, 0xBE, 0xFE, 0xBE, 0xFE, 0xBE, 0xFE, 0xBE, 0xFE, 0xBE, 0xFE, 0xBE, 0xFE, 0xBE, 0xFE, 0xBE, 0x08, 0x22, 0x04, 0xA9, 0x04, 0xA9,
  0x04, 0xA9, 0x04, 0xA9, 0x04, 0xA9, 0x04, 0xA9, 0x04, 0xA9, 0x73, 0xB0, 0x73, 0xB0, 0x08, 0x22, 0x07, 0xF0, 0x00, 0x00, 0x00, 0x00, 0x00, 0x00,
  0x00, 0x00, 0x00, 0x00, 0x00, 0x00, 0x07, 0xF0, 0x08, 0x22, 0x6B, 0x90, 0x6B, 0x90, 0x05, 0xAB, 0x05, 0xAB, 0x05, 0xAB, 0x05, 0xAB, 0x05, 0xAB,
  0x05, 0xAB, 0x05, 0xAB, 0x08, 0x22, 0x08, 0x22, 0xFF, 0x1E, 0xFF, 0x1E, 0xFF, 0x1E, 0xFF, 0x1E, 0xFF, 0x1E, 0xFF, 0x1E, 0xFF, 0x1E, 0xFF, 0x1E,
  0xFF, 0x1E, 0xFF, 0x1E, 0xFF, 0x1E, 0xFF, 0x1E, 0xFF, 0x1E, 0xFF, 0x1E, 0xFF, 0x1E, 0xFF, 0x1E, 0x08, 0x22, 0x08, 0x22, 0x05, 0xAB, 0x05, 0xAB,
  0x05, 0xAB, 0x05, 0xAB, 0x05, 0xAB, 0x05, 0xAB, 0x05, 0xAB, 0x6B, 0x90, 0x6B, 0x90, 0x08, 0x22, 0x07, 0xF0, 0x00, 0x00, 0x00, 0x00, 0x00, 0x00,
  0x00, 0x00, 0x00, 0x00, 0x00, 0x00, 0x07, 0xF0, 0x08, 0x22, 0x6B, 0x6F, 0x6B, 0x6F, 0x05, 0xEC, 0x05, 0xEC, 0x05, 0xEC, 0x05, 0xEC, 0x05, 0xEC,
  0x05, 0xEC, 0x05, 0xEC, 0x05, 0xEC, 0x08, 0x22, 0x08, 0x22, 0x08, 0x22, 0x08, 0x22, 0x08, 0x22, 0x08, 0x22, 0x08, 0x22, 0x08, 0x22, 0x08, 0x22,
  0x08, 0x22, 0x08, 0x22, 0x08, 0x22, 0x08, 0x22, 0x08, 0x22, 0x08, 0x22, 0x08, 0x22, 0x08, 0x22, 0x08, 0x22, 0x05, 0xEC, 0x05, 0xEC, 0x05, 0xEC,
  0x05, 0xEC, 0x05, 0xEC, 0x05, 0xEC, 0x05, 0xEC, 0x05, 0xEC, 0x6B, 0x6F, 0x6B, 0x6F, 0x08, 0x22, 0x07, 0xF0, 0x00, 0x00, 0x00, 0x00, 0x00, 0x00,
  0x00, 0x00, 0x00, 0x00, 0x00, 0x00, 0x07, 0xF0, 0x08, 0x22, 0x63, 0x4F, 0x63, 0x4F, 0x05, 0x4A, 0x05, 0x4A, 0x05, 0x4A, 0x05, 0x4A, 0x05, 0x4A,
  0x05, 0x4A, 0x05, 0x4A, 0x05, 0x4A, 0x05, 0x4A, 0x05, 0x4A, 0x05, 0x4A, 0x05, 0x4A, 0x05, 0x4A, 0x05, 0x4A, 0x05, 0x4A, 0x05, 0x4A, 0x05, 0x4A,
  0x05, 0x4A, 0x05, 0x4A, 0x05, 0x4A, 0x05, 0x4A, 0x05, 0x4A, 0x05, 0x4A, 0x05, 0x4A, 0x05, 0x4A, 0x05, 0x4A, 0x05, 0x4A, 0x05, 0x4A, 0x05, 0x4A,
  0x05, 0x4A, 0x05, 0x4A, 0x05, 0x4A, 0x05, 0x4A, 0x05, 0x4A, 0x63, 0x4F, 0x63, 0x4F, 0x08, 0x22, 0x07, 0xF0, 0x00, 0x00, 0x00, 0x00, 0x00, 0x00,
  0x00, 0x00, 0x00, 0x00, 0x00, 0x00, 0x07, 0xF0, 0x08, 0x22, 0x63, 0x2E, 0x63, 0x2E, 0x06, 0x6D, 0x06, 0x6D, 0x06, 0x6D, 0x06, 0x6D, 0x06, 0x6D,
  0x06, 0x6D, 0x06, 0x6D, 0x06, 0x6D, 0x06, 0x6D, 0x06, 0x6D, 0x06, 0x6D, 0x06, 0x6D, 0x06, 0x6D, 0x06, 0x6D, 0x06, 0x6D, 0x06, 0x6D, 0x06, 0x6D,
  0x06, 0x6D, 0x06, 0x6D, 0x06, 0x6D, 0x06, 0x6D, 0x06, 0x6D, 0x06, 0x6D, 0x06, 0x6D, 0x06, 0x6D, 0x06, 0x6D, 0x06, 0x6D, 0x06, 0x6D, 0x06, 0x6D,
  0x06, 0x6D, 0x06, 0x6D, 0x06, 0x6D, 0x06, 0x6D, 0x06, 0x6D, 0x63, 0x2E, 0x63, 0x2E, 0x08, 0x22, 0x07, 0xF0, 0x00, 0x00, 0x00, 0x00, 0x00, 0x00,
  0x00, 0x00, 0x00, 0x00, 0x00, 0x00, 0x07, 0xF0, 0x08, 0x22, 0x5B, 0x0E, 0x5B, 0x0E, 0x06, 0x8D, 0x06, 0x8D, 0x06, 0x8D, 0x06, 0x8D, 0x06, 0x8D,
  0x06, 0x8D, 0x06, 0x8D, 0x06, 0x8D, 0x06, 0x8D, 0x06, 0x8D, 0x06, 0x8D, 0x06, 0x8D, 0x06, 0x8D, 0x06, 0x8D, 0x06, 0x8D, 0x06, 0x8D, 0x06, 0x8D,
  0x06, 0x8D, 0x06, 0x8D, 0x06, 0x8D, 0x06, 0x8D, 0x06, 0x8D, 0x06, 0x8D, 0x06, 0x8D, 0x06, 0x8D, 0x06, 0x8D, 0x06, 0x8D, 0x06, 0x8D, 0x06, 0x8D,
  0x06, 0x8D, 0x06, 0x8D, 0x06, 0x8D, 0x06, 0x8D, 0x06, 0x8D, 0x5B, 0x0E, 0x5B, 0x0E, 0x08, 0x22, 0x07, 0xF0, 0x00, 0x00, 0x00, 0x00, 0x00, 0x00,
  0x00, 0x00, 0x00, 0x00, 0x00, 0x00, 0x07, 0xF0, 0x08, 0x22, 0x5A, 0xED, 0x5A, 0xED, 0x05, 0xEC, 0x05, 0xEC, 0x05, 0xEC, 0x05, 0xEC, 0x05, 0xEC,
  0x05, 0xEC, 0x05, 0xEC, 0x05, 0xEC, 0x05, 0xEC, 0x05, 0xEC, 0x05, 0xEC, 0x05, 0xEC, 0x05, 0xEC, 0x05, 0xEC, 0x05, 0xEC, 0x05, 0xEC, 0x05, 0xEC,
  0x05, 0xEC, 0x05, 0xEC, 0x05, 0xEC, 0x05, 0xEC, 0x05, 0xEC, 0x05, 0xEC, 0x05, 0xEC, 0x05, 0xEC, 0x05, 0xEC, 0x05, 0xEC, 0x05, 0xEC, 0x05, 0xEC,
  0x05, 0xEC, 0x05, 0xEC, 0x05, 0xEC, 0x05, 0xEC, 0x05, 0xEC, 0x5A, 0xED, 0x5A, 0xED, 0x08, 0x22, 0x07, 0xF0, 0x00, 0x00, 0x00, 0x00, 0x00, 0x00,
  0x00, 0x00, 0x00, 0x00, 0x00, 0x00, 0x07, 0xF0, 0x08, 0x22, 0x52, 0xCD, 0x52, 0xCD, 0x07, 0x0E, 0x07, 0x0E, 0x07, 0x0E, 0x07, 0x0E, 0x07, 0x0E,
  0x07, 0x0E, 0x07, 0x0E, 0x07, 0x0E, 0x07, 0x0E, 0x07, 0x0E, 0x07, 0x0E, 0x07, 0x0E, 0x07, 0x0E, 0x07, 0x0E, 0x07, 0x0E, 0x07, 0x0E, 0x07, 0x0E,
  0x07, 0x0E, 0x07, 0x0E, 0x07, 0x0E, 0x07, 0x0E, 0x07, 0x0E, 0x07, 0x0E, 0x07, 0x0E, 0x07, 0x0E, 0x07, 0x0E, 0x07, 0x0E, 0x07, 0x0E, 0x07, 0x0E,
  0x07, 0x0E, 0x07, 0x0E, 0x07, 0x0E, 0x07, 0x0E, 0x07, 0x0E, 0x52, 0xCD, 0x52, 0xCD, 0x08, 0x22, 0x07, 0xF0, 0x00, 0x00, 0x00, 0x00, 0x00, 0x00,
  0x00, 0x00, 0x00, 0x00, 0x00, 0x00, 0x07, 0xF0, 0x08, 0x22, 0x52, 0xAC, 0x52, 0xAC, 0x52, 0xAC, 0x07, 0x4F, 0x07, 0x4F, 0x07, 0x4F, 0x07, 0x4F,
  0x07, 0x4F, 0x07, 0x4F, 0x07, 0x4F, 0x07, 0x4F, 0x07, 0x4F, 0x07, 0x4F, 0x07, 0x4F, 0x07, 0x4F, 0x07, 0x4F, 0x07, 0x4F, 0x07, 0x4F, 0x07, 0x4F,
  0x07, 0x4F, 0x07, 0x4F, 0x07, 0x4F, 0x07, 0x4F, 0x07, 0x4F, 0x07, 0x4F, 0x07, 0x4F, 0x07, 0x4F, 0x07, 0x4F, 0x07, 0x4F, 0x07, 0x4F, 0x07, 0x4F,
  0x07, 0x4F, 0x07, 0x4F, 0x07, 0x4F, 0x07, 0x4F, 0x52, 0xAC, 0x52, 0xAC, 0x52, 0xAC, 0x08, 0x22, 0x07, 0xF0, 0x00, 0x00, 0x00, 0x00, 0x00, 0x00,
  0x00, 0x00, 0x00, 0x00, 0x00, 0x00, 0x07, 0xF0, 0x08, 0x22, 0x08, 0x22, 0x4A, 0x8C, 0x42, 0x2A, 0x42, 0x2A, 0x06, 0x8D, 0x06, 0x8D, 0x06, 0x8D,
  0x06, 0x8D, 0x06, 0x8D, 0x06, 0x8D, 0x06, 0x8D, 0x06, 0x8D, 0x06, 0x8D, 0x06, 0x8D, 0x06, 0x8D, 0x06, 0x8D, 0x06, 0x8D, 0x06, 0x8D, 0x06, 0x8D,
  0x06, 0x8D, 0x06, 0x8D, 0x06, 0x8D, 0x06, 0x8D, 0x06, 0x8D, 0x06, 0x8D, 0x06, 0x8D, 0x06, 0x8D, 0x06, 0x8D, 0x06, 0x8D, 0x06, 0x8D, 0x06, 0x8D,
  0x06, 0x8D, 0x06, 0x8D, 0x06, 0x8D, 0x42, 0x2A, 0x42, 0x2A, 0x4A, 0x8C, 0x08, 0x22, 0x08, 0x22, 0x07, 0xF0, 0x00, 0x00, 0x00, 0x00, 0x00, 0x00,
  0x00, 0x00, 0x00, 0x00, 0x00, 0x00, 0x07, 0xF0, 0x07, 0xF0, 0x08, 0x22, 0x4A, 0x6B, 0x4A, 0x6B, 0x4A, 0x6B, 0x4A, 0x6B, 0x4A, 0x6B, 0x4A, 0x6B,
  0x4A, 0x6B, 0x4A, 0x6B, 0x4A, 0x6B, 0x4A, 0x6B, 0x4A, 0x6B, 0x4A, 0x6B, 0x4A, 0x6B, 0x4A, 0x6B, 0x4A, 0x6B, 0x4A, 0x6B, 0x4A, 0x6B, 0x4A, 0x6B,
  0x4A, 0x6B, 0x4A, 0x6B, 0x4A, 0x6B, 0x4A, 0x6B, 0x4A, 0x6B, 0x4A, 0x6B, 0x4A, 0x6B, 0x4A, 0x6B, 0x4A, 0x6B, 0x4A, 0x6B, 0x4A, 0x6B, 0x4A, 0x6B,
  0x4A, 0x6B, 0x4A, 0x6B, 0x4A, 0x6B, 0x4A, 0x6B, 0x4A, 0x6B, 0x4A, 0x6B, 0x08, 0x22, 0x07, 0xF0, 0x07, 0xF0, 0x00, 0x00, 0x00, 0x00, 0x00, 0x00,
  0x00, 0x00, 0x00, 0x00, 0x00, 0x00, 0x00, 0x00, 0x07, 0xF0, 0x08, 0x22, 0x08, 0x22, 0x08, 0x22, 0x42, 0x4B, 0x42, 0x4B, 0x42, 0x4B, 0x42, 0x4B,
  0x42, 0x4B, 0x42, 0x4B, 0x42, 0x4B, 0x42, 0x4B, 0x42, 0x4B, 0x42, 0x4B, 0x42, 0x4B, 0x42, 0x4B, 0x42, 0x4B, 0x42, 0x4B, 0x42, 0x4B, 0x42, 0x4B,
  0x42, 0x4B, 0x42, 0x4B, 0x42, 0x4B, 0x42, 0x4B, 0x42, 0x4B, 0x42, 0x4B, 0x42, 0x4B, 0x42, 0x4B, 0x42, 0x4B, 0x42, 0x4B, 0x42, 0x4B, 0x42, 0x4B,
  0x42, 0x4B, 0x42, 0x4B, 0x42, 0x4B, 0x42, 0x4B, 0x08, 0x22, 0x08, 0x22, 0x08, 0x22, 0x07, 0xF0, 0x00, 0x00, 0x00, 0x00, 0x00, 0x00, 0x00, 0x00,
  0x00, 0x00, 0x00, 0x00, 0x00, 0x00, 0x00, 0x00, 0x00, 0x00, 0x07, 0xF0, 0x07, 0xF0, 0x08, 0x22, 0x08, 0x22, 0x08, 0x22, 0x08, 0x22, 0x08, 0x22,
  0x08, 0x22, 0x08, 0x22, 0x08, 0x22, 0x08, 0x22, 0x08, 0x22, 0x08, 0x22, 0x08, 0x22, 0x08, 0x22, 0x08, 0x22, 0x08, 0x22, 0x08, 0x22, 0x08, 0x22,
  0x08, 0x22, 0x08, 0x22, 0x08, 0x22, 0x08, 0x22, 0x08, 0x22, 0x08, 0x22, 0x08, 0x22, 0x08, 0x22, 0x08, 0x22, 0x08, 0x22, 0x08, 0x22, 0x08, 0x22,
  0x08, 0x22, 0x08, 0x22, 0x08, 0x22, 0x08, 0x22, 0x08, 0x22, 0x07, 0xF0, 0x07, 0xF0, 0x00, 0x00, 0x00, 0x00, 0x00, 0x00, 0x00, 0x00, 0x00, 0x00,
  0x00, 0x00, 0x00, 0x00, 0x00, 0x00, 0x00, 0x00, 0x00, 0x00, 0x00, 0x00, 0x07, 0xF0, 0x07, 0xF0, 0x07, 0xF0, 0x07, 0xF0, 0x07, 0xF0, 0x07, 0xF0,
  0x07, 0xF0, 0x07, 0xF0, 0x07, 0xF0, 0x07, 0xF0, 0x07, 0xF0, 0x07, 0xF0, 0x07, 0xF0, 0x07, 0xF0, 0x07, 0xF0, 0x07, 0xF0, 0x07, 0xF0, 0x07, 0xF0,
  0x07, 0xF0, 0x07, 0xF0, 0x07, 0xF0, 0x07, 0xF0, 0x07, 0xF0, 0x07, 0xF0, 0x07, 0xF0, 0x07, 0xF0, 0x07, 0xF0, 0x07, 0xF0, 0x07, 0xF0, 0x07, 0xF0,
  0x07, 0xF0, 0x07, 0xF0, 0x07, 0xF0, 0x07, 0xF0, 0x07, 0xF0, 0x07, 0xF0, 0x00, 0x00, 0x00, 0x00, 0x00, 0x00, 0x00, 0x00, 0x00, 0x00, 0x00, 0x00,
  0x00, 0x00, 0x00, 0x00, 0x00, 0x00, 0x00, 0x00, 0x00, 0x00, 0x00, 0x00, 0x00, 0x00, 0x00, 0x00, 0x00, 0x00, 0x00, 0x00, 0x00, 0x00, 0x00, 0x00,
  0x00, 0x00, 0x00, 0x00, 0x00, 0x00, 0x00, 0x00, 0x00, 0x00, 0x00, 0x00, 0x00, 0x00, 0x00, 0x00, 0x00, 0x00, 0x00, 0x00, 0x00, 0x00, 0x00, 0x00,
  0x00, 0x00, 0x00, 0x00, 0x00, 0x00, 0x00, 0x00, 0x00, 0x00, 0x00, 0x00, 0x00, 0x00, 0x00, 0x00, 0x00, 0x00, 0x00, 0x00, 0x00, 0x00, 0x00, 0x00,
  0x00, 0x00, 0x00, 0x00, 0x00, 0x00, 0x00, 0x00, 0x00, 0x00, 0x00, 0x00, 0x00, 0x00, 0x00, 0x00, 0x00, 0x00, 0x00, 0x00, 0x00, 0x00, 0x00, 0x00,
  0x00, 0x00, 0x00, 0x00, 0x00, 0x00, 0x00, 0x00, 0x00, 0x00, 0x00, 0x00, 0x00, 0x00, 0x00, 0x00, 0x00, 0x00, 0x00, 0x00, 0x00, 0x00, 0x00, 0x00,
  0x00, 0x00, 0x00, 0x00, 0x00, 0x00, 0x00, 0x00, 0x00, 0x00, 0x00, 0x00, 0x00, 0x00, 0x00, 0x00, 0x00, 0x00, 0x00, 0x00, 0x00, 0x00, 0x00, 0x00,
  0x00, 0x00, 0x00, 0x00, 0x00, 0x00, 0x00, 0x00, 0x00, 0x00, 0x00, 0x00, 0x00, 0x00, 0x00, 0x00, 0x00, 0x00, 0x00, 0x00, 0x00, 0x00, 0x00, 0x00,
  0x00, 0x00, 0x00, 0x00, 0x00, 0x00, 0x00, 0x00, 0x00, 0x00, 0x00, 0x00, 0x00, 0x00, 0x00, 0x00, 0x00, 0x00, 0x00, 0x00, 0x00, 0x00, 0x00, 0x00,
  0x00, 0x00, 0x00, 0x00, 0x00, 0x00, 0x00, 0x00, 0x00, 0x00, 0x00, 0x00, 0x00, 0x00, 0x00, 0x00, 0x00, 0x00, 0x00, 0x00, 0x00, 0x00, 0x00, 0x00,
  0x00, 0x00, 0x00, 0x00, 0x00, 0x00, 0x00, 0x00, 0x00, 0x00, 0x00, 0x00, 0x00, 0x00, 0x00, 0x00, 0x00, 0x00, 0x00, 0x00, 0x00, 0x00, 0x00, 0x00,
  0x00, 0x00, 0x00, 0x00, 0x00, 0x00, 0x00, 0x00, 0x00, 0x00, 0x00, 0x00, 0x00, 0x00, 0x00, 0x00, 0x00, 0x00, 0x00, 0x00, 0x00, 0x00, 0x00, 0x00,
  0x00, 0x00, 0x00, 0x00, 0x00, 0x00, 0x00, 0x00, 0x00, 0x00, 0x00, 0x00, 0x00, 0x00, 0x00, 0x00, 0x00, 0x00, 0x00, 0x00, 0x00, 0x00, 0x00, 0x00,
};

/* Nota red: 48x48 */
uint8_t note_red[4608] = {
  0x00, 0x00, 0x00, 0x00, 0x00, 0x00, 0x00, 0x00, 0x00, 0x00, 0x00, 0x00, 0x00, 0x00, 0x00, 0x00, 0x00, 0x00, 0x00, 0x00, 0x00, 0x00, 0x00, 0x00,
  0x00, 0x00, 0x00, 0x00, 0x00, 0x00, 0x00, 0x00, 0x00, 0x00, 0x00, 0x00, 0x00, 0x00, 0x00, 0x00, 0x00, 0x00, 0x00, 0x00, 0x00, 0x00, 0x00, 0x00,
  0x00, 0x00, 0x00, 0x00, 0x00, 0x00, 0x00, 0x00, 0x00, 0x00, 0x00, 0x00, 0x00, 0x00, 0x00, 0x00, 0x00, 0x00, 0x00, 0x00, 0x00, 0x00, 0x00, 0x00,
  0x00, 0x00, 0x00, 0x00, 0x00, 0x00, 0x00, 0x00, 0x00, 0x00, 0x00, 0x00, 0x00, 0x00, 0x00, 0x00, 0x00, 0x00, 0x00, 0x00, 0x00, 0x00, 0x00, 0x00,
  0x00, 0x00, 0x00, 0x00, 0x00, 0x00, 0x00, 0x00, 0x00, 0x00, 0x00, 0x00, 0x00, 0x00, 0x00, 0x00, 0x00, 0x00, 0x00, 0x00, 0x00, 0x00, 0x00, 0x00,
  0x00, 0x00, 0x00, 0x00, 0x00, 0x00, 0x00, 0x00, 0x00, 0x00, 0x00, 0x00, 0x00, 0x00, 0x00, 0x00, 0x00, 0x00, 0x00, 0x00, 0x00, 0x00, 0x00, 0x00,
  0x00, 0x00, 0x00, 0x00, 0x00, 0x00, 0x00, 0x00, 0x00, 0x00, 0x00, 0x00, 0x00, 0x00, 0x00, 0x00, 0x00, 0x00, 0x00, 0x00, 0x00, 0x00, 0x00, 0x00,
  0x00, 0x00, 0x00, 0x00, 0x00, 0x00, 0x00, 0x00, 0x00, 0x00, 0x00, 0x00, 0x00, 0x00, 0x00, 0x00, 0x00, 0x00, 0x00, 0x00, 0x00, 0x00, 0x00, 0x00,
  0x00, 0x00, 0x00, 0x00, 0x00, 0x00, 0x00, 0x00, 0x00, 0x00, 0x00, 0x00, 0x00, 0x00, 0x00, 0x00, 0x00, 0x00, 0x00, 0x00, 0x00, 0x00, 0x00, 0x00,
  0x00, 0x00, 0x00, 0x00, 0x00, 0x00, 0x00, 0x00, 0x00, 0x00, 0x00, 0x00, 0x00, 0x00, 0x00, 0x00, 0x00, 0x00, 0x00, 0x00, 0x00, 0x00, 0x00, 0x00,
  0x00, 0x00, 0x00, 0x00, 0x00, 0x00, 0x00, 0x00, 0x00, 0x00, 0x00, 0x00, 0x00, 0x00, 0x00, 0x00, 0x00, 0x00, 0x00, 0x00, 0x00, 0x00, 0x00, 0x00,
  0x00, 0x00, 0x00, 0x00, 0x00, 0x00, 0x00, 0x00, 0x00, 0x00, 0x00, 0x00, 0x00, 0x00, 0x00, 0x00, 0x00, 0x00, 0x00, 0x00, 0x00, 0x00, 0x00, 0x00,
  0x00, 0x00, 0x00, 0x00, 0x00, 0x00, 0x00, 0x00, 0x00, 0x00, 0x00, 0x00, 0xF9, 0x4D, 0xF9, 0x4D, 0xF9, 0x4D, 0xF9, 0x4D, 0xF9, 0x4D, 0xF9, 0x4D,
  0xF9, 0x4D, 0xF9, 0x4D, 0xF9, 0x4D, 0xF9, 0x4D, 0xF9, 0x4D, 0xF9, 0x4D, 0xF9, 0x4D, 0xF9, 0x4D, 0xF9, 0x4D, 0xF9, 0x4D, 0xF9, 0x4D, 0xF9, 0x4D,
  0xF9, 0x4D, 0xF9, 0x4D, 0xF9, 0x4D, 0xF9, 0x4D, 0xF9, 0x4D, 0xF9, 0x4D, 0xF9, 0x4D, 0xF9, 0x4D, 0xF9, 0x4D, 0xF9, 0x4D, 0xF9, 0x4D, 0xF9, 0x4D,
  0xF9, 0x4D, 0xF9, 0x4D, 0xF9, 0x4D, 0xF9, 0x4D, 0xF9, 0x4D, 0xF9, 0x4D, 0x00, 0x00, 0x00, 0x00, 0x00, 0x00, 0x00, 0x00, 0x00, 0x00, 0x00, 0x00,
  0x00, 0x00, 0x00, 0x00, 0x00, 0x00, 0x00, 0x00, 0x00, 0x00, 0xF9, 0x4D, 0xF9, 0x4D, 0x08, 0x22, 0x08, 0x22, 0x08, 0x22, 0x08, 0x22, 0x08, 0x22,
  0x08, 0x22, 0x08, 0x22, 0x08, 0x22, 0x08, 0x22, 0x08, 0x22, 0x08, 0x22, 0x08, 0x22, 0x08, 0x22, 0x08, 0x22, 0x08, 0x22, 0x08, 0x22, 0x08, 0x22,
  0x08, 0x22, 0x08, 0x22, 0x08, 0x22, 0x08, 0x22, 0x08, 0x22, 0x08, 0x22, 0x08, 0x22, 0x08, 0x22, 0x08, 0x22, 0x08, 0x22, 0x08, 0x22, 0x08, 0x22,
  0x08, 0x22, 0x08, 0x22, 0x08, 0x22, 0x08, 0x22, 0x08, 0x22, 0xF9, 0x4D, 0xF9, 0x4D, 0x00, 0x00, 0x00, 0x00, 0x00, 0x00, 0x00, 0x00, 0x00, 0x00,
  0x00, 0x00, 0x00, 0x00, 0x00, 0x00, 0x00, 0x00, 0xF9, 0x4D, 0x08, 0x22, 0x08, 0x22, 0x08, 0x22, 0xEF, 0x7E, 0xEF, 0x7E, 0xEF, 0x7E, 0xEF, 0x7E,
  0xEF, 0x7E, 0xEF, 0x7E, 0xEF, 0x7E, 0xEF, 0x7E, 0xEF, 0x7E, 0xEF, 0x7E, 0xEF, 0x7E, 0xEF, 0x7E, 0xEF, 0x7E, 0xEF, 0x7E, 0xEF, 0x7E, 0xEF, 0x7E,
  0xEF, 0x7E, 0xEF, 0x7E, 0xEF, 0x7E, 0xEF, 0x7E, 0xEF, 0x7E, 0xEF, 0x7E, 0xEF, 0x7E, 0xEF, 0x7E, 0xEF, 0x7E, 0xEF, 0x7E, 0xEF, 0x7E, 0xEF, 0x7E,
  0xEF, 0x7E, 0xEF, 0x7E, 0xEF, 0x7E, 0xEF, 0x7E, 0x08, 0x22, 0x08, 0x22, 0x08, 0x22, 0xF9, 0x4D, 0x00, 0x00, 0x00, 0x00, 0x00, 0x00, 0x00, 0x00,
  0x00, 0x00, 0x00, 0x00, 0x00, 0x00, 0xF9, 0x4D, 0xF9, 0x4D, 0x08, 0x22, 0xE7, 0x5E, 0xE7, 0x5E, 0xE7, 0x5E, 0xE7, 0x5E, 0xE7, 0x5E, 0xE7, 0x5E,
  0xE7, 0x5E, 0xE7, 0x5E, 0xE7, 0x5E, 0xE7, 0x5E, 0xE7, 0x5E, 0xE7, 0x5E, 0xE7, 0x5E, 0xE7, 0x5E, 0xE7, 0x5E, 0xE7, 0x5E, 0xE7, 0x5E, 0xE7, 0x5E,
  0xE7, 0x5E, 0xE7, 0x5E, 0xE7, 0x5E, 0xE7, 0x5E, 0xE7, 0x5E, 0xE7, 0x5E, 0xE7, 0x5E, 0xE7, 0x5E, 0xE7, 0x5E, 0xE7, 0x5E, 0xE7, 0x5E, 0xE7, 0x5E,
  0xE7, 0x5E, 0xE7, 0x5E, 0xE7, 0x5E, 0xE7, 0x5E, 0xE7, 0x5E, 0xE7, 0x5E, 0x08, 0x22, 0xF9, 0x4D, 0xF9, 0x4D, 0x00, 0x00, 0x00, 0x00, 0x00, 0x00,
  0x00, 0x00, 0x00, 0x00, 0x00, 0x00, 0xF9, 0x4D, 0x08, 0x22, 0x08, 0x22, 0xE7, 0x3D, 0xC6, 0x39, 0xC6, 0x39, 0xDC, 0x34, 0xDC, 0x34, 0xDC, 0x34,
  0xDC, 0x34, 0xDC, 0x34, 0xDC, 0x34, 0xDC, 0x34, 0xDC, 0x34, 0xDC, 0x34, 0xDC, 0x34, 0xDC, 0x34, 0xDC, 0x34, 0xDC, 0x34, 0xDC, 0x34, 0xDC, 0x34,
  0xDC, 0x34, 0xDC, 0x34, 0xDC, 0x34, 0xDC, 0x34, 0xDC, 0x34, 0xDC, 0x34, 0xDC, 0x34, 0xDC, 0x34, 0xDC, 0x34, 0xDC, 0x34, 0xDC, 0x34, 0xDC, 0x34,
  0xDC, 0x34, 0xDC, 0x34, 0xDC, 0x34, 0xC6, 0x39, 0xC6, 0x39, 0xE7, 0x3D, 0x08, 0x22, 0x08, 0x22, 0xF9, 0x4D, 0x00, 0x00, 0x00, 0x00, 0x00, 0x00,
  0x00, 0x00, 0x00, 0x00, 0x00, 0x00, 0xF9, 0x4D, 0x08, 0x22, 0xDE, 0xFC, 0xDE, 0xFC, 0xDE, 0xFC, 0xFC, 0xB7, 0xFE, 0x3B, 0xFE, 0x3B, 0xFE, 0x3B,
  0xFE, 0x3B, 0xFE, 0x3B, 0xFE, 0x3B, 0xFE, 0x3B, 0xFE, 0x3B, 0xFE, 0x3B, 0xFE, 0x3B, 0xFE, 0x3B, 0xFE, 0x3B, 0xFE, 0x3B, 0xFE, 0x3B, 0xFE, 0x3B,
  0xFE, 0x3B, 0xFE, 0x3B, 0xFE, 0x3B, 0xFE, 0x3B, 0xFE, 0x3B, 0xFE, 0x3B, 0xFE, 0x3B, 0xFE, 0x3B, 0xFE, 0x3B, 0xFE, 0x3B, 0xFE, 0x3B, 0xFE, 0x3B,
  0xFE, 0x3B, 0xFE, 0x3B, 0xFE, 0x3B, 0xFC, 0xB7, 0xDE, 0xFC, 0xDE, 0xFC, 0xDE, 0xFC, 0x08, 0x22, 0xF9, 0x4D, 0x00, 0x00, 0x00, 0x00, 0x00, 0x00,
  0x00, 0x00, 0x00, 0x00, 0x00, 0x00, 0xF9, 0x4D, 0x08, 0x22, 0xD6, 0xDC, 0xD6, 0xDC, 0xFC, 0x76, 0xFD, 0xFA, 0xFD, 0xFA, 0xFD, 0xFA, 0xFD, 0xFA,
  0xFD, 0xFA, 0xFD, 0xFA, 0xFD, 0xFA, 0xFD, 0xFA, 0xFD, 0xFA, 0xFD, 0xFA, 0xFD, 0xFA, 0xFD, 0xFA, 0xFD, 0xFA, 0xFD, 0xFA, 0xFD, 0xFA, 0xFD, 0xFA,
  0xFD, 0xFA, 0xFD, 0xFA, 0xFD, 0xFA, 0xFD, 0xFA, 0xFD, 0xFA, 0xFD, 0xFA, 0xFD, 0xFA, 0xFD, 0xFA, 0xFD, 0xFA, 0xFD, 0xFA, 0xFD, 0xFA, 0xFD, 0xFA,
  0xFD, 0xFA, 0xFD, 0xFA, 0xFD, 0xFA, 0xFD, 0xFA, 0xFC, 0x76, 0xD6, 0xDC, 0xD6, 0xDC, 0x08, 0x22, 0xF9, 0x4D, 0x00, 0x00, 0x00, 0x00, 0x00, 0x00,
  0x00, 0x00, 0x00, 0x00, 0x00, 0x00, 0xF9, 0x4D, 0x08, 0x22, 0xD6, 0xBB, 0xD6, 0xBB, 0xDB, 0xB2, 0xED, 0x57, 0xED, 0x57, 0xED, 0x57, 0xED, 0x57,
  0xED, 0x57, 0xED, 0x57, 0xED, 0x57, 0xED, 0x57, 0xED, 0x57, 0xED, 0x57, 0xED, 0x57, 0xED, 0x57, 0xED, 0x57, 0xED, 0x57, 0xED, 0x57, 0xED, 0x57,
  0xED, 0x57, 0xED, 0x57, 0xED, 0x57, 0xED, 0x57, 0xED, 0x57, 0xED, 0x57, 0xED, 0x57, 0xED, 0x57, 0xED, 0x57, 0xED, 0x57, 0xED, 0x57, 0xED, 0x57,
  0xED, 0x57, 0xED, 0x57, 0xED, 0x57, 0xED, 0x57, 0xDB, 0xB2, 0xD6, 0xBB, 0xD6, 0xBB, 0x08, 0x22, 0xF9, 0x4D, 0x00, 0x00, 0x00, 0x00, 0x00, 0x00,
  0x00, 0x00, 0x00, 0x00, 0x00, 0x00, 0xF9, 0x4D, 0x08, 0x22, 0xCE, 0x9B, 0xCE, 0x9B, 0xFC, 0x15, 0xFD, 0x58, 0xFD, 0x58, 0xFD, 0x58, 0xFD, 0x58,
  0xFD, 0x58, 0xFD, 0x58, 0xFD, 0x58, 0xFD, 0x58, 0xFD, 0x58, 0xFD, 0x58, 0xFD, 0x58, 0xFD, 0x58, 0xFD, 0x58, 0xFD, 0x58, 0xFD, 0x58, 0xFD, 0x58,
  0xFD, 0x58, 0xFD, 0x58, 0xFD, 0x58, 0xFD, 0x58, 0xFD, 0x58, 0xFD, 0x58, 0xFD, 0x58, 0xFD, 0x58, 0xFD, 0x58, 0xFD, 0x58, 0xFD, 0x58, 0xFD, 0x58,
  0xFD, 0x58, 0xFD, 0x58, 0xFD, 0x58, 0xFD, 0x58, 0xFC, 0x15, 0xCE, 0x9B, 0xCE, 0x9B, 0x08, 0x22, 0xF9, 0x4D, 0x00, 0x00, 0x00, 0x00, 0x00, 0x00,
  0x00, 0x00, 0x00, 0x00, 0x00, 0x00, 0xF9, 0x4D, 0x08, 0x22, 0xC6, 0x5A, 0xC6, 0x5A, 0xFB, 0xD4, 0xFD, 0x18, 0xFD, 0x18, 0xFD, 0x18, 0xFD, 0x18,
  0xFD, 0x18, 0xFD, 0x18, 0xFD, 0x18, 0xFD, 0x18, 0xFD, 0x18, 0xFD, 0x18, 0xFD, 0x18, 0xFD, 0x18, 0xFD, 0x18, 0xFD, 0x18, 0xFD, 0x18, 0xFD, 0x18,
  0xFD, 0x18, 0xFD, 0x18, 0xFD, 0x18, 0xFD, 0x18, 0xFD, 0x18, 0xFD, 0x18, 0xFD, 0x18, 0xFD, 0x18, 0xFD, 0x18, 0xFD, 0x18, 0xFD, 0x18, 0xFD, 0x18,
  0xFD, 0x18, 0xFD, 0x18, 0xFD, 0x18, 0xFD, 0x18, 0xFB, 0xD4, 0xC6, 0x5A, 0xC6, 0x5A, 0x08, 0x22, 0xF9, 0x4D, 0x00, 0x00, 0x00, 0x00, 0x00, 0x00,
  0x00, 0x00, 0x00, 0x00, 0x00, 0x00, 0xF9, 0x4D, 0x08, 0x22, 0xC6, 0x3A, 0xC6, 0x3A, 0xDB, 0x11, 0xE4, 0x75, 0xE4, 0x75, 0xE4, 0x75, 0xE4, 0x75,
  0xE4, 0x75, 0xE4, 0x75, 0xE4, 0x75, 0xE4, 0x75, 0xE4, 0x75, 0xE4, 0x75, 0xE4, 0x75, 0xE4, 0x75, 0xE4, 0x75, 0xE4, 0x75, 0xE4, 0x75, 0xE4, 0x75,
  0xE4, 0x75, 0xE4, 0x75, 0xE4, 0x75, 0xE4, 0x75, 0xE4, 0x75, 0xE4, 0x75, 0xE4, 0x75, 0xE4, 0x75, 0xE4, 0x75, 0xE4, 0x75, 0xE4, 0x75, 0xE4, 0x75,
  0xE4, 0x75, 0xE4, 0x75, 0xE4, 0x75, 0xE4, 0x75, 0xDB, 0x11, 0xC6, 0x3A, 0xC6, 0x3A, 0x08, 0x22, 0xF9, 0x4D, 0x00, 0x00, 0x00, 0x00, 0x00, 0x00,
  0x00, 0x00, 0x00, 0x00, 0x00, 0x00, 0xF9, 0x4D, 0x08, 0x22, 0xBE, 0x19, 0xBE, 0x19, 0xFB, 0x53, 0xFC, 0x76, 0xFC, 0x76, 0xFC, 0x76, 0xFC, 0x76,
  0xFC, 0x76, 0xFC, 0x76, 0xFC, 0x76, 0x08, 0x22, 0x08, 0x22, 0x08, 0x22, 0x08, 0x22, 0x08, 0x22, 0x08, 0x22, 0x08, 0x22, 0x08, 0x22, 0x08, 0x22,
  0x08, 0x22, 0x08, 0x22, 0x08, 0x22, 0x08, 0x22, 0x08, 0x22, 0x08, 0x22, 0x08, 0x22, 0x08, 0x22, 0x08, 0x22, 0xFC, 0x76, 0xFC, 0x76, 0xFC, 0x76,
  0xFC, 0x76, 0xFC, 0x76, 0xFC, 0x76, 0xFC, 0x76, 0xFB, 0x53, 0xBE, 0x19, 0xBE, 0x19, 0x08, 0x22, 0xF9, 0x4D, 0x00, 0x00, 0x00, 0x00, 0x00, 0x00,
  0x00, 0x00, 0x00, 0x00, 0x00, 0x00, 0xF9, 0x4D, 0x08, 0x22, 0xBD, 0xF9, 0xBD, 0xF9, 0xFB, 0x32, 0xFC, 0x15, 0xFC, 0x15, 0xFC, 0x15, 0xFC, 0x15,
  0xFC, 0x15, 0xFC, 0x15, 0x08, 0x22, 0x08, 0x22, 0xFF, 0xFF, 0xFF, 0xFF, 0xFF, 0xFF, 0xFF, 0xFF, 0xFF, 0xFF, 0xFF, 0xFF, 0xFF, 0xFF, 0xFF, 0xFF,
  0xFF, 0xFF, 0xFF, 0xFF, 0xFF, 0xFF, 0xFF, 0xFF, 0xFF, 0xFF, 0xFF, 0xFF, 0xFF, 0xFF, 0xFF, 0xFF, 0x08, 0x22, 0x08, 0x22, 0xFC, 0x15, 0xFC, 0x15,
  0xFC, 0x15, 0xFC, 0x15, 0xFC, 0x15, 0xFC, 0x15, 0xFB, 0x32, 0xBD, 0xF9, 0xBD, 0xF9, 0x08, 0x22, 0xF9, 0x4D, 0x00, 0x00, 0x00, 0x00, 0x00, 0x00,
  0x00, 0x00, 0x00, 0x00, 0x00, 0x00, 0xF9, 0x4D, 0x08, 0x22, 0xB5, 0xB8, 0xB5, 0xB8, 0xDA, 0x6F, 0xE3, 0x52, 0xE3, 0x52, 0xE3, 0x52, 0xE3, 0x52,
  0xE3, 0x52, 0xE3, 0x52, 0x08, 0x22, 0xF7, 0xDF, 0xF7, 0xDF, 0xF7, 0xDF, 0xF7, 0xDF, 0xF7, 0xDF, 0xF7, 0xDF, 0xF7, 0xDF, 0xF7, 0xDF, 0xF7, 0xDF,
  0xF7, 0xDF, 0xF7, 0xDF, 0xF7, 0xDF, 0xF7, 0xDF, 0xF7, 0xDF, 0xF7, 0xDF, 0xF7, 0xDF, 0xF7, 0xDF, 0xF7, 0xDF, 0x08, 0x22, 0xE3, 0x52, 0xE3, 0x52,
  0xE3, 0x52, 0xE3, 0x52, 0xE3, 0x52, 0xE3, 0x52, 0xDA, 0x6F, 0xB5, 0xB8, 0xB5, 0xB8, 0x08, 0x22, 0xF9, 0x4D, 0x00, 0x00, 0x00, 0x00, 0x00, 0x00,
  0x00, 0x00, 0x00, 0x00, 0x00, 0x00, 0xF9, 0x4D, 0x08, 0x22, 0xAD, 0x97, 0xAD, 0x97, 0xFA, 0xB1, 0xFB, 0x53, 0xFB, 0x53, 0xFB, 0x53, 0xFB, 0x53,
  0xFB, 0x53, 0xFB, 0x53, 0x08, 0x22, 0xE7, 0x9F, 0xE7, 0x9F, 0xE7, 0x9F, 0xE7, 0x9F, 0xE7, 0x9F, 0xE7, 0x9F, 0xE7, 0x9F, 0xE7, 0x9F, 0xE7, 0x9F,
  0xE7, 0x9F, 0xE7, 0x9F, 0xE7, 0x9F, 0xE7, 0x9F, 0xE7, 0x9F, 0xE7, 0x9F, 0xE7, 0x9F, 0xE7, 0x9F, 0xE7, 0x9F, 0x08, 0x22, 0xFB, 0x53, 0xFB, 0x53,
  0xFB, 0x53, 0xFB, 0x53, 0xFB, 0x53, 0xFB, 0x53, 0xFA, 0xB1, 0xAD, 0x97, 0xAD, 0x97, 0x08, 0x22, 0xF9, 0x4D, 0x00, 0x00, 0x00, 0x00, 0x00, 0x00,
  0x00, 0x00, 0x00, 0x00, 0x00, 0x00, 0xF9, 0x4D, 0x08, 0x22, 0xAD, 0x77, 0xAD, 0x77, 0xFA, 0x71, 0xFA, 0xF2, 0xFA, 0xF2, 0xFA, 0xF2, 0xFA, 0xF2,
  0xFA, 0xF2, 0xFA, 0xF2, 0x08, 0x22, 0xDF, 0x5F, 0xDF, 0x5F, 0xDF, 0x5F, 0xDF, 0x5F, 0xDF, 0x5F, 0xDF, 0x5F, 0xDF, 0x5F, 0xDF, 0x5F, 0xDF, 0x5F,
  0xDF, 0x5F, 0xDF, 0x5F, 0xDF, 0x5F, 0xDF, 0x5F, 0xDF, 0x5F, 0xDF, 0x5F, 0xDF, 0x5F, 0xDF, 0x5F, 0xDF, 0x5F, 0x08, 0x22, 0xFA, 0xF2, 0xFA, 0xF2,
  0xFA, 0xF2, 0xFA, 0xF2, 0xFA, 0xF2, 0xFA, 0xF2, 0xFA, 0x71, 0xAD, 0x77, 0xAD, 0x77, 0x08, 0x22, 0xF9, 0x4D, 0x00, 0x00, 0x00, 0x00, 0x00, 0x00,
  0x00, 0x00, 0x00, 0x00, 0x00, 0x00, 0xF9, 0x4D, 0x08, 0x22, 0xA5, 0x56, 0xA5, 0x56, 0xD9, 0xEE, 0xD9, 0xEE, 0xDA, 0x2E, 0xDA, 0x2E, 0xDA, 0x2E,
  0xDA, 0x2E, 0xDA, 0x2E, 0x08, 0x22, 0xCF, 0x1F, 0xCF, 0x1F, 0xCF, 0x1F, 0xCF, 0x1F, 0xCF, 0x1F, 0xCF, 0x1F, 0xCF, 0x1F, 0xCF, 0x1F, 0xCF, 0x1F,
  0xCF, 0x1F, 0xCF, 0x1F, 0xCF, 0x1F, 0xCF, 0x1F, 0xCF, 0x1F, 0xCF, 0x1F, 0xCF, 0x1F, 0xCF, 0x1F, 0xCF, 0x1F, 0x08, 0x22, 0xDA, 0x2E, 0xDA, 0x2E,
  0xDA, 0x2E, 0xDA, 0x2E, 0xDA, 0x2E, 0xD9, 0xEE, 0xD9, 0xEE, 0xA5, 0x56, 0xA5, 0x56, 0x08, 0x22, 0xF9, 0x4D, 0x00, 0x00, 0x00, 0x00, 0x00, 0x00,
  0x00, 0x00, 0x00, 0x00, 0x00, 0x00, 0xF9, 0x4D, 0x08, 0x22, 0x9D, 0x16, 0x9D, 0x16, 0xF9, 0xEF, 0xF9, 0xEF, 0xF9, 0xEF, 0xF9, 0xEF, 0xF9, 0xEF,
  0xF9, 0xEF, 0xF9, 0xEF, 0x08, 0x22, 0xBE, 0xFF, 0xBE, 0xFF, 0xBE, 0xFF, 0xBE, 0xFF, 0xBE, 0xFF, 0xBE, 0xFF, 0xE1, 0x2C, 0xE1, 0x2C, 0xE1, 0x2C,
  0xE1, 0x2C, 0xE1, 0x2C, 0xE1, 0x2C, 0xBE, 0xFF, 0xBE, 0xFF, 0xBE, 0xFF, 0xBE, 0xFF, 0xBE, 0xFF, 0xBE, 0xFF, 0x08, 0x22, 0xF9, 0xEF, 0xF9, 0xEF,
  0xF9, 0xEF, 0xF9, 0xEF, 0xF9, 0xEF, 0xF9, 0xEF, 0xF9, 0xEF, 0x9D, 0x16, 0x9D, 0x16, 0x08, 0x22, 0xF9, 0x4D, 0x00, 0x00, 0x00, 0x00, 0x00, 0x00,
  0x00, 0x00, 0x00, 0x00, 0x00, 0x00, 0xF9, 0x4D, 0x08, 0x22, 0x9C, 0xF5, 0x9C, 0xF5, 0xF9, 0xCF, 0xF9, 0xCF, 0xF9, 0xCF, 0xF9, 0xCF, 0xF9, 0xCF,
  0xF9, 0xCF, 0xF9, 0xCF, 0x08, 0x22, 0xB6, 0xBF, 0xB6, 0xBF, 0xB6, 0xBF, 0xB6, 0xBF, 0xB6, 0xBF, 0xE1, 0x2C, 0xFE, 0xBC, 0xFE, 0xBC, 0xFE, 0xBC,
  0xE1, 0x2C, 0xE1, 0x2C, 0xE1, 0x2C, 0xE1, 0x2C, 0xB6, 0xBF, 0xB6, 0xBF, 0xB6, 0xBF, 0xB6, 0xBF, 0xB6, 0xBF, 0x08, 0x22, 0xF9, 0xCF, 0xF9, 0xCF,
  0xF9, 0xCF, 0xF9, 0xCF, 0xF9, 0xCF, 0xF9, 0xCF, 0xF9, 0xCF, 0x9C, 0xF5, 0x9C, 0xF5, 0x08, 0x22, 0xF9, 0x4D, 0x00, 0x00, 0x00, 0x00, 0x00, 0x00,
  0x00, 0x00, 0x00, 0x00, 0x00, 0x00, 0xF9, 0x4D, 0x08, 0x22, 0x94, 0xD5, 0x94, 0xD5, 0xD9, 0x4C, 0xD9, 0x4C, 0xD9, 0x4C, 0xD9, 0x4C, 0xD9, 0x4C,
  0xD9, 0x4C, 0xD9, 0x4C, 0x08, 0x22, 0xA6, 0x7F, 0xA6, 0x7F, 0xA6, 0x7F, 0xA6, 0x7F, 0xA6, 0x7F, 0xE1, 0x2C, 0xFE, 0xBC, 0xFE, 0xBC, 0xFE, 0xBC,
  0xE1, 0x2C, 0xE1, 0x2C, 0xE1, 0x2C, 0xE1, 0x2C, 0xA6, 0x7F, 0xA6, 0x7F, 0xA6, 0x7F, 0xA6, 0x7F, 0xA6, 0x7F, 0x08, 0x22, 0xD9, 0x4C, 0xD9, 0x4C,
  0xD9, 0x4C, 0xD9, 0x4C, 0xD9, 0x4C, 0xD9, 0x4C, 0xD9, 0x4C, 0x94, 0xD5, 0x94, 0xD5, 0x08, 0x22, 0xF9, 0x4D, 0x00, 0x00, 0x00, 0x00, 0x00, 0x00,
  0x00, 0x00, 0x00, 0x00, 0x00, 0x00, 0xF9, 0x4D, 0x08, 0x22, 0x94, 0xB4, 0x94, 0xB4, 0xF9, 0x4D, 0xF9, 0x4D, 0xF9, 0x4D, 0xF9, 0x4D, 0xF9, 0x4D,
  0xF9, 0x4D, 0xF9, 0x4D, 0x08, 0x22, 0x96, 0x3F, 0x96, 0x3F, 0x96, 0x3F, 0x96, 0x3F, 0x96, 0x3F, 0xE1, 0x2C, 0xFE, 0xBC, 0xFE, 0xBC, 0xFE, 0xBC,
  0xE1, 0x2C, 0xE1, 0x2C, 0xE1, 0x2C, 0xE1, 0x2C, 0x96, 0x3F, 0x96, 0x3F, 0x96, 0x3F, 0x96, 0x3F, 0x96, 0x3F, 0x08, 0x22, 0xF9, 0x4D, 0xF9, 0x4D,
  0xF9, 0x4D, 0xF9, 0x4D, 0xF9, 0x4D, 0xF9, 0x4D, 0xF9, 0x4D, 0x94, 0xB4, 0x94, 0xB4, 0x08, 0x22, 0xF9, 0x4D, 0x00, 0x00, 0x00, 0x00, 0x00, 0x00,
  0x00, 0x00, 0x00, 0x00, 0x00, 0x00, 0xF9, 0x4D, 0x08, 0x22, 0x8C, 0x94, 0x8C, 0x94, 0x70, 0x86, 0x70, 0x86, 0x70, 0x86, 0x70, 0x86, 0x70, 0x86,
  0x70, 0x86, 0x70, 0x86, 0x08, 0x22, 0xFC, 0x1A, 0xFC, 0x1A, 0xFC, 0x1A, 0xFC, 0x1A, 0xFC, 0x1A, 0xE1, 0x2C, 0xE1, 0x2C, 0xE1, 0x2C, 0xE1, 0x2C,
  0xE1, 0x2C, 0xE1, 0x2C, 0xE1, 0x2C, 0xE1, 0x2C, 0xFC, 0x1A, 0xFC, 0x1A, 0xFC, 0x1A, 0xFC, 0x1A, 0xFC, 0x1A, 0x08, 0x22, 0x70, 0x86, 0x70, 0x86,
  0x70, 0x86, 0x70, 0x86, 0x70, 0x86, 0x70, 0x86, 0x70, 0x86, 0x8C, 0x94, 0x8C, 0x94, 0x08, 0x22, 0xF9, 0x4D, 0x00, 0x00, 0x00, 0x00, 0x00, 0x00,
  0x00, 0x00, 0x00, 0x00, 0x00, 0x00, 0xF9, 0x4D, 0x08, 0x22, 0x8C, 0x73, 0x8C, 0x73, 0x68, 0x85, 0x68, 0x85, 0x68, 0x85, 0x68, 0x85, 0x68, 0x85,
  0x68, 0x85, 0x68, 0x85, 0x08, 0x22, 0xFC, 0x7A, 0xFC, 0x7A, 0xFC, 0x7A, 0xFC, 0x7A, 0xFC, 0x7A, 0xE1, 0x2C, 0xE1, 0x2C, 0xE1, 0x2C, 0xE1, 0x2C,
  0xE1, 0x2C, 0xE1, 0x2C, 0xE1, 0x2C, 0xE1, 0x2C, 0xFC, 0x7A, 0xFC, 0x7A, 0xFC, 0x7A, 0xFC, 0x7A, 0xFC, 0x7A, 0x08, 0x22, 0x68, 0x85, 0x68, 0x85,
  0x68, 0x85, 0x68, 0x85, 0x68, 0x85, 0x68, 0x85, 0x68, 0x85, 0x8C, 0x73, 0x8C, 0x73, 0x08, 0x22, 0xF9, 0x4D, 0x00, 0x00, 0x00, 0x00, 0x00, 0x00,
  0x00, 0x00, 0x00, 0x00, 0x00, 0x00, 0xF9, 0x4D, 0x08, 0x22, 0x84, 0x53, 0x84, 0x53, 0x80, 0xA7, 0x80, 0xA7, 0x80, 0xA7, 0x80, 0xA7, 0x80, 0xA7,
  0x80, 0xA7, 0x80, 0xA7, 0x08, 0x22, 0xFC, 0xDB, 0xFC, 0xDB, 0xFC, 0xDB, 0xFC, 0xDB, 0xFC, 0xDB, 0xE1, 0x2C, 0xE1, 0x2C, 0xE1, 0x2C, 0xE1, 0x2C,
  0xE1, 0x2C, 0xE1, 0x2C, 0xE1, 0x2C, 0xE1, 0x2C, 0xFC, 0xDB, 0xFC, 0xDB, 0xFC, 0xDB, 0xFC, 0xDB, 0xFC, 0xDB, 0x08, 0x22, 0x80, 0xA7, 0x80, 0xA7,
  0x80, 0xA7, 0x80, 0xA7, 0x80, 0xA7, 0x80, 0xA7, 0x80, 0xA7, 0x84, 0x53, 0x84, 0x53, 0x08, 0x22, 0xF9, 0x4D, 0x00, 0x00, 0x00, 0x00, 0x00, 0x00,
  0x00, 0x00, 0x00, 0x00, 0x00, 0x00, 0xF9, 0x4D, 0x08, 0x22, 0x84, 0x32, 0x84, 0x32, 0x88, 0xA7, 0x88, 0xA7, 0x88, 0xA7, 0x88, 0xA7, 0x88, 0xA7,
  0x88, 0xA7, 0x88, 0xA7, 0x08, 0x22, 0xFD, 0x3B, 0xFD, 0x3B, 0xFD, 0x3B, 0xFD, 0x3B, 0xFD, 0x3B, 0xFD, 0x3B, 0xE1, 0x2C, 0xE1, 0x2C, 0xE1, 0x2C,
  0xE1, 0x2C, 0xE1, 0x2C, 0xE1, 0x2C, 0xFD, 0x3B, 0xFD, 0x3B, 0xFD, 0x3B, 0xFD, 0x3B, 0xFD, 0x3B, 0xFD, 0x3B, 0x08, 0x22, 0x88, 0xA7, 0x88, 0xA7,
  0x88, 0xA7, 0x88, 0xA7, 0x88, 0xA7, 0x88, 0xA7, 0x88, 0xA7, 0x84, 0x32, 0x84, 0x32, 0x08, 0x22, 0xF9, 0x4D, 0x00, 0x00, 0x00, 0x00, 0x00, 0x00,
  0x00, 0x00, 0x00, 0x00, 0x00, 0x00, 0xF9, 0x4D, 0x08, 0x22, 0x7C, 0x12, 0x7C, 0x12, 0x80, 0x86, 0x80, 0x86, 0x80, 0x86, 0x80, 0x86, 0x80, 0x86,
  0x80, 0x86, 0x80, 0x86, 0x08, 0x22, 0xFD, 0x9C, 0xFD, 0x9C, 0xFD, 0x9C, 0xFD, 0x9C, 0xFD, 0x9C, 0xFD, 0x9C, 0xFD, 0x9C, 0xFD, 0x9C, 0xFD, 0x9C,
  0xFD, 0x9C, 0xFD, 0x9C, 0xFD, 0x9C, 0xFD, 0x9C, 0xFD, 0x9C, 0xFD, 0x9C, 0xFD, 0x9C, 0xFD, 0x9C, 0xFD, 0x9C, 0x08, 0x22, 0x80, 0x86, 0x80, 0x86,
  0x80, 0x86, 0x80, 0x86, 0x80, 0x86, 0x80, 0x86, 0x80, 0x86, 0x7C, 0x12, 0x7C, 0x12, 0x08, 0x22, 0xF9, 0x4D, 0x00, 0x00, 0x00, 0x00, 0x00, 0x00,
  0x00, 0x00, 0x00, 0x00, 0x00, 0x00, 0xF9, 0x4D, 0x08, 0x22, 0x7B, 0xF1, 0x7B, 0xF1, 0x98, 0xC8, 0x98, 0xC8, 0x98, 0xC8, 0x98, 0xC8, 0x98, 0xC8,
  0x98, 0xC8, 0x98, 0xC8, 0x08, 0x22, 0xFD, 0xFD, 0xFD, 0xFD, 0xFD, 0xFD, 0xFD, 0xFD, 0xFD, 0xFD, 0xFD, 0xFD, 0xFD, 0xFD, 0xFD, 0xFD, 0xFD, 0xFD,
  0xFD, 0xFD, 0xFD, 0xFD, 0xFD, 0xFD, 0xFD, 0xFD, 0xFD, 0xFD, 0xFD, 0xFD, 0xFD, 0xFD, 0xFD, 0xFD, 0xFD, 0xFD, 0x08, 0x22, 0x98, 0xC8, 0x98, 0xC8,
  0x98, 0xC8, 0x98, 0xC8, 0x98, 0xC8, 0x98, 0xC8, 0x98, 0xC8, 0x7B, 0xF1, 0x7B, 0xF1, 0x08, 0x22, 0xF9, 0x4D, 0x00, 0x00, 0x00, 0x00, 0x00, 0x00,
  0x00, 0x00, 0x00, 0x00, 0x00, 0x00, 0xF9, 0x4D, 0x08, 0x22, 0x73, 0xD1, 0x73, 0xD1, 0xA0, 0xC8, 0xA0, 0xC8, 0xA0, 0xC8, 0xA0, 0xC8, 0xA0, 0xC8,
  0xA0, 0xC8, 0xA0, 0xC8, 0x08, 0x22, 0xFE, 0x5D, 0xFE, 0x5D, 0xFE, 0x5D, 0xFE, 0x5D, 0xFE, 0x5D, 0xFE, 0x5D, 0xFE, 0x5D, 0xFE, 0x5D, 0xFE, 0x5D,
  0xFE, 0x5D, 0xFE, 0x5D, 0xFE, 0x5D, 0xFE, 0x5D, 0xFE, 0x5D, 0xFE, 0x5D, 0xFE, 0x5D, 0xFE, 0x5D, 0xFE, 0x5D, 0x08, 0x22, 0xA0, 0xC8, 0xA0, 0xC8,
  0xA0, 0xC8, 0xA0, 0xC8, 0xA0, 0xC8, 0xA0, 0xC8, 0xA0, 0xC8, 0x73, 0xD1, 0x73, 0xD1, 0x08, 0x22, 0xF9, 0x4D, 0x00, 0x00, 0x00, 0x00, 0x00, 0x00,
  0x00, 0x00, 0x00, 0x00, 0x00, 0x00, 0xF9, 0x4D, 0x08, 0x22, 0x73, 0xB0, 0x73, 0xB0, 0x90, 0xA7, 0x90, 0xA7, 0x90, 0xA7, 0x90, 0xA7, 0x90, 0xA7,
  0x90, 0xA7, 0x90, 0xA7, 0x08, 0x22, 0xFE, 0xBE, 0xFE, 0xBE, 0xFE, 0xBE, 0xFE, 0xBE, 0xFE, 0xBE, 0xFE, 0xBE, 0xFE, 0xBE, 0xFE, 0xBE, 0xFE, 0xBE,
  0xFE, 0xBE, 0xFE, 0xBE, 0xFE, 0xBE, 0xFE, 0xBE, 0xFE, 0xBE, 0xFE, 0xBE, 0xFE, 0xBE, 0xFE, 0xBE, 0xFE, 0xBE, 0x08, 0x22, 0x90, 0xA7, 0x90, 0xA7,
  0x90, 0xA7, 0x90, 0xA7, 0x90, 0xA7, 0x90, 0xA7, 0x90, 0xA7, 0x73, 0xB0, 0x73, 0xB0, 0x08, 0x22, 0xF9, 0x4D, 0x00, 0x00, 0x00, 0x00, 0x00, 0x00,
  0x00, 0x00, 0x00, 0x00, 0x00, 0x00, 0xF9, 0x4D, 0x08, 0x22, 0x6B, 0x90, 0x6B, 0x90, 0xB0, 0xE9, 0xB0, 0xE9, 0xB0, 0xE9, 0xB0, 0xE9, 0xB0, 0xE9,
  0xB0, 0xE9, 0xB0, 0xE9, 0x08, 0x22, 0x08, 0x22, 0xFF, 0x1E, 0xFF, 0x1E, 0xFF, 0x1E, 0xFF, 0x1E, 0xFF, 0x1E, 0xFF, 0x1E, 0xFF, 0x1E, 0xFF, 0x1E,
  0xFF, 0x1E, 0xFF, 0x1E, 0xFF, 0x1E, 0xFF, 0x1E, 0xFF, 0x1E, 0xFF, 0x1E, 0xFF, 0x1E, 0xFF, 0x1E, 0x08, 0x22, 0x08, 0x22, 0xB0, 0xE9, 0xB0, 0xE9,
  0xB0, 0xE9, 0xB0, 0xE9, 0xB0, 0xE9, 0xB0, 0xE9, 0xB0, 0xE9, 0x6B, 0x90, 0x6B, 0x90, 0x08, 0x22, 0xF9, 0x4D, 0x00, 0x00, 0x00, 0x00, 0x00, 0x00,
  0x00, 0x00, 0x00, 0x00, 0x00, 0x00, 0xF9, 0x4D, 0x08, 0x22, 0x6B, 0x6F, 0x6B, 0x6F, 0xB8, 0xEA, 0xB8, 0xEA, 0xB8, 0xEA, 0xB8, 0xEA, 0xB8, 0xEA,
  0xB8, 0xEA, 0xB8, 0xEA, 0xB8, 0xEA, 0x08, 0x22, 0x08, 0x22, 0x08, 0x22, 0x08, 0x22, 0x08, 0x22, 0x08, 0x22, 0x08, 0x22, 0x08, 0x22, 0x08, 0x22,
  0x08, 0x22, 0x08, 0x22, 0x08, 0x22, 0x08, 0x22, 0x08, 0x22, 0x08, 0x22, 0x08, 0x22, 0x08, 0x22, 0x08, 0x22, 0xB8, 0xEA, 0xB8, 0xEA, 0xB8, 0xEA,
  0xB8, 0xEA, 0xB8, 0xEA, 0xB8, 0xEA, 0xB8, 0xEA, 0xB8, 0xEA, 0x6B, 0x6F, 0x6B, 0x6F, 0x08, 0x22, 0xF9, 0x4D, 0x00, 0x00, 0x00, 0x00, 0x00, 0x00,
  0x00, 0x00, 0x00, 0x00, 0x00, 0x00, 0xF9, 0x4D, 0x08, 0x22, 0x63, 0x4F, 0x63, 0x4F, 0xA8, 0xC9, 0xA8, 0xC9, 0xA8, 0xC9, 0xA8, 0xC9, 0xA8, 0xC9,
  0xA8, 0xC9, 0xA8, 0xC9, 0xA8, 0xC9, 0xA8, 0xC9, 0xA8, 0xC9, 0xA8, 0xC9, 0xA8, 0xC9, 0xA8, 0xC9, 0xA8, 0xC9, 0xA8, 0xC9, 0xA8, 0xC9, 0xA8, 0xC9,
  0xA8, 0xC9, 0xA8, 0xC9, 0xA8, 0xC9, 0xA8, 0xC9, 0xA8, 0xC9, 0xA8, 0xC9, 0xA8, 0xC9, 0xA8, 0xC9, 0xA8, 0xC9, 0xA8, 0xC9, 0xA8, 0xC9, 0xA8, 0xC9,
  0xA8, 0xC9, 0xA8, 0xC9, 0xA8, 0xC9, 0xA8, 0xC9, 0xA8, 0xC9, 0x63, 0x4F, 0x63, 0x4F, 0x08, 0x22, 0xF9, 0x4D, 0x00, 0x00, 0x00, 0x00, 0x00, 0x00,
  0x00, 0x00, 0x00, 0x00, 0x00, 0x00, 0xF9, 0x4D, 0x08, 0x22, 0x63, 0x2E, 0x63, 0x2E, 0xC9, 0x0A, 0xC9, 0x0A, 0xC9, 0x0A, 0xC9, 0x0A, 0xC9, 0x0A,
  0xC9, 0x0A, 0xC9, 0x0A, 0xC9, 0x0A, 0xC9, 0x0A, 0xC9, 0x0A, 0xC9, 0x0A, 0xC9, 0x0A, 0xC9, 0x0A, 0xC9, 0x0A, 0xC9, 0x0A, 0xC9, 0x0A, 0xC9, 0x0A,
  0xC9, 0x0A, 0xC9, 0x0A, 0xC9, 0x0A, 0xC9, 0x0A, 0xC9, 0x0A, 0xC9, 0x0A, 0xC9, 0x0A, 0xC9, 0x0A, 0xC9, 0x0A, 0xC9, 0x0A, 0xC9, 0x0A, 0xC9, 0x0A,
  0xC9, 0x0A, 0xC9, 0x0A, 0xC9, 0x0A, 0xC9, 0x0A, 0xC9, 0x0A, 0x63, 0x2E, 0x63, 0x2E, 0x08, 0x22, 0xF9, 0x4D, 0x00, 0x00, 0x00, 0x00, 0x00, 0x00,
  0x00, 0x00, 0x00, 0x00, 0x00, 0x00, 0xF9, 0x4D, 0x08, 0x22, 0x5B, 0x0E, 0x5B, 0x0E, 0xD1, 0x0B, 0xD1, 0x0B, 0xD1, 0x0B, 0xD1, 0x0B, 0xD1, 0x0B,
  0xD1, 0x0B, 0xD1, 0x0B, 0xD1, 0x0B, 0xD1, 0x0B, 0xD1, 0x0B, 0xD1, 0x0B, 0xD1, 0x0B, 0xD1, 0x0B, 0xD1, 0x0B, 0xD1, 0x0B, 0xD1, 0x0B, 0xD1, 0x0B,
  0xD1, 0x0B, 0xD1, 0x0B, 0xD1, 0x0B, 0xD1, 0x0B, 0xD1, 0x0B, 0xD1, 0x0B, 0xD1, 0x0B, 0xD1, 0x0B, 0xD1, 0x0B, 0xD1, 0x0B, 0xD1, 0x0B, 0xD1, 0x0B,
  0xD1, 0x0B, 0xD1, 0x0B, 0xD1, 0x0B, 0xD1, 0x0B, 0xD1, 0x0B, 0x5B, 0x0E, 0x5B, 0x0E, 0x08, 0x22, 0xF9, 0x4D, 0x00, 0x00, 0x00, 0x00, 0x00, 0x00,
  0x00, 0x00, 0x00, 0x00, 0x00, 0x00, 0xF9, 0x4D, 0x08, 0x22, 0x5A, 0xED, 0x5A, 0xED, 0xB8, 0xEA, 0xB8, 0xEA, 0xB8, 0xEA, 0xB8, 0xEA, 0xB8, 0xEA,
  0xB8, 0xEA, 0xB8, 0xEA, 0xB8, 0xEA, 0xB8, 0xEA, 0xB8, 0xEA, 0xB8, 0xEA, 0xB8, 0xEA, 0xB8, 0xEA, 0xB8, 0xEA, 0xB8, 0xEA, 0xB8, 0xEA, 0xB8, 0xEA,
  0xB8, 0xEA, 0xB8, 0xEA, 0xB8, 0xEA, 0xB8, 0xEA, 0xB8, 0xEA, 0xB8, 0xEA, 0xB8, 0xEA, 0xB8, 0xEA, 0xB8, 0xEA, 0xB8, 0xEA, 0xB8, 0xEA, 0xB8, 0xEA,
  0xB8, 0xEA, 0xB8, 0xEA, 0xB8, 0xEA, 0xB8, 0xEA, 0xB8, 0xEA, 0x5A, 0xED, 0x5A, 0xED, 0x08, 0x22, 0xF9, 0x4D, 0x00, 0x00, 0x00, 0x00, 0x00, 0x00,
  0x00, 0x00, 0x00, 0x00, 0x00, 0x00, 0xF9, 0x4D, 0x08, 0x22, 0x52, 0xCD, 0x52, 0xCD, 0xE1, 0x2C, 0xE1, 0x2C, 0xE1, 0x2C, 0xE1, 0x2C, 0xE1, 0x2C,
  0xE1, 0x2C, 0xE1, 0x2C, 0xE1, 0x2C, 0xE1, 0x2C, 0xE1, 0x2C, 0xE1, 0x2C, 0xE1, 0x2C, 0xE1, 0x2C, 0xE1, 0x2C, 0xE1, 0x2C, 0xE1, 0x2C, 0xE1, 0x2C,
  0xE1, 0x2C, 0xE1, 0x2C, 0xE1, 0x2C, 0xE1, 0x2C, 0xE1, 0x2C, 0xE1, 0x2C, 0xE1, 0x2C, 0xE1, 0x2C, 0xE1, 0x2C, 0xE1, 0x2C, 0xE1, 0x2C, 0xE1, 0x2C,
  0xE1, 0x2C, 0xE1, 0x2C, 0xE1, 0x2C, 0xE1, 0x2C, 0xE1, 0x2C, 0x52, 0xCD, 0x52, 0xCD, 0x08, 0x22, 0xF9, 0x4D, 0x00, 0x00, 0x00, 0x00, 0x00, 0x00,
  0x00, 0x00, 0x00, 0x00, 0x00, 0x00, 0xF9, 0x4D, 0x08, 0x22, 0x52, 0xAC, 0x52, 0xAC, 0x52, 0xAC, 0xE9, 0x2C, 0xE9, 0x2C, 0xE9, 0x2C, 0xE9, 0x2C,
  0xE9, 0x2C, 0xE9, 0x2C, 0xE9, 0x2C, 0xE9, 0x2C, 0xE9, 0x2C, 0xE9, 0x2C, 0xE9, 0x2C, 0xE9, 0x2C, 0xE9, 0x2C, 0xE9, 0x2C, 0xE9, 0x2C, 0xE9, 0x2C,
  0xE9, 0x2C, 0xE9, 0x2C, 0xE9, 0x2C, 0xE9, 0x2C, 0xE9, 0x2C, 0xE9, 0x2C, 0xE9, 0x2C, 0xE9, 0x2C, 0xE9, 0x2C, 0xE9, 0x2C, 0xE9, 0x2C, 0xE9, 0x2C,
  0xE9, 0x2C, 0xE9, 0x2C, 0xE9, 0x2C, 0xE9, 0x2C, 0x52, 0xAC, 0x52, 0xAC, 0x52, 0xAC, 0x08, 0x22, 0xF9, 0x4D, 0x00, 0x00, 0x00, 0x00, 0x00, 0x00,
  0x00, 0x00, 0x00, 0x00, 0x00, 0x00, 0xF9, 0x4D, 0x08, 0x22, 0x08, 0x22, 0x4A, 0x8C, 0x42, 0x2A, 0x42, 0x2A, 0xD1, 0x0B, 0xD1, 0x0B, 0xD1, 0x0B,
  0xD1, 0x0B, 0xD1, 0x0B, 0xD1, 0x0B, 0xD1, 0x0B, 0xD1, 0x0B, 0xD1, 0x0B, 0xD1, 0x0B, 0xD1, 0x0B, 0xD1, 0x0B, 0xD1, 0x0B, 0xD1, 0x0B, 0xD1, 0x0B,
  0xD1, 0x0B, 0xD1, 0x0B, 0xD1, 0x0B, 0xD1, 0x0B, 0xD1, 0x0B, 0xD1, 0x0B, 0xD1, 0x0B, 0xD1, 0x0B, 0xD1, 0x0B, 0xD1, 0x0B, 0xD1, 0x0B, 0xD1, 0x0B,
  0xD1, 0x0B, 0xD1, 0x0B, 0xD1, 0x0B, 0x42, 0x2A, 0x42, 0x2A, 0x4A, 0x8C, 0x08, 0x22, 0x08, 0x22, 0xF9, 0x4D, 0x00, 0x00, 0x00, 0x00, 0x00, 0x00,
  0x00, 0x00, 0x00, 0x00, 0x00, 0x00, 0xF9, 0x4D, 0xF9, 0x4D, 0x08, 0x22, 0x4A, 0x6B, 0x4A, 0x6B, 0x4A, 0x6B, 0x4A, 0x6B, 0x4A, 0x6B, 0x4A, 0x6B,
  0x4A, 0x6B, 0x4A, 0x6B, 0x4A, 0x6B, 0x4A, 0x6B, 0x4A, 0x6B, 0x4A, 0x6B, 0x4A, 0x6B, 0x4A, 0x6B, 0x4A, 0x6B, 0x4A, 0x6B, 0x4A, 0x6B, 0x4A, 0x6B,
  0x4A, 0x6B, 0x4A, 0x6B, 0x4A, 0x6B, 0x4A, 0x6B, 0x4A, 0x6B, 0x4A, 0x6B, 0x4A, 0x6B, 0x4A, 0x6B, 0x4A, 0x6B, 0x4A, 0x6B, 0x4A, 0x6B, 0x4A, 0x6B,
  0x4A, 0x6B, 0x4A, 0x6B, 0x4A, 0x6B, 0x4A, 0x6B, 0x4A, 0x6B, 0x4A, 0x6B, 0x08, 0x22, 0xF9, 0x4D, 0xF9, 0x4D, 0x00, 0x00, 0x00, 0x00, 0x00, 0x00,
  0x00, 0x00, 0x00, 0x00, 0x00, 0x00, 0x00, 0x00, 0xF9, 0x4D, 0x08, 0x22, 0x08, 0x22, 0x08, 0x22, 0x42, 0x4B, 0x42, 0x4B, 0x42, 0x4B, 0x42, 0x4B,
  0x42, 0x4B, 0x42, 0x4B, 0x42, 0x4B, 0x42, 0x4B, 0x42, 0x4B, 0x42, 0x4B, 0x42, 0x4B, 0x42, 0x4B, 0x42, 0x4B, 0x42, 0x4B, 0x42, 0x4B, 0x42, 0x4B,
  0x42, 0x4B, 0x42, 0x4B, 0x42, 0x4B, 0x42, 0x4B, 0x42, 0x4B, 0x42, 0x4B, 0x42, 0x4B, 0x42, 0x4B, 0x42, 0x4B, 0x42, 0x4B, 0x42, 0x4B, 0x42, 0x4B,
  0x42, 0x4B, 0x42, 0x4B, 0x42, 0x4B, 0x42, 0x4B, 0x08, 0x22, 0x08, 0x22, 0x08, 0x22, 0xF9, 0x4D, 0x00, 0x00, 0x00, 0x00, 0x00, 0x00, 0x00, 0x00,
  0x00, 0x00, 0x00, 0x00, 0x00, 0x00, 0x00, 0x00, 0x00, 0x00, 0xF9, 0x4D, 0xF9, 0x4D, 0x08, 0x22, 0x08, 0x22, 0x08, 0x22, 0x08, 0x22, 0x08, 0x22,
  0x08, 0x22, 0x08, 0x22, 0x08, 0x22, 0x08, 0x22, 0x08, 0x22, 0x08, 0x22, 0x08, 0x22, 0x08, 0x22, 0x08, 0x22, 0x08, 0x22, 0x08, 0x22, 0x08, 0x22,
  0x08, 0x22, 0x08, 0x22, 0x08, 0x22, 0x08, 0x22, 0x08, 0x22, 0x08, 0x22, 0x08, 0x22, 0x08, 0x22, 0x08, 0x22, 0x08, 0x22, 0x08, 0x22, 0x08, 0x22,
  0x08, 0x22, 0x08, 0x22, 0x08, 0x22, 0x08, 0x22, 0x08, 0x22, 0xF9, 0x4D, 0xF9, 0x4D, 0x00, 0x00, 0x00, 0x00, 0x00, 0x00, 0x00, 0x00, 0x00, 0x00,
  0x00, 0x00, 0x00, 0x00, 0x00, 0x00, 0x00, 0x00, 0x00, 0x00, 0x00, 0x00, 0xF9, 0x4D, 0xF9, 0x4D, 0xF9, 0x4D, 0xF9, 0x4D, 0xF9, 0x4D, 0xF9, 0x4D,
  0xF9, 0x4D, 0xF9, 0x4D, 0xF9, 0x4D, 0xF9, 0x4D, 0xF9, 0x4D, 0xF9, 0x4D, 0xF9, 0x4D, 0xF9, 0x4D, 0xF9, 0x4D, 0xF9, 0x4D, 0xF9, 0x4D, 0xF9, 0x4D,
  0xF9, 0x4D, 0xF9, 0x4D, 0xF9, 0x4D, 0xF9, 0x4D, 0xF9, 0x4D, 0xF9, 0x4D, 0xF9, 0x4D, 0xF9, 0x4D, 0xF9, 0x4D, 0xF9, 0x4D, 0xF9, 0x4D, 0xF9, 0x4D,
  0xF9, 0x4D, 0xF9, 0x4D, 0xF9, 0x4D, 0xF9, 0x4D, 0xF9, 0x4D, 0xF9, 0x4D, 0x00, 0x00, 0x00, 0x00, 0x00, 0x00, 0x00, 0x00, 0x00, 0x00, 0x00, 0x00,
  0x00, 0x00, 0x00, 0x00, 0x00, 0x00, 0x00, 0x00, 0x00, 0x00, 0x00, 0x00, 0x00, 0x00, 0x00, 0x00, 0x00, 0x00, 0x00, 0x00, 0x00, 0x00, 0x00, 0x00,
  0x00, 0x00, 0x00, 0x00, 0x00, 0x00, 0x00, 0x00, 0x00, 0x00, 0x00, 0x00, 0x00, 0x00, 0x00, 0x00, 0x00, 0x00, 0x00, 0x00, 0x00, 0x00, 0x00, 0x00,
  0x00, 0x00, 0x00, 0x00, 0x00, 0x00, 0x00, 0x00, 0x00, 0x00, 0x00, 0x00, 0x00, 0x00, 0x00, 0x00, 0x00, 0x00, 0x00, 0x00, 0x00, 0x00, 0x00, 0x00,
  0x00, 0x00, 0x00, 0x00, 0x00, 0x00, 0x00, 0x00, 0x00, 0x00, 0x00, 0x00, 0x00, 0x00, 0x00, 0x00, 0x00, 0x00, 0x00, 0x00, 0x00, 0x00, 0x00, 0x00,
  0x00, 0x00, 0x00, 0x00, 0x00, 0x00, 0x00, 0x00, 0x00, 0x00, 0x00, 0x00, 0x00, 0x00, 0x00, 0x00, 0x00, 0x00, 0x00, 0x00, 0x00, 0x00, 0x00, 0x00,
  0x00, 0x00, 0x00, 0x00, 0x00, 0x00, 0x00, 0x00, 0x00, 0x00, 0x00, 0x00, 0x00, 0x00, 0x00, 0x00, 0x00, 0x00, 0x00, 0x00, 0x00, 0x00, 0x00, 0x00,
  0x00, 0x00, 0x00, 0x00, 0x00, 0x00, 0x00, 0x00, 0x00, 0x00, 0x00, 0x00, 0x00, 0x00, 0x00, 0x00, 0x00, 0x00, 0x00, 0x00, 0x00, 0x00, 0x00, 0x00,
  0x00, 0x00, 0x00, 0x00, 0x00, 0x00, 0x00, 0x00, 0x00, 0x00, 0x00, 0x00, 0x00, 0x00, 0x00, 0x00, 0x00, 0x00, 0x00, 0x00, 0x00, 0x00, 0x00, 0x00,
  0x00, 0x00, 0x00, 0x00, 0x00, 0x00, 0x00, 0x00, 0x00, 0x00, 0x00, 0x00, 0x00, 0x00, 0x00, 0x00, 0x00, 0x00, 0x00, 0x00, 0x00, 0x00, 0x00, 0x00,
  0x00, 0x00, 0x00, 0x00, 0x00, 0x00, 0x00, 0x00, 0x00, 0x00, 0x00, 0x00, 0x00, 0x00, 0x00, 0x00, 0x00, 0x00, 0x00, 0x00, 0x00, 0x00, 0x00, 0x00,
  0x00, 0x00, 0x00, 0x00, 0x00, 0x00, 0x00, 0x00, 0x00, 0x00, 0x00, 0x00, 0x00, 0x00, 0x00, 0x00, 0x00, 0x00, 0x00, 0x00, 0x00, 0x00, 0x00, 0x00,
  0x00, 0x00, 0x00, 0x00, 0x00, 0x00, 0x00, 0x00, 0x00, 0x00, 0x00, 0x00, 0x00, 0x00, 0x00, 0x00, 0x00, 0x00, 0x00, 0x00, 0x00, 0x00, 0x00, 0x00,
};

/* Nota yellow: 48x48 */
uint8_t note_yellow[4608] = {
  0x00, 0x00, 0x00, 0x00, 0x00, 0x00, 0x00, 0x00, 0x00, 0x00, 0x00, 0x00, 0x00, 0x00, 0x00, 0x00, 0x00, 0x00, 0x00, 0x00, 0x00, 0x00, 0x00, 0x00,
  0x00, 0x00, 0x00, 0x00, 0x00, 0x00, 0x00, 0x00, 0x00, 0x00, 0x00, 0x00, 0x00, 0x00, 0x00, 0x00, 0x00, 0x00, 0x00, 0x00, 0x00, 0x00, 0x00, 0x00,
  0x00, 0x00, 0x00, 0x00, 0x00, 0x00, 0x00, 0x00, 0x00, 0x00, 0x00, 0x00, 0x00, 0x00, 0x00, 0x00, 0x00, 0x00, 0x00, 0x00, 0x00, 0x00, 0x00, 0x00,
  0x00, 0x00, 0x00, 0x00, 0x00, 0x00, 0x00, 0x00, 0x00, 0x00, 0x00, 0x00, 0x00, 0x00, 0x00, 0x00, 0x00, 0x00, 0x00, 0x00, 0x00, 0x00, 0x00, 0x00,
  0x00, 0x00, 0x00, 0x00, 0x00, 0x00, 0x00, 0x00, 0x00, 0x00, 0x00, 0x00, 0x00, 0x00, 0x00, 0x00, 0x00, 0x00, 0x00, 0x00, 0x00, 0x00, 0x00, 0x00,
  0x00, 0x00, 0x00, 0x00, 0x00, 0x00, 0x00, 0x00, 0x00, 0x00, 0x00, 0x00, 0x00, 0x00, 0x00, 0x00, 0x00, 0x00, 0x00, 0x00, 0x00, 0x00, 0x00, 0x00,
  0x00, 0x00, 0x00, 0x00, 0x00, 0x00, 0x00, 0x00, 0x00, 0x00, 0x00, 0x00, 0x00, 0x00, 0x00, 0x00, 0x00, 0x00, 0x00, 0x00, 0x00, 0x00, 0x00, 0x00,
  0x00, 0x00, 0x00, 0x00, 0x00, 0x00, 0x00, 0x00, 0x00, 0x00, 0x00, 0x00, 0x00, 0x00, 0x00, 0x00, 0x00, 0x00, 0x00, 0x00, 0x00, 0x00, 0x00, 0x00,
  0x00, 0x00, 0x00, 0x00, 0x00, 0x00, 0x00, 0x00, 0x00, 0x00, 0x00, 0x00, 0x00, 0x00, 0x00, 0x00, 0x00, 0x00, 0x00, 0x00, 0x00, 0x00, 0x00, 0x00,
  0x00, 0x00, 0x00, 0x00, 0x00, 0x00, 0x00, 0x00, 0x00, 0x00, 0x00, 0x00, 0x00, 0x00, 0x00, 0x00, 0x00, 0x00, 0x00, 0x00, 0x00, 0x00, 0x00, 0x00,
  0x00, 0x00, 0x00, 0x00, 0x00, 0x00, 0x00, 0x00, 0x00, 0x00, 0x00, 0x00, 0x00, 0x00, 0x00, 0x00, 0x00, 0x00, 0x00, 0x00, 0x00, 0x00, 0x00, 0x00,
  0x00, 0x00, 0x00, 0x00, 0x00, 0x00, 0x00, 0x00, 0x00, 0x00, 0x00, 0x00, 0x00, 0x00, 0x00, 0x00, 0x00, 0x00, 0x00, 0x00, 0x00, 0x00, 0x00, 0x00,
  0x00, 0x00, 0x00, 0x00, 0x00, 0x00, 0x00, 0x00, 0x00, 0x00, 0x00, 0x00, 0xFF, 0x05, 0xFF, 0x05, 0xFF, 0x05, 0xFF, 0x05, 0xFF, 0x05, 0xFF, 0x05,
  0xFF, 0x05, 0xFF, 0x05, 0xFF, 0x05, 0xFF, 0x05, 0xFF, 0x05, 0xFF, 0x05, 0xFF, 0x05, 0xFF, 0x05, 0xFF, 0x05, 0xFF, 0x05, 0xFF, 0x05, 0xFF, 0x05,
  0xFF, 0x05, 0xFF, 0x05, 0xFF, 0x05, 0xFF, 0x05, 0xFF, 0x05, 0xFF, 0x05, 0xFF, 0x05, 0xFF, 0x05, 0xFF, 0x05, 0xFF, 0x05, 0xFF, 0x05, 0xFF, 0x05,
  0xFF, 0x05, 0xFF, 0x05, 0xFF, 0x05, 0xFF, 0x05, 0xFF, 0x05, 0xFF, 0x05, 0x00, 0x00, 0x00, 0x00, 0x00, 0x00, 0x00, 0x00, 0x00, 0x00, 0x00, 0x00,
  0x00, 0x00, 0x00, 0x00, 0x00, 0x00, 0x00, 0x00, 0x00, 0x00, 0xFF, 0x05, 0xFF, 0x05, 0x08, 0x22, 0x08, 0x22, 0x08, 0x22, 0x08, 0x22, 0x08, 0x22,
  0x08, 0x22, 0x08, 0x22, 0x08, 0x22, 0x08, 0x22, 0x08, 0x22, 0x08, 0x22, 0x08, 0x22, 0x08, 0x22, 0x08, 0x22, 0x08, 0x22, 0x08, 0x22, 0x08, 0x22,
  0x08, 0x22, 0x08, 0x22, 0x08, 0x22, 0x08, 0x22, 0x08, 0x22, 0x08, 0x22, 0x08, 0x22, 0x08, 0x22, 0x08, 0x22, 0x08, 0x22, 0x08, 0x22, 0x08, 0x22,
  0x08, 0x22, 0x08, 0x22, 0x08, 0x22, 0x08, 0x22, 0x08, 0x22, 0xFF, 0x05, 0xFF, 0x05, 0x00, 0x00, 0x00, 0x00, 0x00, 0x00, 0x00, 0x00, 0x00, 0x00,
  0x00, 0x00, 0x00, 0x00, 0x00, 0x00, 0x00, 0x00, 0xFF, 0x05, 0x08, 0x22, 0x08, 0x22, 0x08, 0x22, 0xEF, 0x7E, 0xEF, 0x7E, 0xEF, 0x7E, 0xEF, 0x7E,
  0xEF, 0x7E, 0xEF, 0x7E, 0xEF, 0x7E, 0xEF, 0x7E, 0xEF, 0x7E, 0xEF, 0x7E, 0xEF, 0x7E, 0xEF, 0x7E, 0xEF, 0x7E, 0xEF, 0x7E, 0xEF, 0x7E, 0xEF, 0x7E,
  0xEF, 0x7E, 0xEF, 0x7E, 0xEF, 0x7E, 0xEF, 0x7E, 0xEF, 0x7E, 0xEF, 0x7E, 0xEF, 0x7E, 0xEF, 0x7E, 0xEF, 0x7E, 0xEF, 0x7E, 0xEF, 0x7E, 0xEF, 0x7E,
  0xEF, 0x7E, 0xEF, 0x7E, 0xEF, 0x7E, 0xEF, 0x7E, 0x08, 0x22, 0x08, 0x22, 0x08, 0x22, 0xFF, 0x05, 0x00, 0x00, 0x00, 0x00, 0x00, 0x00, 0x00, 0x00,
  0x00, 0x00, 0x00, 0x00, 0x00, 0x00, 0xFF, 0x05, 0xFF, 0x05, 0x08, 0x22, 0xE7, 0x5E, 0xE7, 0x5E, 0xE7, 0x5E, 0xE7, 0x5E, 0xE7, 0x5E, 0xE7, 0x5E,
  0xE7, 0x5E, 0xE7, 0x5E, 0xE7, 0x5E, 0xE7, 0x5E, 0xE7, 0x5E, 0xE7, 0x5E, 0xE7, 0x5E, 0xE7, 0x5E, 0xE7, 0x5E, 0xE7, 0x5E, 0xE7, 0x5E, 0xE7, 0x5E,
  0xE7, 0x5E, 0xE7, 0x5E, 0xE7, 0x5E, 0xE7, 0x5E, 0xE7, 0x5E, 0xE7, 0x5E, 0xE7, 0x5E, 0xE7, 0x5E, 0xE7, 0x5E, 0xE7, 0x5E, 0xE7, 0x5E, 0xE7, 0x5E,
  0xE7, 0x5E, 0xE7, 0x5E, 0xE7, 0x5E, 0xE7, 0x5E, 0xE7, 0x5E, 0xE7, 0x5E, 0x08, 0x22, 0xFF, 0x05, 0xFF, 0x05, 0x00, 0x00, 0x00, 0x00, 0x00, 0x00,
  0x00, 0x00, 0x00, 0x00, 0x00, 0x00, 0xFF, 0x05, 0x08, 0x22, 0x08, 0x22, 0xE7, 0x3D, 0xC6, 0x39, 0xC6, 0x39, 0xDE, 0x90, 0xDE, 0x90, 0xDE, 0x90,
  0xDE, 0x90, 0xDE, 0x90, 0xDE, 0x90, 0xDE, 0x90, 0xDE, 0x90, 0xDE, 0x90, 0xDE, 0x90, 0xDE, 0x90, 0xDE, 0x90, 0xDE, 0x90, 0xDE, 0x90, 0xDE, 0x90,
  0xDE, 0x90, 0xDE, 0x90, 0xDE, 0x90, 0xDE, 0x90, 0xDE, 0x90, 0xDE, 0x90, 0xDE, 0x90, 0xDE, 0x90, 0xDE, 0x90, 0xDE, 0x90, 0xDE, 0x90, 0xDE, 0x90,
  0xDE, 0x90, 0xDE, 0x90, 0xDE, 0x90, 0xC6, 0x39, 0xC6, 0x39, 0xE7, 0x3D, 0x08, 0x22, 0x08, 0x22, 0xFF, 0x05, 0x00, 0x00, 0x00, 0x00, 0x00, 0x00,
  0x00, 0x00, 0x00, 0x00, 0x00, 0x00, 0xFF, 0x05, 0x08, 0x22, 0xDE, 0xFC, 0xDE, 0xFC, 0xDE, 0xFC, 0xFF, 0x92, 0xFF, 0xB8, 0xFF, 0xB8, 0xFF, 0xB8,
  0xFF, 0xB8, 0xFF, 0xB8, 0xFF, 0xB8, 0xFF, 0xB8, 0xFF, 0xB8, 0xFF, 0xB8, 0xFF, 0xB8, 0xFF, 0xB8, 0xFF, 0xB8, 0xFF, 0xB8, 0xFF, 0xB8, 0xFF, 0xB8,
  0xFF, 0xB8, 0xFF, 0xB8, 0xFF, 0xB8, 0xFF, 0xB8, 0xFF, 0xB8, 0xFF, 0xB8, 0xFF, 0xB8, 0xFF, 0xB8, 0xFF, 0xB8, 0xFF, 0xB8, 0xFF, 0xB8, 0xFF, 0xB8,
  0xFF, 0xB8, 0xFF, 0xB8, 0xFF, 0xB8, 0xFF, 0x92, 0xDE, 0xFC, 0xDE, 0xFC, 0xDE, 0xFC, 0x08, 0x22, 0xFF, 0x05, 0x00, 0x00, 0x00, 0x00, 0x00, 0x00,
  0x00, 0x00, 0x00, 0x00, 0x00, 0x00, 0xFF, 0x05, 0x08, 0x22, 0xD6, 0xDC, 0xD6, 0xDC, 0xFF, 0x91, 0xFF, 0xB7, 0xFF, 0xB7, 0xFF, 0xB7, 0xFF, 0xB7,
  0xFF, 0xB7, 0xFF, 0xB7, 0xFF, 0xB7, 0xFF, 0xB7, 0xFF, 0xB7, 0xFF, 0xB7, 0xFF, 0xB7, 0xFF, 0xB7, 0xFF, 0xB7, 0xFF, 0xB7, 0xFF, 0xB7, 0xFF, 0xB7,
  0xFF, 0xB7, 0xFF, 0xB7, 0xFF, 0xB7, 0xFF, 0xB7, 0xFF, 0xB7, 0xFF, 0xB7, 0xFF, 0xB7, 0xFF, 0xB7, 0xFF, 0xB7, 0xFF, 0xB7, 0xFF, 0xB7, 0xFF, 0xB7,
  0xFF, 0xB7, 0xFF, 0xB7, 0xFF, 0xB7, 0xFF, 0xB7, 0xFF, 0x91, 0xD6, 0xDC, 0xD6, 0xDC, 0x08, 0x22, 0xFF, 0x05, 0x00, 0x00, 0x00, 0x00, 0x00, 0x00,
  0x00, 0x00, 0x00, 0x00, 0x00, 0x00, 0xFF, 0x05, 0x08, 0x22, 0xD6, 0xBB, 0xD6, 0xBB, 0xDE, 0x6E, 0xEE, 0xF5, 0xEE, 0xF5, 0xEE, 0xF5, 0xEE, 0xF5,
  0xEE, 0xF5, 0xEE, 0xF5, 0xEE, 0xF5, 0xEE, 0xF5, 0xEE, 0xF5, 0xEE, 0xF5, 0xEE, 0xF5, 0xEE, 0xF5, 0xEE, 0xF5, 0xEE, 0xF5, 0xEE, 0xF5, 0xEE, 0xF5,
  0xEE, 0xF5, 0xEE, 0xF5, 0xEE, 0xF5, 0xEE, 0xF5, 0xEE, 0xF5, 0xEE, 0xF5, 0xEE, 0xF5, 0xEE, 0xF5, 0xEE, 0xF5, 0xEE, 0xF5, 0xEE, 0xF5, 0xEE, 0xF5,
  0xEE, 0xF5, 0xEE, 0xF5, 0xEE, 0xF5, 0xEE, 0xF5, 0xDE, 0x6E, 0xD6, 0xBB, 0xD6, 0xBB, 0x08, 0x22, 0xFF, 0x05, 0x00, 0x00, 0x00, 0x00, 0x00, 0x00,
  0x00, 0x00, 0x00, 0x00, 0x00, 0x00, 0xFF, 0x05, 0x08, 0x22, 0xCE, 0x9B, 0xCE, 0x9B, 0xFF, 0x70, 0xFF, 0x95, 0xFF, 0x95, 0xFF, 0x95, 0xFF, 0x95,
  0xFF, 0x95, 0xFF, 0x95, 0xFF, 0x95, 0xFF, 0x95, 0xFF, 0x95, 0xFF, 0x95, 0xFF, 0x95, 0xFF, 0x95, 0xFF, 0x95, 0xFF, 0x95, 0xFF, 0x95, 0xFF, 0x95,
  0xFF, 0x95, 0xFF, 0x95, 0xFF, 0x95, 0xFF, 0x95, 0xFF, 0x95, 0xFF, 0x95, 0xFF, 0x95, 0xFF, 0x95, 0xFF, 0x95, 0xFF, 0x95, 0xFF, 0x95, 0xFF, 0x95,
  0xFF, 0x95, 0xFF, 0x95, 0xFF, 0x95, 0xFF, 0x95, 0xFF, 0x70, 0xCE, 0x9B, 0xCE, 0x9B, 0x08, 0x22, 0xFF, 0x05, 0x00, 0x00, 0x00, 0x00, 0x00, 0x00,
  0x00, 0x00, 0x00, 0x00, 0x00, 0x00, 0xFF, 0x05, 0x08, 0x22, 0xC6, 0x5A, 0xC6, 0x5A, 0xFF, 0x6F, 0xFF, 0x94, 0xFF, 0x94, 0xFF, 0x94, 0xFF, 0x94,
  0xFF, 0x94, 0xFF, 0x94, 0xFF, 0x94, 0xFF, 0x94, 0xFF, 0x94, 0xFF, 0x94, 0xFF, 0x94, 0xFF, 0x94, 0xFF, 0x94, 0xFF, 0x94, 0xFF, 0x94, 0xFF, 0x94,
  0xFF, 0x94, 0xFF, 0x94, 0xFF, 0x94, 0xFF, 0x94, 0xFF, 0x94, 0xFF, 0x94, 0xFF, 0x94, 0xFF, 0x94, 0xFF, 0x94, 0xFF, 0x94, 0xFF, 0x94, 0xFF, 0x94,
  0xFF, 0x94, 0xFF, 0x94, 0xFF, 0x94, 0xFF, 0x94, 0xFF, 0x6F, 0xC6, 0x5A, 0xC6, 0x5A, 0x08, 0x22, 0xFF, 0x05, 0x00, 0x00, 0x00, 0x00, 0x00, 0x00,
  0x00, 0x00, 0x00, 0x00, 0x00, 0x00, 0xFF, 0x05, 0x08, 0x22, 0xC6, 0x3A, 0xC6, 0x3A, 0xDE, 0x4C, 0xE6, 0xD1, 0xE6, 0xD1, 0xE6, 0xD1, 0xE6, 0xD1,
  0xE6, 0xD1, 0xE6, 0xD1, 0xE6, 0xD1, 0xE6, 0xD1, 0xE6, 0xD1, 0xE6, 0xD1, 0xE6, 0xD1, 0xE6, 0xD1, 0xE6, 0xD1, 0xE6, 0xD1, 0xE6, 0xD1, 0xE6, 0xD1,
  0xE6, 0xD1, 0xE6, 0xD1, 0xE6, 0xD1, 0xE6, 0xD1, 0xE6, 0xD1, 0xE6, 0xD1, 0xE6, 0xD1, 0xE6, 0xD1, 0xE6, 0xD1, 0xE6, 0xD1, 0xE6, 0xD1, 0xE6, 0xD1,
  0xE6, 0xD1, 0xE6, 0xD1, 0xE6, 0xD1, 0xE6, 0xD1, 0xDE, 0x4C, 0xC6, 0x3A, 0xC6, 0x3A, 0x08, 0x22, 0xFF, 0x05, 0x00, 0x00, 0x00, 0x00, 0x00, 0x00,
  0x00, 0x00, 0x00, 0x00, 0x00, 0x00, 0xFF, 0x05, 0x08, 0x22, 0xBE, 0x19, 0xBE, 0x19, 0xFF, 0x4D, 0xFF, 0x71, 0xFF, 0x71, 0xFF, 0x71, 0xFF, 0x71,
  0xFF, 0x71, 0xFF, 0x71, 0xFF, 0x71, 0x08, 0x22, 0x08, 0x22, 0x08, 0x22, 0x08, 0x22, 0x08, 0x22, 0x08, 0x22, 0x08, 0x22, 0x08, 0x22, 0x08, 0x22,
  0x08, 0x22, 0x08, 0x22, 0x08, 0x22, 0x08, 0x22, 0x08, 0x22, 0x08, 0x22, 0x08, 0x22, 0x08, 0x22, 0x08, 0x22, 0xFF, 0x71, 0xFF, 0x71, 0xFF, 0x71,
  0xFF, 0x71, 0xFF, 0x71, 0xFF, 0x71, 0xFF, 0x71, 0xFF, 0x4D, 0xBE, 0x19, 0xBE, 0x19, 0x08, 0x22, 0xFF, 0x05, 0x00, 0x00, 0x00, 0x00, 0x00, 0x00,
  0x00, 0x00, 0x00, 0x00, 0x00, 0x00, 0xFF, 0x05, 0x08, 0x22, 0xBD, 0xF9, 0xBD, 0xF9, 0xFF, 0x4C, 0xFF, 0x70, 0xFF, 0x70, 0xFF, 0x70, 0xFF, 0x70,
  0xFF, 0x70, 0xFF, 0x70, 0x08, 0x22, 0x08, 0x22, 0xFF, 0xFF, 0xFF, 0xFF, 0xFF, 0xFF, 0xFF, 0xFF, 0xFF, 0xFF, 0xFF, 0xFF, 0xFF, 0xFF, 0xFF, 0xFF,
  0xFF, 0xFF, 0xFF, 0xFF, 0xFF, 0xFF, 0xFF, 0xFF, 0xFF, 0xFF, 0xFF, 0xFF, 0xFF, 0xFF, 0xFF, 0xFF, 0x08, 0x22, 0x08, 0x22, 0xFF, 0x70, 0xFF, 0x70,
  0xFF, 0x70, 0xFF, 0x70, 0xFF, 0x70, 0xFF, 0x70, 0xFF, 0x4C, 0xBD, 0xF9, 0xBD, 0xF9, 0x08, 0x22, 0xFF, 0x05, 0x00, 0x00, 0x00, 0x00, 0x00, 0x00,
  0x00, 0x00, 0x00, 0x00, 0x00, 0x00, 0xFF, 0x05, 0x08, 0x22, 0xB5, 0xB8, 0xB5, 0xB8, 0xDE, 0x49, 0xE6, 0x8D, 0xE6, 0x8D, 0xE6, 0x8D, 0xE6, 0x8D,
  0xE6, 0x8D, 0xE6, 0x8D, 0x08, 0x22, 0xF7, 0xDF, 0xF7, 0xDF, 0xF7, 0xDF, 0xF7, 0xDF, 0xF7, 0xDF, 0xF7, 0xDF, 0xF7, 0xDF, 0xF7, 0xDF, 0xF7, 0xDF,
  0xF7, 0xDF, 0xF7, 0xDF, 0xF7, 0xDF, 0xF7, 0xDF, 0xF7, 0xDF, 0xF7, 0xDF, 0xF7, 0xDF, 0xF7, 0xDF, 0xF7, 0xDF, 0x08, 0x22, 0xE6, 0x8D, 0xE6, 0x8D,
  0xE6, 0x8D, 0xE6, 0x8D, 0xE6, 0x8D, 0xE6, 0x8D, 0xDE, 0x49, 0xB5, 0xB8, 0xB5, 0xB8, 0x08, 0x22, 0xFF, 0x05, 0x00, 0x00, 0x00, 0x00, 0x00, 0x00,
  0x00, 0x00, 0x00, 0x00, 0x00, 0x00, 0xFF, 0x05, 0x08, 0x22, 0xAD, 0x97, 0xAD, 0x97, 0xFF, 0x2A, 0xFF, 0x4D, 0xFF, 0x4D, 0xFF, 0x4D, 0xFF, 0x4D,
  0xFF, 0x4D, 0xFF, 0x4D, 0x08, 0x22, 0xE7, 0x9F, 0xE7, 0x9F, 0xE7, 0x9F, 0xE7, 0x9F, 0xE7, 0x9F, 0xE7, 0x9F, 0xE7, 0x9F, 0xE7, 0x9F, 0xE7, 0x9F,
  0xE7, 0x9F, 0xE7, 0x9F, 0xE7, 0x9F, 0xE7, 0x9F, 0xE7, 0x9F, 0xE7, 0x9F, 0xE7, 0x9F, 0xE7, 0x9F, 0xE7, 0x9F, 0x08, 0x22, 0xFF, 0x4D, 0xFF, 0x4D,
  0xFF, 0x4D, 0xFF, 0x4D, 0xFF, 0x4D, 0xFF, 0x4D, 0xFF, 0x2A, 0xAD, 0x97, 0xAD, 0x97, 0x08, 0x22, 0xFF, 0x05, 0x00, 0x00, 0x00, 0x00, 0x00, 0x00,
  0x00, 0x00, 0x00, 0x00, 0x00, 0x00, 0xFF, 0x05, 0x08, 0x22, 0xAD, 0x77, 0xAD, 0x77, 0xFF, 0x29, 0xFF, 0x4B, 0xFF, 0x4B, 0xFF, 0x4B, 0xFF, 0x4B,
  0xFF, 0x4B, 0xFF, 0x4B, 0x08, 0x22, 0xDF, 0x5F, 0xDF, 0x5F, 0xDF, 0x5F, 0xDF, 0x5F, 0xDF, 0x5F, 0xDF, 0x5F, 0xDF, 0x5F, 0xDF, 0x5F, 0xDF, 0x5F,
  0xDF, 0x5F, 0xDF, 0x5F, 0xDF, 0x5F, 0xDF, 0x5F, 0xDF, 0x5F, 0xDF, 0x5F, 0xDF, 0x5F, 0xDF, 0x5F, 0xDF, 0x5F, 0x08, 0x22, 0xFF, 0x4B, 0xFF, 0x4B,
  0xFF, 0x4B, 0xFF, 0x4B, 0xFF, 0x4B, 0xFF, 0x4B, 0xFF, 0x29, 0xAD, 0x77, 0xAD, 0x77, 0x08, 0x22, 0xFF, 0x05, 0x00, 0x00, 0x00, 0x00, 0x00, 0x00,
  0x00, 0x00, 0x00, 0x00, 0x00, 0x00, 0xFF, 0x05, 0x08, 0x22, 0xA5, 0x56, 0xA5, 0x56, 0xDE, 0x27, 0xDE, 0x27, 0xDE, 0x28, 0xDE, 0x28, 0xDE, 0x28,
  0xDE, 0x28, 0xDE, 0x28, 0x08, 0x22, 0xCF, 0x1F, 0xCF, 0x1F, 0xCF, 0x1F, 0xCF, 0x1F, 0xCF, 0x1F, 0xCF, 0x1F, 0xCF, 0x1F, 0xCF, 0x1F, 0xCF, 0x1F,
  0xCF, 0x1F, 0xCF, 0x1F, 0xCF, 0x1F, 0xCF, 0x1F, 0xCF, 0x1F, 0xCF, 0x1F, 0xCF, 0x1F, 0xCF, 0x1F, 0xCF, 0x1F, 0x08, 0x22, 0xDE, 0x28, 0xDE, 0x28,
  0xDE, 0x28, 0xDE, 0x28, 0xDE, 0x28, 0xDE, 0x27, 0xDE, 0x27, 0xA5, 0x56, 0xA5, 0x56, 0x08, 0x22, 0xFF, 0x05, 0x00, 0x00, 0x00, 0x00, 0x00, 0x00,
  0x00, 0x00, 0x00, 0x00, 0x00, 0x00, 0xFF, 0x05, 0x08, 0x22, 0x9D, 0x16, 0x9D, 0x16, 0xFF, 0x27, 0xFF, 0x27, 0xFF, 0x27, 0xFF, 0x27, 0xFF, 0x27,
  0xFF, 0x27, 0xFF, 0x27, 0x08, 0x22, 0xBE, 0xFF, 0xBE, 0xFF, 0xBE, 0xFF, 0xBE, 0xFF, 0xBE, 0xFF, 0xBE, 0xFF, 0xE6, 0x44, 0xE6, 0x44, 0xE6, 0x44,
  0xE6, 0x44, 0xE6, 0x44, 0xE6, 0x44, 0xBE, 0xFF, 0xBE, 0xFF, 0xBE, 0xFF, 0xBE, 0xFF, 0xBE, 0xFF, 0xBE, 0xFF, 0x08, 0x22, 0xFF, 0x27, 0xFF, 0x27,
  0xFF, 0x27, 0xFF, 0x27, 0xFF, 0x27, 0xFF, 0x27, 0xFF, 0x27, 0x9D, 0x16, 0x9D, 0x16, 0x08, 0x22, 0xFF, 0x05, 0x00, 0x00, 0x00, 0x00, 0x00, 0x00,
  0x00, 0x00, 0x00, 0x00, 0x00, 0x00, 0xFF, 0x05, 0x08, 0x22, 0x9C, 0xF5, 0x9C, 0xF5, 0xFF, 0x07, 0xFF, 0x07, 0xFF, 0x07, 0xFF, 0x07, 0xFF, 0x07,
  0xFF, 0x07, 0xFF, 0x07, 0x08, 0x22, 0xB6, 0xBF, 0xB6, 0xBF, 0xB6, 0xBF, 0xB6, 0xBF, 0xB6, 0xBF, 0xE6, 0x44, 0xFF, 0xDA, 0xFF, 0xDA, 0xFF, 0xDA,
  0xE6, 0x44, 0xE6, 0x44, 0xE6, 0x44, 0xE6, 0x44, 0xB6, 0xBF, 0xB6, 0xBF, 0xB6, 0xBF, 0xB6, 0xBF, 0xB6, 0xBF, 0x08, 0x22, 0xFF, 0x07, 0xFF, 0x07,
  0xFF, 0x07, 0xFF, 0x07, 0xFF, 0x07, 0xFF, 0x07, 0xFF, 0x07, 0x9C, 0xF5, 0x9C, 0xF5, 0x08, 0x22, 0xFF, 0x05, 0x00, 0x00, 0x00, 0x00, 0x00, 0x00,
  0x00, 0x00, 0x00, 0x00, 0x00, 0x00, 0xFF, 0x05, 0x08, 0x22, 0x94, 0xD5, 0x94, 0xD5, 0xDE, 0x05, 0xDE, 0x05, 0xDE, 0x05, 0xDE, 0x05, 0xDE, 0x05,
  0xDE, 0x05, 0xDE, 0x05, 0x08, 0x22, 0xA6, 0x7F, 0xA6, 0x7F, 0xA6, 0x7F, 0xA6, 0x7F, 0xA6, 0x7F, 0xE6, 0x44, 0xFF, 0xDA, 0xFF, 0xDA, 0xFF, 0xDA,
  0xE6, 0x44, 0xE6, 0x44, 0xE6, 0x44, 0xE6, 0x44, 0xA6, 0x7F, 0xA6, 0x7F, 0xA6, 0x7F, 0xA6, 0x7F, 0xA6, 0x7F, 0x08, 0x22, 0xDE, 0x05, 0xDE, 0x05,
  0xDE, 0x05, 0xDE, 0x05, 0xDE, 0x05, 0xDE, 0x05, 0xDE, 0x05, 0x94, 0xD5, 0x94, 0xD5, 0x08, 0x22, 0xFF, 0x05, 0x00, 0x00, 0x00, 0x00, 0x00, 0x00,
  0x00, 0x00, 0x00, 0x00, 0x00, 0x00, 0xFF, 0x05, 0x08, 0x22, 0x94, 0xB4, 0x94, 0xB4, 0xFF, 0x05, 0xFF, 0x05, 0xFF, 0x05, 0xFF, 0x05, 0xFF, 0x05,
  0xFF, 0x05, 0xFF, 0x05, 0x08, 0x22, 0x96, 0x3F, 0x96, 0x3F, 0x96, 0x3F, 0x96, 0x3F, 0x96, 0x3F, 0xE6, 0x44, 0xFF, 0xDA, 0xFF, 0xDA, 0xFF, 0xDA,
  0xE6, 0x44, 0xE6, 0x44, 0xE6, 0x44, 0xE6, 0x44, 0x96, 0x3F, 0x96, 0x3F, 0x96, 0x3F, 0x96, 0x3F, 0x96, 0x3F, 0x08, 0x22, 0xFF, 0x05, 0xFF, 0x05,
  0xFF, 0x05, 0xFF, 0x05, 0xFF, 0x05, 0xFF, 0x05, 0xFF, 0x05, 0x94, 0xB4, 0x94, 0xB4, 0x08, 0x22, 0xFF, 0x05, 0x00, 0x00, 0x00, 0x00, 0x00, 0x00,
  0x00, 0x00, 0x00, 0x00, 0x00, 0x00, 0xFF, 0x05, 0x08, 0x22, 0x8C, 0x94, 0x8C, 0x94, 0x73, 0x42, 0x73, 0x42, 0x73, 0x42, 0x73, 0x42, 0x73, 0x42,
  0x73, 0x42, 0x73, 0x42, 0x08, 0x22, 0xFC, 0x1A, 0xFC, 0x1A, 0xFC, 0x1A, 0xFC, 0x1A, 0xFC, 0x1A, 0xE6, 0x44, 0xE6, 0x44, 0xE6, 0x44, 0xE6, 0x44,
  0xE6, 0x44, 0xE6, 0x44, 0xE6, 0x44, 0xE6, 0x44, 0xFC, 0x1A, 0xFC, 0x1A, 0xFC, 0x1A, 0xFC, 0x1A, 0xFC, 0x1A, 0x08, 0x22, 0x73, 0x42, 0x73, 0x42,
  0x73, 0x42, 0x73, 0x42, 0x73, 0x42, 0x73, 0x42, 0x73, 0x42, 0x8C, 0x94, 0x8C, 0x94, 0x08, 0x22, 0xFF, 0x05, 0x00, 0x00, 0x00, 0x00, 0x00, 0x00,
  0x00, 0x00, 0x00, 0x00, 0x00, 0x00, 0xFF, 0x05, 0x08, 0x22, 0x8C, 0x73, 0x8C, 0x73, 0x6A, 0xE2, 0x6A, 0xE2, 0x6A, 0xE2, 0x6A, 0xE2, 0x6A, 0xE2,
  0x6A, 0xE2, 0x6A, 0xE2, 0x08, 0x22, 0xFC, 0x7A, 0xFC, 0x7A, 0xFC, 0x7A, 0xFC, 0x7A, 0xFC, 0x7A, 0xE6, 0x44, 0xE6, 0x44, 0xE6, 0x44, 0xE6, 0x44,
  0xE6, 0x44, 0xE6, 0x44, 0xE6, 0x44, 0xE6, 0x44, 0xFC, 0x7A, 0xFC, 0x7A, 0xFC, 0x7A, 0xFC, 0x7A, 0xFC, 0x7A, 0x08, 0x22, 0x6A, 0xE2, 0x6A, 0xE2,
  0x6A, 0xE2, 0x6A, 0xE2, 0x6A, 0xE2, 0x6A, 0xE2, 0x6A, 0xE2, 0x8C, 0x73, 0x8C, 0x73, 0x08, 0x22, 0xFF, 0x05, 0x00, 0x00, 0x00, 0x00, 0x00, 0x00,
  0x00, 0x00, 0x00, 0x00, 0x00, 0x00, 0xFF, 0x05, 0x08, 0x22, 0x84, 0x53, 0x84, 0x53, 0x83, 0xA2, 0x83, 0xA2, 0x83, 0xA2, 0x83, 0xA2, 0x83, 0xA2,
  0x83, 0xA2, 0x83, 0xA2, 0x08, 0x22, 0xFC, 0xDB, 0xFC, 0xDB, 0xFC, 0xDB, 0xFC, 0xDB, 0xFC, 0xDB, 0xE6, 0x44, 0xE6, 0x44, 0xE6, 0x44, 0xE6, 0x44,
  0xE6, 0x44, 0xE6, 0x44, 0xE6, 0x44, 0xE6, 0x44, 0xFC, 0xDB, 0xFC, 0xDB, 0xFC, 0xDB, 0xFC, 0xDB, 0xFC, 0xDB, 0x08, 0x22, 0x83, 0xA2, 0x83, 0xA2,
  0x83, 0xA2, 0x83, 0xA2, 0x83, 0xA2, 0x83, 0xA2, 0x83, 0xA2, 0x84, 0x53, 0x84, 0x53, 0x08, 0x22, 0xFF, 0x05, 0x00, 0x00, 0x00, 0x00, 0x00, 0x00,
  0x00, 0x00, 0x00, 0x00, 0x00, 0x00, 0xFF, 0x05, 0x08, 0x22, 0x84, 0x32, 0x84, 0x32, 0x8B, 0xE2, 0x8B, 0xE2, 0x8B, 0xE2, 0x8B, 0xE2, 0x8B, 0xE2,
  0x8B, 0xE2, 0x8B, 0xE2, 0x08, 0x22, 0xFD, 0x3B, 0xFD, 0x3B, 0xFD, 0x3B, 0xFD, 0x3B, 0xFD, 0x3B, 0xFD, 0x3B, 0xE6, 0x44, 0xE6, 0x44, 0xE6, 0x44,
  0xE6, 0x44, 0xE6, 0x44, 0xE6, 0x44, 0xFD, 0x3B, 0xFD, 0x3B, 0xFD, 0x3B, 0xFD, 0x3B, 0xFD, 0x3B, 0xFD, 0x3B, 0x08, 0x22, 0x8B, 0xE2, 0x8B, 0xE2,
  0x8B, 0xE2, 0x8B, 0xE2, 0x8B, 0xE2, 0x8B, 0xE2, 0x8B, 0xE2, 0x84, 0x32, 0x84, 0x32, 0x08, 0x22, 0xFF, 0x05, 0x00, 0x00, 0x00, 0x00, 0x00, 0x00,
  0x00, 0x00, 0x00, 0x00, 0x00, 0x00, 0xFF, 0x05, 0x08, 0x22, 0x7C, 0x12, 0x7C, 0x12, 0x83, 0x82, 0x83, 0x82, 0x83, 0x82, 0x83, 0x82, 0x83, 0x82,
  0x83, 0x82, 0x83, 0x82, 0x08, 0x22, 0xFD, 0x9C, 0xFD, 0x9C, 0xFD, 0x9C, 0xFD, 0x9C, 0xFD, 0x9C, 0xFD, 0x9C, 0xFD, 0x9C, 0xFD, 0x9C, 0xFD, 0x9C,
  0xFD, 0x9C, 0xFD, 0x9C, 0xFD, 0x9C, 0xFD, 0x9C, 0xFD, 0x9C, 0xFD, 0x9C, 0xFD, 0x9C, 0xFD, 0x9C, 0xFD, 0x9C, 0x08, 0x22, 0x83, 0x82, 0x83, 0x82,
  0x83, 0x82, 0x83, 0x82, 0x83, 0x82, 0x83, 0x82, 0x83, 0x82, 0x7C, 0x12, 0x7C, 0x12, 0x08, 0x22, 0xFF, 0x05, 0x00, 0x00, 0x00, 0x00, 0x00, 0x00,
  0x00, 0x00, 0x00, 0x00, 0x00, 0x00, 0xFF, 0x05, 0x08, 0x22, 0x7B, 0xF1, 0x7B, 0xF1, 0x9C, 0x43, 0x9C, 0x43, 0x9C, 0x43, 0x9C, 0x43, 0x9C, 0x43,
  0x9C, 0x43, 0x9C, 0x43, 0x08, 0x22, 0xFD, 0xFD, 0xFD, 0xFD, 0xFD, 0xFD, 0xFD, 0xFD, 0xFD, 0xFD, 0xFD, 0xFD, 0xFD, 0xFD, 0xFD, 0xFD, 0xFD, 0xFD,
  0xFD, 0xFD, 0xFD, 0xFD, 0xFD, 0xFD, 0xFD, 0xFD, 0xFD, 0xFD, 0xFD, 0xFD, 0xFD, 0xFD, 0xFD, 0xFD, 0xFD, 0xFD, 0x08, 0x22, 0x9C, 0x43, 0x9C, 0x43,
  0x9C, 0x43, 0x9C, 0x43, 0x9C, 0x43, 0x9C, 0x43, 0x9C, 0x43, 0x7B, 0xF1, 0x7B, 0xF1, 0x08, 0x22, 0xFF, 0x05, 0x00, 0x00, 0x00, 0x00, 0x00, 0x00,
  0x00, 0x00, 0x00, 0x00, 0x00, 0x00, 0xFF, 0x05, 0x08, 0x22, 0x73, 0xD1, 0x73, 0xD1, 0xA4, 0x83, 0xA4, 0x83, 0xA4, 0x83, 0xA4, 0x83, 0xA4, 0x83,
  0xA4, 0x83, 0xA4, 0x83, 0x08, 0x22, 0xFE, 0x5D, 0xFE, 0x5D, 0xFE, 0x5D, 0xFE, 0x5D, 0xFE, 0x5D, 0xFE, 0x5D, 0xFE, 0x5D, 0xFE, 0x5D, 0xFE, 0x5D,
  0xFE, 0x5D, 0xFE, 0x5D, 0xFE, 0x5D, 0xFE, 0x5D, 0xFE, 0x5D, 0xFE, 0x5D, 0xFE, 0x5D, 0xFE, 0x5D, 0xFE, 0x5D, 0x08, 0x22, 0xA4, 0x83, 0xA4, 0x83,
  0xA4, 0x83, 0xA4, 0x83, 0xA4, 0x83, 0xA4, 0x83, 0xA4, 0x83, 0x73, 0xD1, 0x73, 0xD1, 0x08, 0x22, 0xFF, 0x05, 0x00, 0x00, 0x00, 0x00, 0x00, 0x00,
  0x00, 0x00, 0x00, 0x00, 0x00, 0x00, 0xFF, 0x05, 0x08, 0x22, 0x73, 0xB0, 0x73, 0xB0, 0x94, 0x02, 0x94, 0x02, 0x94, 0x02, 0x94, 0x02, 0x94, 0x02,
  0x94, 0x02, 0x94, 0x02, 0x08, 0x22, 0xFE, 0xBE, 0xFE, 0xBE, 0xFE, 0xBE, 0xFE, 0xBE, 0xFE, 0xBE, 0xFE, 0xBE, 0xFE, 0xBE, 0xFE, 0xBE, 0xFE, 0xBE,
  0xFE, 0xBE, 0xFE, 0xBE, 0xFE, 0xBE, 0xFE, 0xBE, 0xFE, 0xBE, 0xFE, 0xBE, 0xFE, 0xBE, 0xFE, 0xBE, 0xFE, 0xBE, 0x08, 0x22, 0x94, 0x02, 0x94, 0x02,
  0x94, 0x02, 0x94, 0x02, 0x94, 0x02, 0x94, 0x02, 0x94, 0x02, 0x73, 0xB0, 0x73, 0xB0, 0x08, 0x22, 0xFF, 0x05, 0x00, 0x00, 0x00, 0x00, 0x00, 0x00,
  0x00, 0x00, 0x00, 0x00, 0x00, 0x00, 0xFF, 0x05, 0x08, 0x22, 0x6B, 0x90, 0x6B, 0x90, 0xB4, 0xE3, 0xB4, 0xE3, 0xB4, 0xE3, 0xB4, 0xE3, 0xB4, 0xE3,
  0xB4, 0xE3, 0xB4, 0xE3, 0x08, 0x22, 0x08, 0x22, 0xFF, 0x1E, 0xFF, 0x1E, 0xFF, 0x1E, 0xFF, 0x1E, 0xFF, 0x1E, 0xFF, 0x1E, 0xFF, 0x1E, 0xFF, 0x1E,
  0xFF, 0x1E, 0xFF, 0x1E, 0xFF, 0x1E, 0xFF, 0x1E, 0xFF, 0x1E, 0xFF, 0x1E, 0xFF, 0x1E, 0xFF, 0x1E, 0x08, 0x22, 0x08, 0x22, 0xB4, 0xE3, 0xB4, 0xE3,
  0xB4, 0xE3, 0xB4, 0xE3, 0xB4, 0xE3, 0xB4, 0xE3, 0xB4, 0xE3, 0x6B, 0x90, 0x6B, 0x90, 0x08, 0x22, 0xFF, 0x05, 0x00, 0x00, 0x00, 0x00, 0x00, 0x00,
  0x00, 0x00, 0x00, 0x00, 0x00, 0x00, 0xFF, 0x05, 0x08, 0x22, 0x6B, 0x6F, 0x6B, 0x6F, 0xBD, 0x23, 0xBD, 0x23, 0xBD, 0x23, 0xBD, 0x23, 0xBD, 0x23,
  0xBD, 0x23, 0xBD, 0x23, 0xBD, 0x23, 0x08, 0x22, 0x08, 0x22, 0x08, 0x22, 0x08, 0x22, 0x08, 0x22, 0x08, 0x22, 0x08, 0x22, 0x08, 0x22, 0x08, 0x22,
  0x08, 0x22, 0x08, 0x22, 0x08, 0x22, 0x08, 0x22, 0x08, 0x22, 0x08, 0x22, 0x08, 0x22, 0x08, 0x22, 0x08, 0x22, 0xBD, 0x23, 0xBD, 0x23, 0xBD, 0x23,
  0xBD, 0x23, 0xBD, 0x23, 0xBD, 0x23, 0xBD, 0x23, 0xBD, 0x23, 0x6B, 0x6F, 0x6B, 0x6F, 0x08, 0x22, 0xFF, 0x05, 0x00, 0x00, 0x00, 0x00, 0x00, 0x00,
  0x00, 0x00, 0x00, 0x00, 0x00, 0x00, 0xFF, 0x05, 0x08, 0x22, 0x63, 0x4F, 0x63, 0x4F, 0xAC, 0xA3, 0xAC, 0xA3, 0xAC, 0xA3, 0xAC, 0xA3, 0xAC, 0xA3,
  0xAC, 0xA3, 0xAC, 0xA3, 0xAC, 0xA3, 0xAC, 0xA3, 0xAC, 0xA3, 0xAC, 0xA3, 0xAC, 0xA3, 0xAC, 0xA3, 0xAC, 0xA3, 0xAC, 0xA3, 0xAC, 0xA3, 0xAC, 0xA3,
  0xAC, 0xA3, 0xAC, 0xA3, 0xAC, 0xA3, 0xAC, 0xA3, 0xAC, 0xA3, 0xAC, 0xA3, 0xAC, 0xA3, 0xAC, 0xA3, 0xAC, 0xA3, 0xAC, 0xA3, 0xAC, 0xA3, 0xAC, 0xA3,
  0xAC, 0xA3, 0xAC, 0xA3, 0xAC, 0xA3, 0xAC, 0xA3, 0xAC, 0xA3, 0x63, 0x4F, 0x63, 0x4F, 0x08, 0x22, 0xFF, 0x05, 0x00, 0x00, 0x00, 0x00, 0x00, 0x00,
  0x00, 0x00, 0x00, 0x00, 0x00, 0x00, 0xFF, 0x05, 0x08, 0x22, 0x63, 0x2E, 0x63, 0x2E, 0xCD, 0xA4, 0xCD, 0xA4, 0xCD, 0xA4, 0xCD, 0xA4, 0xCD, 0xA4,
  0xCD, 0xA4, 0xCD, 0xA4, 0xCD, 0xA4, 0xCD, 0xA4, 0xCD, 0xA4, 0xCD, 0xA4, 0xCD, 0xA4, 0xCD, 0xA4, 0xCD, 0xA4, 0xCD, 0xA4, 0xCD, 0xA4, 0xCD, 0xA4,
  0xCD, 0xA4, 0xCD, 0xA4, 0xCD, 0xA4, 0xCD, 0xA4, 0xCD, 0xA4, 0xCD, 0xA4, 0xCD, 0xA4, 0xCD, 0xA4, 0xCD, 0xA4, 0xCD, 0xA4, 0xCD, 0xA4, 0xCD, 0xA4,
  0xCD, 0xA4, 0xCD, 0xA4, 0xCD, 0xA4, 0xCD, 0xA4, 0xCD, 0xA4, 0x63, 0x2E, 0x63, 0x2E, 0x08, 0x22, 0xFF, 0x05, 0x00, 0x00, 0x00, 0x00, 0x00, 0x00,
  0x00, 0x00, 0x00, 0x00, 0x00, 0x00, 0xFF, 0x05, 0x08, 0x22, 0x5B, 0x0E, 0x5B, 0x0E, 0xD5, 0xC4, 0xD5, 0xC4, 0xD5, 0xC4, 0xD5, 0xC4, 0xD5, 0xC4,
  0xD5, 0xC4, 0xD5, 0xC4, 0xD5, 0xC4, 0xD5, 0xC4, 0xD5, 0xC4, 0xD5, 0xC4, 0xD5, 0xC4, 0xD5, 0xC4, 0xD5, 0xC4, 0xD5, 0xC4, 0xD5, 0xC4, 0xD5, 0xC4,
  0xD5, 0xC4, 0xD5, 0xC4, 0xD5, 0xC4, 0xD5, 0xC4, 0xD5, 0xC4, 0xD5, 0xC4, 0xD5, 0xC4, 0xD5, 0xC4, 0xD5, 0xC4, 0xD5, 0xC4, 0xD5, 0xC4, 0xD5, 0xC4,
  0xD5, 0xC4, 0xD5, 0xC4, 0xD5, 0xC4, 0xD5, 0xC4, 0xD5, 0xC4, 0x5B, 0x0E, 0x5B, 0x0E, 0x08, 0x22, 0xFF, 0x05, 0x00, 0x00, 0x00, 0x00, 0x00, 0x00,
  0x00, 0x00, 0x00, 0x00, 0x00, 0x00, 0xFF, 0x05, 0x08, 0x22, 0x5A, 0xED, 0x5A, 0xED, 0xBD, 0x23, 0xBD, 0x23, 0xBD, 0x23, 0xBD, 0x23, 0xBD, 0x23,
  0xBD, 0x23, 0xBD, 0x23, 0xBD, 0x23, 0xBD, 0x23, 0xBD, 0x23, 0xBD, 0x23, 0xBD, 0x23, 0xBD, 0x23, 0xBD, 0x23, 0xBD, 0x23, 0xBD, 0x23, 0xBD, 0x23,
  0xBD, 0x23, 0xBD, 0x23, 0xBD, 0x23, 0xBD, 0x23, 0xBD, 0x23, 0xBD, 0x23, 0xBD, 0x23, 0xBD, 0x23, 0xBD, 0x23, 0xBD, 0x23, 0xBD, 0x23, 0xBD, 0x23,
  0xBD, 0x23, 0xBD, 0x23, 0xBD, 0x23, 0xBD, 0x23, 0xBD, 0x23, 0x5A, 0xED, 0x5A, 0xED, 0x08, 0x22, 0xFF, 0x05, 0x00, 0x00, 0x00, 0x00, 0x00, 0x00,
  0x00, 0x00, 0x00, 0x00, 0x00, 0x00, 0xFF, 0x05, 0x08, 0x22, 0x52, 0xCD, 0x52, 0xCD, 0xE6, 0x44, 0xE6, 0x44, 0xE6, 0x44, 0xE6, 0x44, 0xE6, 0x44,
  0xE6, 0x44, 0xE6, 0x44, 0xE6, 0x44, 0xE6, 0x44, 0xE6, 0x44, 0xE6, 0x44, 0xE6, 0x44, 0xE6, 0x44, 0xE6, 0x44, 0xE6, 0x44, 0xE6, 0x44, 0xE6, 0x44,
  0xE6, 0x44, 0xE6, 0x44, 0xE6, 0x44, 0xE6, 0x44, 0xE6, 0x44, 0xE6, 0x44, 0xE6, 0x44, 0xE6, 0x44, 0xE6, 0x44, 0xE6, 0x44, 0xE6, 0x44, 0xE6, 0x44,
  0xE6, 0x44, 0xE6, 0x44, 0xE6, 0x44, 0xE6, 0x44, 0xE6, 0x44, 0x52, 0xCD, 0x52, 0xCD, 0x08, 0x22, 0xFF, 0x05, 0x00, 0x00, 0x00, 0x00, 0x00, 0x00,
  0x00, 0x00, 0x00, 0x00, 0x00, 0x00, 0xFF, 0x05, 0x08, 0x22, 0x52, 0xAC, 0x52, 0xAC, 0x52, 0xAC, 0xEE, 0x64, 0xEE, 0x64, 0xEE, 0x64, 0xEE, 0x64,
  0xEE, 0x64, 0xEE, 0x64, 0xEE, 0x64, 0xEE, 0x64, 0xEE, 0x64, 0xEE, 0x64, 0xEE, 0x64, 0xEE, 0x64, 0xEE, 0x64, 0xEE, 0x64, 0xEE, 0x64, 0xEE, 0x64,
  0xEE, 0x64, 0xEE, 0x64, 0xEE, 0x64, 0xEE, 0x64, 0xEE, 0x64, 0xEE, 0x64, 0xEE, 0x64, 0xEE, 0x64, 0xEE, 0x64, 0xEE, 0x64, 0xEE, 0x64, 0xEE, 0x64,
  0xEE, 0x64, 0xEE, 0x64, 0xEE, 0x64, 0xEE, 0x64, 0x52, 0xAC, 0x52, 0xAC, 0x52, 0xAC, 0x08, 0x22, 0xFF, 0x05, 0x00, 0x00, 0x00, 0x00, 0x00, 0x00,
  0x00, 0x00, 0x00, 0x00, 0x00, 0x00, 0xFF, 0x05, 0x08, 0x22, 0x08, 0x22, 0x4A, 0x8C, 0x42, 0x2A, 0x42, 0x2A, 0xD5, 0xC4, 0xD5, 0xC4, 0xD5, 0xC4,
  0xD5, 0xC4, 0xD5, 0xC4, 0xD5, 0xC4, 0xD5, 0xC4, 0xD5, 0xC4, 0xD5, 0xC4, 0xD5, 0xC4, 0xD5, 0xC4, 0xD5, 0xC4, 0xD5, 0xC4, 0xD5, 0xC4, 0xD5, 0xC4,
  0xD5, 0xC4, 0xD5, 0xC4, 0xD5, 0xC4, 0xD5, 0xC4, 0xD5, 0xC4, 0xD5, 0xC4, 0xD5, 0xC4, 0xD5, 0xC4, 0xD5, 0xC4, 0xD5, 0xC4, 0xD5, 0xC4, 0xD5, 0xC4,
  0xD5, 0xC4, 0xD5, 0xC4, 0xD5, 0xC4, 0x42, 0x2A, 0x42, 0x2A, 0x4A, 0x8C, 0x08, 0x22, 0x08, 0x22, 0xFF, 0x05, 0x00, 0x00, 0x00, 0x00, 0x00, 0x00,
  0x00, 0x00, 0x00, 0x00, 0x00, 0x00, 0xFF, 0x05, 0xFF, 0x05, 0x08, 0x22, 0x4A, 0x6B, 0x4A, 0x6B, 0x4A, 0x6B, 0x4A, 0x6B, 0x4A, 0x6B, 0x4A, 0x6B,
  0x4A, 0x6B, 0x4A, 0x6B, 0x4A, 0x6B, 0x4A, 0x6B, 0x4A, 0x6B, 0x4A, 0x6B, 0x4A, 0x6B, 0x4A, 0x6B, 0x4A, 0x6B, 0x4A, 0x6B, 0x4A, 0x6B, 0x4A, 0x6B,
  0x4A, 0x6B, 0x4A, 0x6B, 0x4A, 0x6B, 0x4A, 0x6B, 0x4A, 0x6B, 0x4A, 0x6B, 0x4A, 0x6B, 0x4A, 0x6B, 0x4A, 0x6B, 0x4A, 0x6B, 0x4A, 0x6B, 0x4A, 0x6B,
  0x4A, 0x6B, 0x4A, 0x6B, 0x4A, 0x6B, 0x4A, 0x6B, 0x4A, 0x6B, 0x4A, 0x6B, 0x08, 0x22, 0xFF, 0x05, 0xFF, 0x05, 0x00, 0x00, 0x00, 0x00, 0x00, 0x00,
  0x00, 0x00, 0x00, 0x00, 0x00, 0x00, 0x00, 0x00, 0xFF, 0x05, 0x08, 0x22, 0x08, 0x22, 0x08, 0x22, 0x42, 0x4B, 0x42, 0x4B, 0x42, 0x4B, 0x42, 0x4B,
  0x42, 0x4B, 0x42, 0x4B, 0x42, 0x4B, 0x42, 0x4B, 0x42, 0x4B, 0x42, 0x4B, 0x42, 0x4B, 0x42, 0x4B, 0x42, 0x4B, 0x42, 0x4B, 0x42, 0x4B, 0x42, 0x4B,
  0x42, 0x4B, 0x42, 0x4B, 0x42, 0x4B, 0x42, 0x4B, 0x42, 0x4B, 0x42, 0x4B, 0x42, 0x4B, 0x42, 0x4B, 0x42, 0x4B, 0x42, 0x4B, 0x42, 0x4B, 0x42, 0x4B,
  0x42, 0x4B, 0x42, 0x4B, 0x42, 0x4B, 0x42, 0x4B, 0x08, 0x22, 0x08, 0x22, 0x08, 0x22, 0xFF, 0x05, 0x00, 0x00, 0x00, 0x00, 0x00, 0x00, 0x00, 0x00,
  0x00, 0x00, 0x00, 0x00, 0x00, 0x00, 0x00, 0x00, 0x00, 0x00, 0xFF, 0x05, 0xFF, 0x05, 0x08, 0x22, 0x08, 0x22, 0x08, 0x22, 0x08, 0x22, 0x08, 0x22,
  0x08, 0x22, 0x08, 0x22, 0x08, 0x22, 0x08, 0x22, 0x08, 0x22, 0x08, 0x22, 0x08, 0x22, 0x08, 0x22, 0x08, 0x22, 0x08, 0x22, 0x08, 0x22, 0x08, 0x22,
  0x08, 0x22, 0x08, 0x22, 0x08, 0x22, 0x08, 0x22, 0x08, 0x22, 0x08, 0x22, 0x08, 0x22, 0x08, 0x22, 0x08, 0x22, 0x08, 0x22, 0x08, 0x22, 0x08, 0x22,
  0x08, 0x22, 0x08, 0x22, 0x08, 0x22, 0x08, 0x22, 0x08, 0x22, 0xFF, 0x05, 0xFF, 0x05, 0x00, 0x00, 0x00, 0x00, 0x00, 0x00, 0x00, 0x00, 0x00, 0x00,
  0x00, 0x00, 0x00, 0x00, 0x00, 0x00, 0x00, 0x00, 0x00, 0x00, 0x00, 0x00, 0xFF, 0x05, 0xFF, 0x05, 0xFF, 0x05, 0xFF, 0x05, 0xFF, 0x05, 0xFF, 0x05,
  0xFF, 0x05, 0xFF, 0x05, 0xFF, 0x05, 0xFF, 0x05, 0xFF, 0x05, 0xFF, 0x05, 0xFF, 0x05, 0xFF, 0x05, 0xFF, 0x05, 0xFF, 0x05, 0xFF, 0x05, 0xFF, 0x05,
  0xFF, 0x05, 0xFF, 0x05, 0xFF, 0x05, 0xFF, 0x05, 0xFF, 0x05, 0xFF, 0x05, 0xFF, 0x05, 0xFF, 0x05, 0xFF, 0x05, 0xFF, 0x05, 0xFF, 0x05, 0xFF, 0x05,
  0xFF, 0x05, 0xFF, 0x05, 0xFF, 0x05, 0xFF, 0x05, 0xFF, 0x05, 0xFF, 0x05, 0x00, 0x00, 0x00, 0x00, 0x00, 0x00, 0x00, 0x00, 0x00, 0x00, 0x00, 0x00,
  0x00, 0x00, 0x00, 0x00, 0x00, 0x00, 0x00, 0x00, 0x00, 0x00, 0x00, 0x00, 0x00, 0x00, 0x00, 0x00, 0x00, 0x00, 0x00, 0x00, 0x00, 0x00, 0x00, 0x00,
  0x00, 0x00, 0x00, 0x00, 0x00, 0x00, 0x00, 0x00, 0x00, 0x00, 0x00, 0x00, 0x00, 0x00, 0x00, 0x00, 0x00, 0x00, 0x00, 0x00, 0x00, 0x00, 0x00, 0x00,
  0x00, 0x00, 0x00, 0x00, 0x00, 0x00, 0x00, 0x00, 0x00, 0x00, 0x00, 0x00, 0x00, 0x00, 0x00, 0x00, 0x00, 0x00, 0x00, 0x00, 0x00, 0x00, 0x00, 0x00,
  0x00, 0x00, 0x00, 0x00, 0x00, 0x00, 0x00, 0x00, 0x00, 0x00, 0x00, 0x00, 0x00, 0x00, 0x00, 0x00, 0x00, 0x00, 0x00, 0x00, 0x00, 0x00, 0x00, 0x00,
  0x00, 0x00, 0x00, 0x00, 0x00, 0x00, 0x00, 0x00, 0x00, 0x00, 0x00, 0x00, 0x00, 0x00, 0x00, 0x00, 0x00, 0x00, 0x00, 0x00, 0x00, 0x00, 0x00, 0x00,
  0x00, 0x00, 0x00, 0x00, 0x00, 0x00, 0x00, 0x00, 0x00, 0x00, 0x00, 0x00, 0x00, 0x00, 0x00, 0x00, 0x00, 0x00, 0x00, 0x00, 0x00, 0x00, 0x00, 0x00,
  0x00, 0x00, 0x00, 0x00, 0x00, 0x00, 0x00, 0x00, 0x00, 0x00, 0x00, 0x00, 0x00, 0x00, 0x00, 0x00, 0x00, 0x00, 0x00, 0x00, 0x00, 0x00, 0x00, 0x00,
  0x00, 0x00, 0x00, 0x00, 0x00, 0x00, 0x00, 0x00, 0x00, 0x00, 0x00, 0x00, 0x00, 0x00, 0x00, 0x00, 0x00, 0x00, 0x00, 0x00, 0x00, 0x00, 0x00, 0x00,
  0x00, 0x00, 0x00, 0x00, 0x00, 0x00, 0x00, 0x00, 0x00, 0x00, 0x00, 0x00, 0x00, 0x00, 0x00, 0x00, 0x00, 0x00, 0x00, 0x00, 0x00, 0x00, 0x00, 0x00,
  0x00, 0x00, 0x00, 0x00, 0x00, 0x00, 0x00, 0x00, 0x00, 0x00, 0x00, 0x00, 0x00, 0x00, 0x00, 0x00, 0x00, 0x00, 0x00, 0x00, 0x00, 0x00, 0x00, 0x00,
  0x00, 0x00, 0x00, 0x00, 0x00, 0x00, 0x00, 0x00, 0x00, 0x00, 0x00, 0x00, 0x00, 0x00, 0x00, 0x00, 0x00, 0x00, 0x00, 0x00, 0x00, 0x00, 0x00, 0x00,
  0x00, 0x00, 0x00, 0x00, 0x00, 0x00, 0x00, 0x00, 0x00, 0x00, 0x00, 0x00, 0x00, 0x00, 0x00, 0x00, 0x00, 0x00, 0x00, 0x00, 0x00, 0x00, 0x00, 0x00,
};

/* Nota blue: 48x48 */
uint8_t note_blue[4608] = {
  0x00, 0x00, 0x00, 0x00, 0x00, 0x00, 0x00, 0x00, 0x00, 0x00, 0x00, 0x00, 0x00, 0x00, 0x00, 0x00, 0x00, 0x00, 0x00, 0x00, 0x00, 0x00, 0x00, 0x00,
  0x00, 0x00, 0x00, 0x00, 0x00, 0x00, 0x00, 0x00, 0x00, 0x00, 0x00, 0x00, 0x00, 0x00, 0x00, 0x00, 0x00, 0x00, 0x00, 0x00, 0x00, 0x00, 0x00, 0x00,
  0x00, 0x00, 0x00, 0x00, 0x00, 0x00, 0x00, 0x00, 0x00, 0x00, 0x00, 0x00, 0x00, 0x00, 0x00, 0x00, 0x00, 0x00, 0x00, 0x00, 0x00, 0x00, 0x00, 0x00,
  0x00, 0x00, 0x00, 0x00, 0x00, 0x00, 0x00, 0x00, 0x00, 0x00, 0x00, 0x00, 0x00, 0x00, 0x00, 0x00, 0x00, 0x00, 0x00, 0x00, 0x00, 0x00, 0x00, 0x00,
  0x00, 0x00, 0x00, 0x00, 0x00, 0x00, 0x00, 0x00, 0x00, 0x00, 0x00, 0x00, 0x00, 0x00, 0x00, 0x00, 0x00, 0x00, 0x00, 0x00, 0x00, 0x00, 0x00, 0x00,
  0x00, 0x00, 0x00, 0x00, 0x00, 0x00, 0x00, 0x00, 0x00, 0x00, 0x00, 0x00, 0x00, 0x00, 0x00, 0x00, 0x00, 0x00, 0x00, 0x00, 0x00, 0x00, 0x00, 0x00,
  0x00, 0x00, 0x00, 0x00, 0x00, 0x00, 0x00, 0x00, 0x00, 0x00, 0x00, 0x00, 0x00, 0x00, 0x00, 0x00, 0x00, 0x00, 0x00, 0x00, 0x00, 0x00, 0x00, 0x00,
  0x00, 0x00, 0x00, 0x00, 0x00, 0x00, 0x00, 0x00, 0x00, 0x00, 0x00, 0x00, 0x00, 0x00, 0x00, 0x00, 0x00, 0x00, 0x00, 0x00, 0x00, 0x00, 0x00, 0x00,
  0x00, 0x00, 0x00, 0x00, 0x00, 0x00, 0x00, 0x00, 0x00, 0x00, 0x00, 0x00, 0x00, 0x00, 0x00, 0x00, 0x00, 0x00, 0x00, 0x00, 0x00, 0x00, 0x00, 0x00,
  0x00, 0x00, 0x00, 0x00, 0x00, 0x00, 0x00, 0x00, 0x00, 0x00, 0x00, 0x00, 0x00, 0x00, 0x00, 0x00, 0x00, 0x00, 0x00, 0x00, 0x00, 0x00, 0x00, 0x00,
  0x00, 0x00, 0x00, 0x00, 0x00, 0x00, 0x00, 0x00, 0x00, 0x00, 0x00, 0x00, 0x00, 0x00, 0x00, 0x00, 0x00, 0x00, 0x00, 0x00, 0x00, 0x00, 0x00, 0x00,
  0x00, 0x00, 0x00, 0x00, 0x00, 0x00, 0x00, 0x00, 0x00, 0x00, 0x00, 0x00, 0x00, 0x00, 0x00, 0x00, 0x00, 0x00, 0x00, 0x00, 0x00, 0x00, 0x00, 0x00,
  0x00, 0x00, 0x00, 0x00, 0x00, 0x00, 0x00, 0x00, 0x00, 0x00, 0x00, 0x00, 0x2E, 0x7F, 0x2E, 0x7F, 0x2E, 0x7F, 0x2E, 0x7F, 0x2E, 0x7F, 0x2E, 0x7F,
  0x2E, 0x7F, 0x2E, 0x7F, 0x2E, 0x7F, 0x2E, 0x7F, 0x2E, 0x7F, 0x2E, 0x7F, 0x2E, 0x7F, 0x2E, 0x7F, 0x2E, 0x7F, 0x2E, 0x7F, 0x2E, 0x7F, 0x2E, 0x7F,
  0x2E, 0x7F, 0x2E, 0x7F, 0x2E, 0x7F, 0x2E, 0x7F, 0x2E, 0x7F, 0x2E, 0x7F, 0x2E, 0x7F, 0x2E, 0x7F, 0x2E, 0x7F, 0x2E, 0x7F, 0x2E, 0x7F, 0x2E, 0x7F,
  0x2E, 0x7F, 0x2E, 0x7F, 0x2E, 0x7F, 0x2E, 0x7F, 0x2E, 0x7F, 0x2E, 0x7F, 0x00, 0x00, 0x00, 0x00, 0x00, 0x00, 0x00, 0x00, 0x00, 0x00, 0x00, 0x00,
  0x00, 0x00, 0x00, 0x00, 0x00, 0x00, 0x00, 0x00, 0x00, 0x00, 0x2E, 0x7F, 0x2E, 0x7F, 0x08, 0x22, 0x08, 0x22, 0x08, 0x22, 0x08, 0x22, 0x08, 0x22,
  0x08, 0x22, 0x08, 0x22, 0x08, 0x22, 0x08, 0x22, 0x08, 0x22, 0x08, 0x22, 0x08, 0x22, 0x08, 0x22, 0x08, 0x22, 0x08, 0x22, 0x08, 0x22, 0x08, 0x22,
  0x08, 0x22, 0x08, 0x22, 0x08, 0x22, 0x08, 0x22, 0x08, 0x22, 0x08, 0x22, 0x08, 0x22, 0x08, 0x22, 0x08, 0x22, 0x08, 0x22, 0x08, 0x22, 0x08, 0x22,
  0x08, 0x22, 0x08, 0x22, 0x08, 0x22, 0x08, 0x22, 0x08, 0x22, 0x2E, 0x7F, 0x2E, 0x7F, 0x00, 0x00, 0x00, 0x00, 0x00, 0x00, 0x00, 0x00, 0x00, 0x00,
  0x00, 0x00, 0x00, 0x00, 0x00, 0x00, 0x00, 0x00, 0x2E, 0x7F, 0x08, 0x22, 0x08, 0x22, 0x08, 0x22, 0xEF, 0x7E, 0xEF, 0x7E, 0xEF, 0x7E, 0xEF, 0x7E,
  0xEF, 0x7E, 0xEF, 0x7E, 0xEF, 0x7E, 0xEF, 0x7E, 0xEF, 0x7E, 0xEF, 0x7E, 0xEF, 0x7E, 0xEF, 0x7E, 0xEF, 0x7E, 0xEF, 0x7E, 0xEF, 0x7E, 0xEF, 0x7E,
  0xEF, 0x7E, 0xEF, 0x7E, 0xEF, 0x7E, 0xEF, 0x7E, 0xEF, 0x7E, 0xEF, 0x7E, 0xEF, 0x7E, 0xEF, 0x7E, 0xEF, 0x7E, 0xEF, 0x7E, 0xEF, 0x7E, 0xEF, 0x7E,
  0xEF, 0x7E, 0xEF, 0x7E, 0xEF, 0x7E, 0xEF, 0x7E, 0x08, 0x22, 0x08, 0x22, 0x08, 0x22, 0x2E, 0x7F, 0x00, 0x00, 0x00, 0x00, 0x00, 0x00, 0x00, 0x00,
  0x00, 0x00, 0x00, 0x00, 0x00, 0x00, 0x2E, 0x7F, 0x2E, 0x7F, 0x08, 0x22, 0xE7, 0x5E, 0xE7, 0x5E, 0xE7, 0x5E, 0xE7, 0x5E, 0xE7, 0x5E, 0xE7, 0x5E,
  0xE7, 0x5E, 0xE7, 0x5E, 0xE7, 0x5E, 0xE7, 0x5E, 0xE7, 0x5E, 0xE7, 0x5E, 0xE7, 0x5E, 0xE7, 0x5E, 0xE7, 0x5E, 0xE7, 0x5E, 0xE7, 0x5E, 0xE7, 0x5E,
  0xE7, 0x5E, 0xE7, 0x5E, 0xE7, 0x5E, 0xE7, 0x5E, 0xE7, 0x5E, 0xE7, 0x5E, 0xE7, 0x5E, 0xE7, 0x5E, 0xE7, 0x5E, 0xE7, 0x5E, 0xE7, 0x5E, 0xE7, 0x5E,
  0xE7, 0x5E, 0xE7, 0x5E, 0xE7, 0x5E, 0xE7, 0x5E, 0xE7, 0x5E, 0xE7, 0x5E, 0x08, 0x22, 0x2E, 0x7F, 0x2E, 0x7F, 0x00, 0x00, 0x00, 0x00, 0x00, 0x00,
  0x00, 0x00, 0x00, 0x00, 0x00, 0x00, 0x2E, 0x7F, 0x08, 0x22, 0x08, 0x22, 0xE7, 0x3D, 0xC6, 0x39, 0xC6, 0x39, 0x86, 0x3B, 0x86, 0x3B, 0x86, 0x3B,
  0x86, 0x3B, 0x86, 0x3B, 0x86, 0x3B, 0x86, 0x3B, 0x86, 0x3B, 0x86, 0x3B, 0x86, 0x3B, 0x86, 0x3B, 0x86, 0x3B, 0x86, 0x3B, 0x86, 0x3B, 0x86, 0x3B,
  0x86, 0x3B, 0x86, 0x3B, 0x86, 0x3B, 0x86, 0x3B, 0x86, 0x3B, 0x86, 0x3B, 0x86, 0x3B, 0x86, 0x3B, 0x86, 0x3B, 0x86, 0x3B, 0x86, 0x3B, 0x86, 0x3B,
  0x86, 0x3B, 0x86, 0x3B, 0x86, 0x3B, 0xC6, 0x39, 0xC6, 0x39, 0xE7, 0x3D, 0x08, 0x22, 0x08, 0x22, 0x2E, 0x7F, 0x00, 0x00, 0x00, 0x00, 0x00, 0x00,
  0x00, 0x00, 0x00, 0x00, 0x00, 0x00, 0x2E, 0x7F, 0x08, 0x22, 0xDE, 0xFC, 0xDE, 0xFC, 0xDE, 0xFC, 0x97, 0x3F, 0xC7, 0x9F, 0xC7, 0x9F, 0xC7, 0x9F,
  0xC7, 0x9F, 0xC7, 0x9F, 0xC7, 0x9F, 0xC7, 0x9F, 0xC7, 0x9F, 0xC7, 0x9F, 0xC7, 0x9F, 0xC7, 0x9F, 0xC7, 0x9F, 0xC7, 0x9F, 0xC7, 0x9F, 0xC7, 0x9F,
  0xC7, 0x9F, 0xC7, 0x9F, 0xC7, 0x9F, 0xC7, 0x9F, 0xC7, 0x9F, 0xC7, 0x9F, 0xC7, 0x9F, 0xC7, 0x9F, 0xC7, 0x9F, 0xC7, 0x9F, 0xC7, 0x9F, 0xC7, 0x9F,
  0xC7, 0x9F, 0xC7, 0x9F, 0xC7, 0x9F, 0x97, 0x3F, 0xDE, 0xFC, 0xDE, 0xFC, 0xDE, 0xFC, 0x08, 0x22, 0x2E, 0x7F, 0x00, 0x00, 0x00, 0x00, 0x00, 0x00,
  0x00, 0x00, 0x00, 0x00, 0x00, 0x00, 0x2E, 0x7F, 0x08, 0x22, 0xD6, 0xDC, 0xD6, 0xDC, 0x8F, 0x3F, 0xBF, 0x7F, 0xBF, 0x7F, 0xBF, 0x7F, 0xBF, 0x7F,
  0xBF, 0x7F, 0xBF, 0x7F, 0xBF, 0x7F, 0xBF, 0x7F, 0xBF, 0x7F, 0xBF, 0x7F, 0xBF, 0x7F, 0xBF, 0x7F, 0xBF, 0x7F, 0xBF, 0x7F, 0xBF, 0x7F, 0xBF, 0x7F,
  0xBF, 0x7F, 0xBF, 0x7F, 0xBF, 0x7F, 0xBF, 0x7F, 0xBF, 0x7F, 0xBF, 0x7F, 0xBF, 0x7F, 0xBF, 0x7F, 0xBF, 0x7F, 0xBF, 0x7F, 0xBF, 0x7F, 0xBF, 0x7F,
  0xBF, 0x7F, 0xBF, 0x7F, 0xBF, 0x7F, 0xBF, 0x7F, 0x8F, 0x3F, 0xD6, 0xDC, 0xD6, 0xDC, 0x08, 0x22, 0x2E, 0x7F, 0x00, 0x00, 0x00, 0x00, 0x00, 0x00,
  0x00, 0x00, 0x00, 0x00, 0x00, 0x00, 0x2E, 0x7F, 0x08, 0x22, 0xD6, 0xBB, 0xD6, 0xBB, 0x76, 0x1B, 0xAE, 0xDD, 0xAE, 0xDD, 0xAE, 0xDD, 0xAE, 0xDD,
  0xAE, 0xDD, 0xAE, 0xDD, 0xAE, 0xDD, 0xAE, 0xDD, 0xAE, 0xDD, 0xAE, 0xDD, 0xAE, 0xDD, 0xAE, 0xDD, 0xAE, 0xDD, 0xAE, 0xDD, 0xAE, 0xDD, 0xAE, 0xDD,
  0xAE, 0xDD, 0xAE, 0xDD, 0xAE, 0xDD, 0xAE, 0xDD, 0xAE, 0xDD, 0xAE, 0xDD, 0xAE, 0xDD, 0xAE, 0xDD, 0xAE, 0xDD, 0xAE, 0xDD, 0xAE, 0xDD, 0xAE, 0xDD,
  0xAE, 0xDD, 0xAE, 0xDD, 0xAE, 0xDD, 0xAE, 0xDD, 0x76, 0x1B, 0xD6, 0xBB, 0xD6, 0xBB, 0x08, 0x22, 0x2E, 0x7F, 0x00, 0x00, 0x00, 0x00, 0x00, 0x00,
  0x00, 0x00, 0x00, 0x00, 0x00, 0x00, 0x2E, 0x7F, 0x08, 0x22, 0xCE, 0x9B, 0xCE, 0x9B, 0x87, 0x1F, 0xAF, 0x5F, 0xAF, 0x5F, 0xAF, 0x5F, 0xAF, 0x5F,
  0xAF, 0x5F, 0xAF, 0x5F, 0xAF, 0x5F, 0xAF, 0x5F, 0xAF, 0x5F, 0xAF, 0x5F, 0xAF, 0x5F, 0xAF, 0x5F, 0xAF, 0x5F, 0xAF, 0x5F, 0xAF, 0x5F, 0xAF, 0x5F,
  0xAF, 0x5F, 0xAF, 0x5F, 0xAF, 0x5F, 0xAF, 0x5F, 0xAF, 0x5F, 0xAF, 0x5F, 0xAF, 0x5F, 0xAF, 0x5F, 0xAF, 0x5F, 0xAF, 0x5F, 0xAF, 0x5F, 0xAF, 0x5F,
  0xAF, 0x5F, 0xAF, 0x5F, 0xAF, 0x5F, 0xAF, 0x5F, 0x87, 0x1F, 0xCE, 0x9B, 0xCE, 0x9B, 0x08, 0x22, 0x2E, 0x7F, 0x00, 0x00, 0x00, 0x00, 0x00, 0x00,
  0x00, 0x00, 0x00, 0x00, 0x00, 0x00, 0x2E, 0x7F, 0x08, 0x22, 0xC6, 0x5A, 0xC6, 0x5A, 0x7F, 0x1F, 0xA7, 0x5F, 0xA7, 0x5F, 0xA7, 0x5F, 0xA7, 0x5F,
  0xA7, 0x5F, 0xA7, 0x5F, 0xA7, 0x5F, 0xA7, 0x5F, 0xA7, 0x5F, 0xA7, 0x5F, 0xA7, 0x5F, 0xA7, 0x5F, 0xA7, 0x5F, 0xA7, 0x5F, 0xA7, 0x5F, 0xA7, 0x5F,
  0xA7, 0x5F, 0xA7, 0x5F, 0xA7, 0x5F, 0xA7, 0x5F, 0xA7, 0x5F, 0xA7, 0x5F, 0xA7, 0x5F, 0xA7, 0x5F, 0xA7, 0x5F, 0xA7, 0x5F, 0xA7, 0x5F, 0xA7, 0x5F,
  0xA7, 0x5F, 0xA7, 0x5F, 0xA7, 0x5F, 0xA7, 0x5F, 0x7F, 0x1F, 0xC6, 0x5A, 0xC6, 0x5A, 0x08, 0x22, 0x2E, 0x7F, 0x00, 0x00, 0x00, 0x00, 0x00, 0x00,
  0x00, 0x00, 0x00, 0x00, 0x00, 0x00, 0x2E, 0x7F, 0x08, 0x22, 0xC6, 0x3A, 0xC6, 0x3A, 0x65, 0xFB, 0x8E, 0x7C, 0x8E, 0x7C, 0x8E, 0x7C, 0x8E, 0x7C,
  0x8E, 0x7C, 0x8E, 0x7C, 0x8E, 0x7C, 0x8E, 0x7C, 0x8E, 0x7C, 0x8E, 0x7C, 0x8E, 0x7C, 0x8E, 0x7C, 0x8E, 0x7C, 0x8E, 0x7C, 0x8E, 0x7C, 0x8E, 0x7C,
  0x8E, 0x7C, 0x8E, 0x7C, 0x8E, 0x7C, 0x8E, 0x7C, 0x8E, 0x7C, 0x8E, 0x7C, 0x8E, 0x7C, 0x8E, 0x7C, 0x8E, 0x7C, 0x8E, 0x7C, 0x8E, 0x7C, 0x8E, 0x7C,
  0x8E, 0x7C, 0x8E, 0x7C, 0x8E, 0x7C, 0x8E, 0x7C, 0x65, 0xFB, 0xC6, 0x3A, 0xC6, 0x3A, 0x08, 0x22, 0x2E, 0x7F, 0x00, 0x00, 0x00, 0x00, 0x00, 0x00,
  0x00, 0x00, 0x00, 0x00, 0x00, 0x00, 0x2E, 0x7F, 0x08, 0x22, 0xBE, 0x19, 0xBE, 0x19, 0x6E, 0xFF, 0x8F, 0x3F, 0x8F, 0x3F, 0x8F, 0x3F, 0x8F, 0x3F,
  0x8F, 0x3F, 0x8F, 0x3F, 0x8F, 0x3F, 0x08, 0x22, 0x08, 0x22, 0x08, 0x22, 0x08, 0x22, 0x08, 0x22, 0x08, 0x22, 0x08, 0x22, 0x08, 0x22, 0x08, 0x22,
  0x08, 0x22, 0x08, 0x22, 0x08, 0x22, 0x08, 0x22, 0x08, 0x22, 0x08, 0x22, 0x08, 0x22, 0x08, 0x22, 0x08, 0x22, 0x8F, 0x3F, 0x8F, 0x3F, 0x8F, 0x3F,
  0x8F, 0x3F, 0x8F, 0x3F, 0x8F, 0x3F, 0x8F, 0x3F, 0x6E, 0xFF, 0xBE, 0x19, 0xBE, 0x19, 0x08, 0x22, 0x2E, 0x7F, 0x00, 0x00, 0x00, 0x00, 0x00, 0x00,
  0x00, 0x00, 0x00, 0x00, 0x00, 0x00, 0x2E, 0x7F, 0x08, 0x22, 0xBD, 0xF9, 0xBD, 0xF9, 0x66, 0xDF, 0x87, 0x1F, 0x87, 0x1F, 0x87, 0x1F, 0x87, 0x1F,
  0x87, 0x1F, 0x87, 0x1F, 0x08, 0x22, 0x08, 0x22, 0xFF, 0xFF, 0xFF, 0xFF, 0xFF, 0xFF, 0xFF, 0xFF, 0xFF, 0xFF, 0xFF, 0xFF, 0xFF, 0xFF, 0xFF, 0xFF,
  0xFF, 0xFF, 0xFF, 0xFF, 0xFF, 0xFF, 0xFF, 0xFF, 0xFF, 0xFF, 0xFF, 0xFF, 0xFF, 0xFF, 0xFF, 0xFF, 0x08, 0x22, 0x08, 0x22, 0x87, 0x1F, 0x87, 0x1F,
  0x87, 0x1F, 0x87, 0x1F, 0x87, 0x1F, 0x87, 0x1F, 0x66, 0xDF, 0xBD, 0xF9, 0xBD, 0xF9, 0x08, 0x22, 0x2E, 0x7F, 0x00, 0x00, 0x00, 0x00, 0x00, 0x00,
  0x00, 0x00, 0x00, 0x00, 0x00, 0x00, 0x2E, 0x7F, 0x08, 0x22, 0xB5, 0xB8, 0xB5, 0xB8, 0x4D, 0xDB, 0x6E, 0x3C, 0x6E, 0x3C, 0x6E, 0x3C, 0x6E, 0x3C,
  0x6E, 0x3C, 0x6E, 0x3C, 0x08, 0x22, 0xF7, 0xDF, 0xF7, 0xDF, 0xF7, 0xDF, 0xF7, 0xDF, 0xF7, 0xDF, 0xF7, 0xDF, 0xF7, 0xDF, 0xF7, 0xDF, 0xF7, 0xDF,
  0xF7, 0xDF, 0xF7, 0xDF, 0xF7, 0xDF, 0xF7, 0xDF, 0xF7, 0xDF, 0xF7, 0xDF, 0xF7, 0xDF, 0xF7, 0xDF, 0xF7, 0xDF, 0x08, 0x22, 0x6E, 0x3C, 0x6E, 0x3C,
  0x6E, 0x3C, 0x6E, 0x3C, 0x6E, 0x3C, 0x6E, 0x3C, 0x4D, 0xDB, 0xB5, 0xB8, 0xB5, 0xB8, 0x08, 0x22, 0x2E, 0x7F, 0x00, 0x00, 0x00, 0x00, 0x00, 0x00,
  0x00, 0x00, 0x00, 0x00, 0x00, 0x00, 0x2E, 0x7F, 0x08, 0x22, 0xAD, 0x97, 0xAD, 0x97, 0x56, 0xBF, 0x6E, 0xDF, 0x6E, 0xDF, 0x6E, 0xDF, 0x6E, 0xDF,
  0x6E, 0xDF, 0x6E, 0xDF, 0x08, 0x22, 0xE7, 0x9F, 0xE7, 0x9F, 0xE7, 0x9F, 0xE7, 0x9F, 0xE7, 0x9F, 0xE7, 0x9F, 0xE7, 0x9F, 0xE7, 0x9F, 0xE7, 0x9F,
  0xE7, 0x9F, 0xE7, 0x9F, 0xE7, 0x9F, 0xE7, 0x9F, 0xE7, 0x9F, 0xE7, 0x9F, 0xE7, 0x9F, 0xE7, 0x9F, 0xE7, 0x9F, 0x08, 0x22, 0x6E, 0xDF, 0x6E, 0xDF,
  0x6E, 0xDF, 0x6E, 0xDF, 0x6E, 0xDF, 0x6E, 0xDF, 0x56, 0xBF, 0xAD, 0x97, 0xAD, 0x97, 0x08, 0x22, 0x2E, 0x7F, 0x00, 0x00, 0x00, 0x00, 0x00, 0x00,
  0x00, 0x00, 0x00, 0x00, 0x00, 0x00, 0x2E, 0x7F, 0x08, 0x22, 0xAD, 0x77, 0xAD, 0x77, 0x4E, 0xBF, 0x5E, 0xDF, 0x5E, 0xDF, 0x5E, 0xDF, 0x5E, 0xDF,
  0x5E, 0xDF, 0x5E, 0xDF, 0x08, 0x22, 0xDF, 0x5F, 0xDF, 0x5F, 0xDF, 0x5F, 0xDF, 0x5F, 0xDF, 0x5F, 0xDF, 0x5F, 0xDF, 0x5F, 0xDF, 0x5F, 0xDF, 0x5F,
  0xDF, 0x5F, 0xDF, 0x5F, 0xDF, 0x5F, 0xDF, 0x5F, 0xDF, 0x5F, 0xDF, 0x5F, 0xDF, 0x5F, 0xDF, 0x5F, 0xDF, 0x5F, 0x08, 0x22, 0x5E, 0xDF, 0x5E, 0xDF,
  0x5E, 0xDF, 0x5E, 0xDF, 0x5E, 0xDF, 0x5E, 0xDF, 0x4E, 0xBF, 0xAD, 0x77, 0xAD, 0x77, 0x08, 0x22, 0x2E, 0x7F, 0x00, 0x00, 0x00, 0x00, 0x00, 0x00,
  0x00, 0x00, 0x00, 0x00, 0x00, 0x00, 0x2E, 0x7F, 0x08, 0x22, 0xA5, 0x56, 0xA5, 0x56, 0x3D, 0xBB, 0x3D, 0xBB, 0x45, 0xDB, 0x45, 0xDB, 0x45, 0xDB,
  0x45, 0xDB, 0x45, 0xDB, 0x08, 0x22, 0xCF, 0x1F, 0xCF, 0x1F, 0xCF, 0x1F, 0xCF, 0x1F, 0xCF, 0x1F, 0xCF, 0x1F, 0xCF, 0x1F, 0xCF, 0x1F, 0xCF, 0x1F,
  0xCF, 0x1F, 0xCF, 0x1F, 0xCF, 0x1F, 0xCF, 0x1F, 0xCF, 0x1F, 0xCF, 0x1F, 0xCF, 0x1F, 0xCF, 0x1F, 0xCF, 0x1F, 0x08, 0x22, 0x45, 0xDB, 0x45, 0xDB,
  0x45, 0xDB, 0x45, 0xDB, 0x45, 0xDB, 0x3D, 0xBB, 0x3D, 0xBB, 0xA5, 0x56, 0xA5, 0x56, 0x08, 0x22, 0x2E, 0x7F, 0x00, 0x00, 0x00, 0x00, 0x00, 0x00,
  0x00, 0x00, 0x00, 0x00, 0x00, 0x00, 0x2E, 0x7F, 0x08, 0x22, 0x9D, 0x16, 0x9D, 0x16, 0x3E, 0x9F, 0x3E, 0x9F, 0x3E, 0x9F, 0x3E, 0x9F, 0x3E, 0x9F,
  0x3E, 0x9F, 0x3E, 0x9F, 0x08, 0x22, 0xBE, 0xFF, 0xBE, 0xFF, 0xBE, 0xFF, 0xBE, 0xFF, 0xBE, 0xFF, 0xBE, 0xFF, 0x25, 0xDC, 0x25, 0xDC, 0x25, 0xDC,
  0x25, 0xDC, 0x25, 0xDC, 0x25, 0xDC, 0xBE, 0xFF, 0xBE, 0xFF, 0xBE, 0xFF, 0xBE, 0xFF, 0xBE, 0xFF, 0xBE, 0xFF, 0x08, 0x22, 0x3E, 0x9F, 0x3E, 0x9F,
  0x3E, 0x9F, 0x3E, 0x9F, 0x3E, 0x9F, 0x3E, 0x9F, 0x3E, 0x9F, 0x9D, 0x16, 0x9D, 0x16, 0x08, 0x22, 0x2E, 0x7F, 0x00, 0x00, 0x00, 0x00, 0x00, 0x00,
  0x00, 0x00, 0x00, 0x00, 0x00, 0x00, 0x2E, 0x7F, 0x08, 0x22, 0x9C, 0xF5, 0x9C, 0xF5, 0x3E, 0x9F, 0x3E, 0x9F, 0x3E, 0x9F, 0x3E, 0x9F, 0x3E, 0x9F,
  0x3E, 0x9F, 0x3E, 0x9F, 0x08, 0x22, 0xB6, 0xBF, 0xB6, 0xBF, 0xB6, 0xBF, 0xB6, 0xBF, 0xB6, 0xBF, 0x25, 0xDC, 0xD7, 0xBF, 0xD7, 0xBF, 0xD7, 0xBF,
  0x25, 0xDC, 0x25, 0xDC, 0x25, 0xDC, 0x25, 0xDC, 0xB6, 0xBF, 0xB6, 0xBF, 0xB6, 0xBF, 0xB6, 0xBF, 0xB6, 0xBF, 0x08, 0x22, 0x3E, 0x9F, 0x3E, 0x9F,
  0x3E, 0x9F, 0x3E, 0x9F, 0x3E, 0x9F, 0x3E, 0x9F, 0x3E, 0x9F, 0x9C, 0xF5, 0x9C, 0xF5, 0x08, 0x22, 0x2E, 0x7F, 0x00, 0x00, 0x00, 0x00, 0x00, 0x00,
  0x00, 0x00, 0x00, 0x00, 0x00, 0x00, 0x2E, 0x7F, 0x08, 0x22, 0x94, 0xD5, 0x94, 0xD5, 0x2D, 0x9B, 0x2D, 0x9B, 0x2D, 0x9B, 0x2D, 0x9B, 0x2D, 0x9B,
  0x2D, 0x9B, 0x2D, 0x9B, 0x08, 0x22, 0xA6, 0x7F, 0xA6, 0x7F, 0xA6, 0x7F, 0xA6, 0x7F, 0xA6, 0x7F, 0x25, 0xDC, 0xD7, 0xBF, 0xD7, 0xBF, 0xD7, 0xBF,
  0x25, 0xDC, 0x25, 0xDC, 0x25, 0xDC, 0x25, 0xDC, 0xA6, 0x7F, 0xA6, 0x7F, 0xA6, 0x7F, 0xA6, 0x7F, 0xA6, 0x7F, 0x08, 0x22, 0x2D, 0x9B, 0x2D, 0x9B,
  0x2D, 0x9B, 0x2D, 0x9B, 0x2D, 0x9B, 0x2D, 0x9B, 0x2D, 0x9B, 0x94, 0xD5, 0x94, 0xD5, 0x08, 0x22, 0x2E, 0x7F, 0x00, 0x00, 0x00, 0x00, 0x00, 0x00,
  0x00, 0x00, 0x00, 0x00, 0x00, 0x00, 0x2E, 0x7F, 0x08, 0x22, 0x94, 0xB4, 0x94, 0xB4, 0x2E, 0x7F, 0x2E, 0x7F, 0x2E, 0x7F, 0x2E, 0x7F, 0x2E, 0x7F,
  0x2E, 0x7F, 0x2E, 0x7F, 0x08, 0x22, 0x96, 0x3F, 0x96, 0x3F, 0x96, 0x3F, 0x96, 0x3F, 0x96, 0x3F, 0x25, 0xDC, 0xD7, 0xBF, 0xD7, 0xBF, 0xD7, 0xBF,
  0x25, 0xDC, 0x25, 0xDC, 0x25, 0xDC, 0x25, 0xDC, 0x96, 0x3F, 0x96, 0x3F, 0x96, 0x3F, 0x96, 0x3F, 0x96, 0x3F, 0x08, 0x22, 0x2E, 0x7F, 0x2E, 0x7F,
  0x2E, 0x7F, 0x2E, 0x7F, 0x2E, 0x7F, 0x2E, 0x7F, 0x2E, 0x7F, 0x94, 0xB4, 0x94, 0xB4, 0x08, 0x22, 0x2E, 0x7F, 0x00, 0x00, 0x00, 0x00, 0x00, 0x00,
  0x00, 0x00, 0x00, 0x00, 0x00, 0x00, 0x2E, 0x7F, 0x08, 0x22, 0x8C, 0x94, 0x8C, 0x94, 0x12, 0xEE, 0x12, 0xEE, 0x12, 0xEE, 0x12, 0xEE, 0x12, 0xEE,
  0x12, 0xEE, 0x12, 0xEE, 0x08, 0x22, 0xFC, 0x1A, 0xFC, 0x1A, 0xFC, 0x1A, 0xFC, 0x1A, 0xFC, 0x1A, 0x25, 0xDC, 0x25, 0xDC, 0x25, 0xDC, 0x25, 0xDC,
  0x25, 0xDC, 0x25, 0xDC, 0x25, 0xDC, 0x25, 0xDC, 0xFC, 0x1A, 0xFC, 0x1A, 0xFC, 0x1A, 0xFC, 0x1A, 0xFC, 0x1A, 0x08, 0x22, 0x12, 0xEE, 0x12, 0xEE,
  0x12, 0xEE, 0x12, 0xEE, 0x12, 0xEE, 0x12, 0xEE, 0x12, 0xEE, 0x8C, 0x94, 0x8C, 0x94, 0x08, 0x22, 0x2E, 0x7F, 0x00, 0x00, 0x00, 0x00, 0x00, 0x00,
  0x00, 0x00, 0x00, 0x00, 0x00, 0x00, 0x2E, 0x7F, 0x08, 0x22, 0x8C, 0x73, 0x8C, 0x73, 0x12, 0xAD, 0x12, 0xAD, 0x12, 0xAD, 0x12, 0xAD, 0x12, 0xAD,
  0x12, 0xAD, 0x12, 0xAD, 0x08, 0x22, 0xFC, 0x7A, 0xFC, 0x7A, 0xFC, 0x7A, 0xFC, 0x7A, 0xFC, 0x7A, 0x25, 0xDC, 0x25, 0xDC, 0x25, 0xDC, 0x25, 0xDC,
  0x25, 0xDC, 0x25, 0xDC, 0x25, 0xDC, 0x25, 0xDC, 0xFC, 0x7A, 0xFC, 0x7A, 0xFC, 0x7A, 0xFC, 0x7A, 0xFC, 0x7A, 0x08, 0x22, 0x12, 0xAD, 0x12, 0xAD,
  0x12, 0xAD, 0x12, 0xAD, 0x12, 0xAD, 0x12, 0xAD, 0x12, 0xAD, 0x8C, 0x73, 0x8C, 0x73, 0x08, 0x22, 0x2E, 0x7F, 0x00, 0x00, 0x00, 0x00, 0x00, 0x00,
  0x00, 0x00, 0x00, 0x00, 0x00, 0x00, 0x2E, 0x7F, 0x08, 0x22, 0x84, 0x53, 0x84, 0x53, 0x13, 0x70, 0x13, 0x70, 0x13, 0x70, 0x13, 0x70, 0x13, 0x70,
  0x13, 0x70, 0x13, 0x70, 0x08, 0x22, 0xFC, 0xDB, 0xFC, 0xDB, 0xFC, 0xDB, 0xFC, 0xDB, 0xFC, 0xDB, 0x25, 0xDC, 0x25, 0xDC, 0x25, 0xDC, 0x25, 0xDC,
  0x25, 0xDC, 0x25, 0xDC, 0x25, 0xDC, 0x25, 0xDC, 0xFC, 0xDB, 0xFC, 0xDB, 0xFC, 0xDB, 0xFC, 0xDB, 0xFC, 0xDB, 0x08, 0x22, 0x13, 0x70, 0x13, 0x70,
  0x13, 0x70, 0x13, 0x70, 0x13, 0x70, 0x13, 0x70, 0x13, 0x70, 0x84, 0x53, 0x84, 0x53, 0x08, 0x22, 0x2E, 0x7F, 0x00, 0x00, 0x00, 0x00, 0x00, 0x00,
  0x00, 0x00, 0x00, 0x00, 0x00, 0x00, 0x2E, 0x7F, 0x08, 0x22, 0x84, 0x32, 0x84, 0x32, 0x13, 0x91, 0x13, 0x91, 0x13, 0x91, 0x13, 0x91, 0x13, 0x91,
  0x13, 0x91, 0x13, 0x91, 0x08, 0x22, 0xFD, 0x3B, 0xFD, 0x3B, 0xFD, 0x3B, 0xFD, 0x3B, 0xFD, 0x3B, 0xFD, 0x3B, 0x25, 0xDC, 0x25, 0xDC, 0x25, 0xDC,
  0x25, 0xDC, 0x25, 0xDC, 0x25, 0xDC, 0xFD, 0x3B, 0xFD, 0x3B, 0xFD, 0x3B, 0xFD, 0x3B, 0xFD, 0x3B, 0xFD, 0x3B, 0x08, 0x22, 0x13, 0x91, 0x13, 0x91,
  0x13, 0x91, 0x13, 0x91, 0x13, 0x91, 0x13, 0x91, 0x13, 0x91, 0x84, 0x32, 0x84, 0x32, 0x08, 0x22, 0x2E, 0x7F, 0x00, 0x00, 0x00, 0x00, 0x00, 0x00,
  0x00, 0x00, 0x00, 0x00, 0x00, 0x00, 0x2E, 0x7F, 0x08, 0x22, 0x7C, 0x12, 0x7C, 0x12, 0x13, 0x30, 0x13, 0x30, 0x13, 0x30, 0x13, 0x30, 0x13, 0x30,
  0x13, 0x30, 0x13, 0x30, 0x08, 0x22, 0xFD, 0x9C, 0xFD, 0x9C, 0xFD, 0x9C, 0xFD, 0x9C, 0xFD, 0x9C, 0xFD, 0x9C, 0xFD, 0x9C, 0xFD, 0x9C, 0xFD, 0x9C,
  0xFD, 0x9C, 0xFD, 0x9C, 0xFD, 0x9C, 0xFD, 0x9C, 0xFD, 0x9C, 0xFD, 0x9C, 0xFD, 0x9C, 0xFD, 0x9C, 0xFD, 0x9C, 0x08, 0x22, 0x13, 0x30, 0x13, 0x30,
  0x13, 0x30, 0x13, 0x30, 0x13, 0x30, 0x13, 0x30, 0x13, 0x30, 0x7C, 0x12, 0x7C, 0x12, 0x08, 0x22, 0x2E, 0x7F, 0x00, 0x00, 0x00, 0x00, 0x00, 0x00,
  0x00, 0x00, 0x00, 0x00, 0x00, 0x00, 0x2E, 0x7F, 0x08, 0x22, 0x7B, 0xF1, 0x7B, 0xF1, 0x1B, 0xF3, 0x1B, 0xF3, 0x1B, 0xF3, 0x1B, 0xF3, 0x1B, 0xF3,
  0x1B, 0xF3, 0x1B, 0xF3, 0x08, 0x22, 0xFD, 0xFD, 0xFD, 0xFD, 0xFD, 0xFD, 0xFD, 0xFD, 0xFD, 0xFD, 0xFD, 0xFD, 0xFD, 0xFD, 0xFD, 0xFD, 0xFD, 0xFD,
  0xFD, 0xFD, 0xFD, 0xFD, 0xFD, 0xFD, 0xFD, 0xFD, 0xFD, 0xFD, 0xFD, 0xFD, 0xFD, 0xFD, 0xFD, 0xFD, 0xFD, 0xFD, 0x08, 0x22, 0x1B, 0xF3, 0x1B, 0xF3,
  0x1B, 0xF3, 0x1B, 0xF3, 0x1B, 0xF3, 0x1B, 0xF3, 0x1B, 0xF3, 0x7B, 0xF1, 0x7B, 0xF1, 0x08, 0x22, 0x2E, 0x7F, 0x00, 0x00, 0x00, 0x00, 0x00, 0x00,
  0x00, 0x00, 0x00, 0x00, 0x00, 0x00, 0x2E, 0x7F, 0x08, 0x22, 0x73, 0xD1, 0x73, 0xD1, 0x1C, 0x34, 0x1C, 0x34, 0x1C, 0x34, 0x1C, 0x34, 0x1C, 0x34,
  0x1C, 0x34, 0x1C, 0x34, 0x08, 0x22, 0xFE, 0x5D, 0xFE, 0x5D, 0xFE, 0x5D, 0xFE, 0x5D, 0xFE, 0x5D, 0xFE, 0x5D, 0xFE, 0x5D, 0xFE, 0x5D, 0xFE, 0x5D,
  0xFE, 0x5D, 0xFE, 0x5D, 0xFE, 0x5D, 0xFE, 0x5D, 0xFE, 0x5D, 0xFE, 0x5D, 0xFE, 0x5D, 0xFE, 0x5D, 0xFE, 0x5D, 0x08, 0x22, 0x1C, 0x34, 0x1C, 0x34,
  0x1C, 0x34, 0x1C, 0x34, 0x1C, 0x34, 0x1C, 0x34, 0x1C, 0x34, 0x73, 0xD1, 0x73, 0xD1, 0x08, 0x22, 0x2E, 0x7F, 0x00, 0x00, 0x00, 0x00, 0x00, 0x00,
  0x00, 0x00, 0x00, 0x00, 0x00, 0x00, 0x2E, 0x7F, 0x08, 0x22, 0x73, 0xB0, 0x73, 0xB0, 0x13, 0xB2, 0x13, 0xB2, 0x13, 0xB2, 0x13, 0xB2, 0x13, 0xB2,
  0x13, 0xB2, 0x13, 0xB2, 0x08, 0x22, 0xFE, 0xBE, 0xFE, 0xBE, 0xFE, 0xBE, 0xFE, 0xBE, 0xFE, 0xBE, 0xFE, 0xBE, 0xFE, 0xBE, 0xFE, 0xBE, 0xFE, 0xBE,
  0xFE, 0xBE, 0xFE, 0xBE, 0xFE, 0xBE, 0xFE, 0xBE, 0xFE, 0xBE, 0xFE, 0xBE, 0xFE, 0xBE, 0xFE, 0xBE, 0xFE, 0xBE, 0x08, 0x22, 0x13, 0xB2, 0x13, 0xB2,
  0x13, 0xB2, 0x13, 0xB2, 0x13, 0xB2, 0x13, 0xB2, 0x13, 0xB2, 0x73, 0xB0, 0x73, 0xB0, 0x08, 0x22, 0x2E, 0x7F, 0x00, 0x00, 0x00, 0x00, 0x00, 0x00,
  0x00, 0x00, 0x00, 0x00, 0x00, 0x00, 0x2E, 0x7F, 0x08, 0x22, 0x6B, 0x90, 0x6B, 0x90, 0x1C, 0x96, 0x1C, 0x96, 0x1C, 0x96, 0x1C, 0x96, 0x1C, 0x96,
  0x1C, 0x96, 0x1C, 0x96, 0x08, 0x22, 0x08, 0x22, 0xFF, 0x1E, 0xFF, 0x1E, 0xFF, 0x1E, 0xFF, 0x1E, 0xFF, 0x1E, 0xFF, 0x1E, 0xFF, 0x1E, 0xFF, 0x1E,
  0xFF, 0x1E, 0xFF, 0x1E, 0xFF, 0x1E, 0xFF, 0x1E, 0xFF, 0x1E, 0xFF, 0x1E, 0xFF, 0x1E, 0xFF, 0x1E, 0x08, 0x22, 0x08, 0x22, 0x1C, 0x96, 0x1C, 0x96,
  0x1C, 0x96, 0x1C, 0x96, 0x1C, 0x96, 0x1C, 0x96, 0x1C, 0x96, 0x6B, 0x90, 0x6B, 0x90, 0x08, 0x22, 0x2E, 0x7F, 0x00, 0x00, 0x00, 0x00, 0x00, 0x00,
  0x00, 0x00, 0x00, 0x00, 0x00, 0x00, 0x2E, 0x7F, 0x08, 0x22, 0x6B, 0x6F, 0x6B, 0x6F, 0x1C, 0xB7, 0x1C, 0xB7, 0x1C, 0xB7, 0x1C, 0xB7, 0x1C, 0xB7,
  0x1C, 0xB7, 0x1C, 0xB7, 0x1C, 0xB7, 0x08, 0x22, 0x08, 0x22, 0x08, 0x22, 0x08, 0x22, 0x08, 0x22, 0x08, 0x22, 0x08, 0x22, 0x08, 0x22, 0x08, 0x22,
  0x08, 0x22, 0x08, 0x22, 0x08, 0x22, 0x08, 0x22, 0x08, 0x22, 0x08, 0x22, 0x08, 0x22, 0x08, 0x22, 0x08, 0x22, 0x1C, 0xB7, 0x1C, 0xB7, 0x1C, 0xB7,
  0x1C, 0xB7, 0x1C, 0xB7, 0x1C, 0xB7, 0x1C, 0xB7, 0x1C, 0xB7, 0x6B, 0x6F, 0x6B, 0x6F, 0x08, 0x22, 0x2E, 0x7F, 0x00, 0x00, 0x00, 0x00, 0x00, 0x00,
  0x00, 0x00, 0x00, 0x00, 0x00, 0x00, 0x2E, 0x7F, 0x08, 0x22, 0x63, 0x4F, 0x63, 0x4F, 0x1C, 0x35, 0x1C, 0x35, 0x1C, 0x35, 0x1C, 0x35, 0x1C, 0x35,
  0x1C, 0x35, 0x1C, 0x35, 0x1C, 0x35, 0x1C, 0x35, 0x1C, 0x35, 0x1C, 0x35, 0x1C, 0x35, 0x1C, 0x35, 0x1C, 0x35, 0x1C, 0x35, 0x1C, 0x35, 0x1C, 0x35,
  0x1C, 0x35, 0x1C, 0x35, 0x1C, 0x35, 0x1C, 0x35, 0x1C, 0x35, 0x1C, 0x35, 0x1C, 0x35, 0x1C, 0x35, 0x1C, 0x35, 0x1C, 0x35, 0x1C, 0x35, 0x1C, 0x35,
  0x1C, 0x35, 0x1C, 0x35, 0x1C, 0x35, 0x1C, 0x35, 0x1C, 0x35, 0x63, 0x4F, 0x63, 0x4F, 0x08, 0x22, 0x2E, 0x7F, 0x00, 0x00, 0x00, 0x00, 0x00, 0x00,
  0x00, 0x00, 0x00, 0x00, 0x00, 0x00, 0x2E, 0x7F, 0x08, 0x22, 0x63, 0x2E, 0x63, 0x2E, 0x25, 0x39, 0x25, 0x39, 0x25, 0x39, 0x25, 0x39, 0x25, 0x39,
  0x25, 0x39, 0x25, 0x39, 0x25, 0x39, 0x25, 0x39, 0x25, 0x39, 0x25, 0x39, 0x25, 0x39, 0x25, 0x39, 0x25, 0x39, 0x25, 0x39, 0x25, 0x39, 0x25, 0x39,
  0x25, 0x39, 0x25, 0x39, 0x25, 0x39, 0x25, 0x39, 0x25, 0x39, 0x25, 0x39, 0x25, 0x39, 0x25, 0x39, 0x25, 0x39, 0x25, 0x39, 0x25, 0x39, 0x25, 0x39,
  0x25, 0x39, 0x25, 0x39, 0x25, 0x39, 0x25, 0x39, 0x25, 0x39, 0x63, 0x2E, 0x63, 0x2E, 0x08, 0x22, 0x2E, 0x7F, 0x00, 0x00, 0x00, 0x00, 0x00, 0x00,
  0x00, 0x00, 0x00, 0x00, 0x00, 0x00, 0x2E, 0x7F, 0x08, 0x22, 0x5B, 0x0E, 0x5B, 0x0E, 0x25, 0x5A, 0x25, 0x5A, 0x25, 0x5A, 0x25, 0x5A, 0x25, 0x5A,
  0x25, 0x5A, 0x25, 0x5A, 0x25, 0x5A, 0x25, 0x5A, 0x25, 0x5A, 0x25, 0x5A, 0x25, 0x5A, 0x25, 0x5A, 0x25, 0x5A, 0x25, 0x5A, 0x25, 0x5A, 0x25, 0x5A,
  0x25, 0x5A, 0x25, 0x5A, 0x25, 0x5A, 0x25, 0x5A, 0x25, 0x5A, 0x25, 0x5A, 0x25, 0x5A, 0x25, 0x5A, 0x25, 0x5A, 0x25, 0x5A, 0x25, 0x5A, 0x25, 0x5A,
  0x25, 0x5A, 0x25, 0x5A, 0x25, 0x5A, 0x25, 0x5A, 0x25, 0x5A, 0x5B, 0x0E, 0x5B, 0x0E, 0x08, 0x22, 0x2E, 0x7F, 0x00, 0x00, 0x00, 0x00, 0x00, 0x00,
  0x00, 0x00, 0x00, 0x00, 0x00, 0x00, 0x2E, 0x7F, 0x08, 0x22, 0x5A, 0xED, 0x5A, 0xED, 0x1C, 0xB7, 0x1C, 0xB7, 0x1C, 0xB7, 0x1C, 0xB7, 0x1C, 0xB7,
  0x1C, 0xB7, 0x1C, 0xB7, 0x1C, 0xB7, 0x1C, 0xB7, 0x1C, 0xB7, 0x1C, 0xB7, 0x1C, 0xB7, 0x1C, 0xB7, 0x1C, 0xB7, 0x1C, 0xB7, 0x1C, 0xB7, 0x1C, 0xB7,
  0x1C, 0xB7, 0x1C, 0xB7, 0x1C, 0xB7, 0x1C, 0xB7, 0x1C, 0xB7, 0x1C, 0xB7, 0x1C, 0xB7, 0x1C, 0xB7, 0x1C, 0xB7, 0x1C, 0xB7, 0x1C, 0xB7, 0x1C, 0xB7,
  0x1C, 0xB7, 0x1C, 0xB7, 0x1C, 0xB7, 0x1C, 0xB7, 0x1C, 0xB7, 0x5A, 0xED, 0x5A, 0xED, 0x08, 0x22, 0x2E, 0x7F, 0x00, 0x00, 0x00, 0x00, 0x00, 0x00,
  0x00, 0x00, 0x00, 0x00, 0x00, 0x00, 0x2E, 0x7F, 0x08, 0x22, 0x52, 0xCD, 0x52, 0xCD, 0x25, 0xBC, 0x25, 0xBC, 0x25, 0xBC, 0x25, 0xBC, 0x25, 0xBC,
  0x25, 0xBC, 0x25, 0xBC, 0x25, 0xBC, 0x25, 0xBC, 0x25, 0xBC, 0x25, 0xBC, 0x25, 0xBC, 0x25, 0xBC, 0x25, 0xBC, 0x25, 0xBC, 0x25, 0xBC, 0x25, 0xBC,
  0x25, 0xBC, 0x25, 0xBC, 0x25, 0xBC, 0x25, 0xBC, 0x25, 0xBC, 0x25, 0xBC, 0x25, 0xBC, 0x25, 0xBC, 0x25, 0xBC, 0x25, 0xBC, 0x25, 0xBC, 0x25, 0xBC,
  0x25, 0xBC, 0x25, 0xBC, 0x25, 0xBC, 0x25, 0xBC, 0x25, 0xBC, 0x52, 0xCD, 0x52, 0xCD, 0x08, 0x22, 0x2E, 0x7F, 0x00, 0x00, 0x00, 0x00, 0x00, 0x00,
  0x00, 0x00, 0x00, 0x00, 0x00, 0x00, 0x2E, 0x7F, 0x08, 0x22, 0x52, 0xAC, 0x52, 0xAC, 0x52, 0xAC, 0x25, 0xFD, 0x25, 0xFD, 0x25, 0xFD, 0x25, 0xFD,
  0x25, 0xFD, 0x25, 0xFD, 0x25, 0xFD, 0x25, 0xFD, 0x25, 0xFD, 0x25, 0xFD, 0x25, 0xFD, 0x25, 0xFD, 0x25, 0xFD, 0x25, 0xFD, 0x25, 0xFD, 0x25, 0xFD,
  0x25, 0xFD, 0x25, 0xFD, 0x25, 0xFD, 0x25, 0xFD, 0x25, 0xFD, 0x25, 0xFD, 0x25, 0xFD, 0x25, 0xFD, 0x25, 0xFD, 0x25, 0xFD, 0x25, 0xFD, 0x25, 0xFD,
  0x25, 0xFD, 0x25, 0xFD, 0x25, 0xFD, 0x25, 0xFD, 0x52, 0xAC, 0x52, 0xAC, 0x52, 0xAC, 0x08, 0x22, 0x2E, 0x7F, 0x00, 0x00, 0x00, 0x00, 0x00, 0x00,
  0x00, 0x00, 0x00, 0x00, 0x00, 0x00, 0x2E, 0x7F, 0x08, 0x22, 0x08, 0x22, 0x4A, 0x8C, 0x42, 0x2A, 0x42, 0x2A, 0x25, 0x3A, 0x25, 0x3A, 0x25, 0x3A,
  0x25, 0x3A, 0x25, 0x3A, 0x25, 0x3A, 0x25, 0x3A, 0x25, 0x3A, 0x25, 0x3A, 0x25, 0x3A, 0x25, 0x3A, 0x25, 0x3A, 0x25, 0x3A, 0x25, 0x3A, 0x25, 0x3A,
  0x25, 0x3A, 0x25, 0x3A, 0x25, 0x3A, 0x25, 0x3A, 0x25, 0x3A, 0x25, 0x3A, 0x25, 0x3A, 0x25, 0x3A, 0x25, 0x3A, 0x25, 0x3A, 0x25, 0x3A, 0x25, 0x3A,
  0x25, 0x3A, 0x25, 0x3A, 0x25, 0x3A, 0x42, 0x2A, 0x42, 0x2A, 0x4A, 0x8C, 0x08, 0x22, 0x08, 0x22, 0x2E, 0x7F, 0x00, 0x00, 0x00, 0x00, 0x00, 0x00,
  0x00, 0x00, 0x00, 0x00, 0x00, 0x00, 0x2E, 0x7F, 0x2E, 0x7F, 0x08, 0x22, 0x4A, 0x6B, 0x4A, 0x6B, 0x4A, 0x6B, 0x4A, 0x6B, 0x4A, 0x6B, 0x4A, 0x6B,
  0x4A, 0x6B, 0x4A, 0x6B, 0x4A, 0x6B, 0x4A, 0x6B, 0x4A, 0x6B, 0x4A, 0x6B, 0x4A, 0x6B, 0x4A, 0x6B, 0x4A, 0x6B, 0x4A, 0x6B, 0x4A, 0x6B, 0x4A, 0x6B,
  0x4A, 0x6B, 0x4A, 0x6B, 0x4A, 0x6B, 0x4A, 0x6B, 0x4A, 0x6B, 0x4A, 0x6B, 0x4A, 0x6B, 0x4A, 0x6B, 0x4A, 0x6B, 0x4A, 0x6B, 0x4A, 0x6B, 0x4A, 0x6B,
  0x4A, 0x6B, 0x4A, 0x6B, 0x4A, 0x6B, 0x4A, 0x6B, 0x4A, 0x6B, 0x4A, 0x6B, 0x08, 0x22, 0x2E, 0x7F, 0x2E, 0x7F, 0x00, 0x00, 0x00, 0x00, 0x00, 0x00,
  0x00, 0x00, 0x00, 0x00, 0x00, 0x00, 0x00, 0x00, 0x2E, 0x7F, 0x08, 0x22, 0x08, 0x22, 0x08, 0x22, 0x42, 0x4B, 0x42, 0x4B, 0x42, 0x4B, 0x42, 0x4B,
  0x42, 0x4B, 0x42, 0x4B, 0x42, 0x4B, 0x42, 0x4B, 0x42, 0x4B, 0x42, 0x4B, 0x42, 0x4B, 0x42, 0x4B, 0x42, 0x4B, 0x42, 0x4B, 0x42, 0x4B, 0x42, 0x4B,
  0x42, 0x4B, 0x42, 0x4B, 0x42, 0x4B, 0x42, 0x4B, 0x42, 0x4B, 0x42, 0x4B, 0x42, 0x4B, 0x42, 0x4B, 0x42, 0x4B, 0x42, 0x4B, 0x42, 0x4B, 0x42, 0x4B,
  0x42, 0x4B, 0x42, 0x4B, 0x42, 0x4B, 0x42, 0x4B, 0x08, 0x22, 0x08, 0x22, 0x08, 0x22, 0x2E, 0x7F, 0x00, 0x00, 0x00, 0x00, 0x00, 0x00, 0x00, 0x00,
  0x00, 0x00, 0x00, 0x00, 0x00, 0x00, 0x00, 0x00, 0x00, 0x00, 0x2E, 0x7F, 0x2E, 0x7F, 0x08, 0x22, 0x08, 0x22, 0x08, 0x22, 0x08, 0x22, 0x08, 0x22,
  0x08, 0x22, 0x08, 0x22, 0x08, 0x22, 0x08, 0x22, 0x08, 0x22, 0x08, 0x22, 0x08, 0x22, 0x08, 0x22, 0x08, 0x22, 0x08, 0x22, 0x08, 0x22, 0x08, 0x22,
  0x08, 0x22, 0x08, 0x22, 0x08, 0x22, 0x08, 0x22, 0x08, 0x22, 0x08, 0x22, 0x08, 0x22, 0x08, 0x22, 0x08, 0x22, 0x08, 0x22, 0x08, 0x22, 0x08, 0x22,
  0x08, 0x22, 0x08, 0x22, 0x08, 0x22, 0x08, 0x22, 0x08, 0x22, 0x2E, 0x7F, 0x2E, 0x7F, 0x00, 0x00, 0x00, 0x00, 0x00, 0x00, 0x00, 0x00, 0x00, 0x00,
  0x00, 0x00, 0x00, 0x00, 0x00, 0x00, 0x00, 0x00, 0x00, 0x00, 0x00, 0x00, 0x2E, 0x7F, 0x2E, 0x7F, 0x2E, 0x7F, 0x2E, 0x7F, 0x2E, 0x7F, 0x2E, 0x7F,
  0x2E, 0x7F, 0x2E, 0x7F, 0x2E, 0x7F, 0x2E, 0x7F, 0x2E, 0x7F, 0x2E, 0x7F, 0x2E, 0x7F, 0x2E, 0x7F, 0x2E, 0x7F, 0x2E, 0x7F, 0x2E, 0x7F, 0x2E, 0x7F,
  0x2E, 0x7F, 0x2E, 0x7F, 0x2E, 0x7F, 0x2E, 0x7F, 0x2E, 0x7F, 0x2E, 0x7F, 0x2E, 0x7F, 0x2E, 0x7F, 0x2E, 0x7F, 0x2E, 0x7F, 0x2E, 0x7F, 0x2E, 0x7F,
  0x2E, 0x7F, 0x2E, 0x7F, 0x2E, 0x7F, 0x2E, 0x7F, 0x2E, 0x7F, 0x2E, 0x7F, 0x00, 0x00, 0x00, 0x00, 0x00, 0x00, 0x00, 0x00, 0x00, 0x00, 0x00, 0x00,
  0x00, 0x00, 0x00, 0x00, 0x00, 0x00, 0x00, 0x00, 0x00, 0x00, 0x00, 0x00, 0x00, 0x00, 0x00, 0x00, 0x00, 0x00, 0x00, 0x00, 0x00, 0x00, 0x00, 0x00,
  0x00, 0x00, 0x00, 0x00, 0x00, 0x00, 0x00, 0x00, 0x00, 0x00, 0x00, 0x00, 0x00, 0x00, 0x00, 0x00, 0x00, 0x00, 0x00, 0x00, 0x00, 0x00, 0x00, 0x00,
  0x00, 0x00, 0x00, 0x00, 0x00, 0x00, 0x00, 0x00, 0x00, 0x00, 0x00, 0x00, 0x00, 0x00, 0x00, 0x00, 0x00, 0x00, 0x00, 0x00, 0x00, 0x00, 0x00, 0x00,
  0x00, 0x00, 0x00, 0x00, 0x00, 0x00, 0x00, 0x00, 0x00, 0x00, 0x00, 0x00, 0x00, 0x00, 0x00, 0x00, 0x00, 0x00, 0x00, 0x00, 0x00, 0x00, 0x00, 0x00,
  0x00, 0x00, 0x00, 0x00, 0x00, 0x00, 0x00, 0x00, 0x00, 0x00, 0x00, 0x00, 0x00, 0x00, 0x00, 0x00, 0x00, 0x00, 0x00, 0x00, 0x00, 0x00, 0x00, 0x00,
  0x00, 0x00, 0x00, 0x00, 0x00, 0x00, 0x00, 0x00, 0x00, 0x00, 0x00, 0x00, 0x00, 0x00, 0x00, 0x00, 0x00, 0x00, 0x00, 0x00, 0x00, 0x00, 0x00, 0x00,
  0x00, 0x00, 0x00, 0x00, 0x00, 0x00, 0x00, 0x00, 0x00, 0x00, 0x00, 0x00, 0x00, 0x00, 0x00, 0x00, 0x00, 0x00, 0x00, 0x00, 0x00, 0x00, 0x00, 0x00,
  0x00, 0x00, 0x00, 0x00, 0x00, 0x00, 0x00, 0x00, 0x00, 0x00, 0x00, 0x00, 0x00, 0x00, 0x00, 0x00, 0x00, 0x00, 0x00, 0x00, 0x00, 0x00, 0x00, 0x00,
  0x00, 0x00, 0x00, 0x00, 0x00, 0x00, 0x00, 0x00, 0x00, 0x00, 0x00, 0x00, 0x00, 0x00, 0x00, 0x00, 0x00, 0x00, 0x00, 0x00, 0x00, 0x00, 0x00, 0x00,
  0x00, 0x00, 0x00, 0x00, 0x00, 0x00, 0x00, 0x00, 0x00, 0x00, 0x00, 0x00, 0x00, 0x00, 0x00, 0x00, 0x00, 0x00, 0x00, 0x00, 0x00, 0x00, 0x00, 0x00,
  0x00, 0x00, 0x00, 0x00, 0x00, 0x00, 0x00, 0x00, 0x00, 0x00, 0x00, 0x00, 0x00, 0x00, 0x00, 0x00, 0x00, 0x00, 0x00, 0x00, 0x00, 0x00, 0x00, 0x00,
  0x00, 0x00, 0x00, 0x00, 0x00, 0x00, 0x00, 0x00, 0x00, 0x00, 0x00, 0x00, 0x00, 0x00, 0x00, 0x00, 0x00, 0x00, 0x00, 0x00, 0x00, 0x00, 0x00, 0x00,
};

/* Cabeza de nota larga green: 48x48 (con la cola detrás) */
uint8_t hold_head_green[4608] = {
  0x00, 0x00, 0x00, 0x00, 0x00, 0x00, 0x00, 0x00, 0x00, 0x00, 0x00, 0x00, 0x00, 0x00, 0x00, 0x00, 0x00, 0x00, 0x00, 0x00, 0x00, 0x00, 0x00, 0x00,
  0x01, 0x83, 0x01, 0x83, 0x01, 0x83, 0x1C, 0x6B, 0x1C, 0x6B, 0x1C, 0x6B, 0x1C, 0x6B, 0x1E, 0x8F, 0x1E, 0x8F, 0x1E, 0x8F, 0x67, 0xF6, 0x67, 0xF6,
  0x67, 0xF6, 0x67, 0xF6, 0x1E, 0x8F, 0x1E, 0x8F, 0x1E, 0x8F, 0x1C, 0x6B, 0x1C, 0x6B, 0x1C, 0x6B, 0x1C, 0x6B, 0x01, 0x83, 0x01, 0x83, 0x01, 0x83,
  0x00, 0x00, 0x00, 0x00, 0x00, 0x00, 0x00, 0x00, 0x00, 0x00, 0x00, 0x00, 0x00, 0x00, 0x00, 0x00, 0x00, 0x00, 0x00, 0x00, 0x00, 0x00, 0x00, 0x00,
  0x00, 0x00, 0x00, 0x00, 0x00, 0x00, 0x00, 0x00, 0x00, 0x00, 0x00, 0x00, 0x00, 0x00, 0x00, 0x00, 0x00, 0x00, 0x00, 0x00, 0x00, 0x00, 0x00, 0x00,
  0x01, 0x83, 0x01, 0x83, 0x01, 0x83, 0x1C, 0x6B, 0x1C, 0x6B, 0x1C, 0x6B, 0x1C, 0x6B, 0x1E, 0x8F, 0x1E, 0x8F, 0x1E, 0x8F, 0x67, 0xF6, 0x67, 0xF6,
  0x67, 0xF6, 0x67, 0xF6, 0x1E, 0x8F, 0x1E, 0x8F, 0x1E, 0x8F, 0x1C, 0x6B, 0x1C, 0x6B, 0x1C, 0x6B, 0x1C, 0x6B, 0x01, 0x83, 0x01, 0x83, 0x01, 0x83,
  0x00, 0x00, 0x00, 0x00, 0x00, 0x00, 0x00, 0x00, 0x00, 0x00, 0x00, 0x00, 0x00, 0x00, 0x00, 0x00, 0x00, 0x00, 0x00, 0x00, 0x00, 0x00, 0x00, 0x00,
  0x00, 0x00, 0x00, 0x00, 0x00, 0x00, 0x00, 0x00, 0x00, 0x00, 0x00, 0x00, 0x00, 0x00, 0x00, 0x00, 0x00, 0x00, 0x00, 0x00, 0x00, 0x00, 0x00, 0x00,
  0x01, 0x83, 0x01, 0x83, 0x01, 0x83, 0x04, 0x08, 0x04, 0x08, 0x04, 0x08, 0x04, 0x08, 0x06, 0x6D, 0x06, 0x6D, 0x06, 0x6D, 0x4F, 0xF5, 0x4F, 0xF5,
  0x4F, 0xF5, 0x4F, 0xF5, 0x06, 0x6D, 0x06, 0x6D, 0x06, 0x6D, 0x04, 0x08, 0x04, 0x08, 0x04, 0x08, 0x04, 0x08, 0x01, 0x83, 0x01, 0x83, 0x01, 0x83,
  0x00, 0x00, 0x00, 0x00, 0x00, 0x00, 0x00, 0x00, 0x00, 0x00, 0x00, 0x00, 0x00, 0x00, 0x00, 0x00, 0x00, 0x00, 0x00, 0x00, 0x00, 0x00, 0x00, 0x00,
  0x00, 0x00, 0x00, 0x00, 0x00, 0x00, 0x00, 0x00, 0x00, 0x00, 0x00, 0x00, 0x07, 0xF0, 0x07, 0xF0, 0x07, 0xF0, 0x07, 0xF0, 0x07, 0xF0, 0x07, 0xF0,
  0x07, 0xF0, 0x07, 0xF0, 0x07, 0xF0, 0x07, 0xF0, 0x07, 0xF0, 0x07, 0xF0, 0x07, 0xF0, 0x07, 0xF0, 0x07, 0xF0, 0x07, 0xF0, 0x07, 0xF0, 0x07, 0xF0,
  0x07, 0xF0, 0x07, 0xF0, 0x07, 0xF0, 0x07, 0xF0, 0x07, 0xF0, 0x07, 0xF0, 0x07, 0xF0, 0x07, 0xF0, 0x07, 0xF0, 0x07, 0xF0, 0x07, 0xF0, 0x07, 0xF0,
  0x07, 0xF0, 0x07, 0xF0, 0x07, 0xF0, 0x07, 0xF0, 0x07, 0xF0, 0x07, 0xF0, 0x00, 0x00, 0x00, 0x00, 0x00, 0x00, 0x00, 0x00, 0x00, 0x00, 0x00, 0x00,
  0x00, 0x00, 0x00, 0x00, 0x00, 0x00, 0x00, 0x00, 0x00, 0x00, 0x07, 0xF0, 0x07, 0xF0, 0x08, 0x22, 0x08, 0x22, 0x08, 0x22, 0x08, 0x22, 0x08, 0x22,
  0x08, 0x22, 0x08, 0x22, 0x08, 0x22, 0x08, 0x22, 0x08, 0x22, 0x08, 0x22, 0x08, 0x22, 0x08, 0x22, 0x08, 0x22, 0x08, 0x22, 0x08, 0x22, 0x08, 0x22,
  0x08, 0x22, 0x08, 0x22, 0x08, 0x22, 0x08, 0x22, 0x08, 0x22, 0x08, 0x22, 0x08, 0x22, 0x08, 0x22, 0x08, 0x22, 0x08, 0x22, 0x08, 0x22, 0x08, 0x22,
  0x08, 0x22, 0x08, 0x22, 0x08, 0x22, 0x08, 0x22, 0x08, 0x22, 0x07, 0xF0, 0x07, 0xF0, 0x00, 0x00, 0x00, 0x00, 0x00, 0x00, 0x00, 0x00, 0x00, 0x00,
  0x00, 0x00, 0x00, 0x00, 0x00, 0x00, 0x00, 0x00, 0x07, 0xF0, 0x08, 0x22, 0x08, 0x22, 0x08, 0x22, 0xEF, 0x7E, 0xEF, 0x7E, 0xEF, 0x7E, 0xEF, 0x7E,
  0xEF, 0x7E, 0xEF, 0x7E, 0xEF, 0x7E, 0xEF, 0x7E, 0xEF, 0x7E, 0xEF, 0x7E, 0xEF, 0x7E, 0xEF, 0x7E, 0xEF, 0x7E, 0xEF, 0x7E, 0xEF, 0x7E, 0xEF, 0x7E,
  0xEF, 0x7E, 0xEF, 0x7E, 0xEF, 0x7E, 0xEF, 0x7E, 0xEF, 0x7E, 0xEF, 0x7E, 0xEF, 0x7E, 0xEF, 0x7E, 0xEF, 0x7E, 0xEF, 0x7E, 0xEF, 0x7E, 0xEF, 0x7E,
  0xEF, 0x7E, 0xEF, 0x7E, 0xEF, 0x7E, 0xEF, 0x7E, 0x08, 0x22, 0x08, 0x22, 0x08, 0x22, 0x07, 0xF0, 0x00, 0x00, 0x00, 0x00, 0x00, 0x00, 0x00, 0x00,
  0x00, 0x00, 0x00, 0x00, 0x00, 0x00, 0x07, 0xF0, 0x07, 0xF0, 0x08, 0x22, 0xE7, 0x5E, 0xE7, 0x5E, 0xE7, 0x5E, 0xE7, 0x5E, 0xE7, 0x5E, 0xE7, 0x5E,
  0xE7, 0x5E, 0xE7, 0x5E, 0xE7, 0x5E, 0xE7, 0x5E, 0xE7, 0x5E, 0xE7, 0x5E, 0xE7, 0x5E, 0xE7, 0x5E, 0xE7, 0x5E, 0xE7, 0x5E, 0xE7, 0x5E, 0xE7, 0x5E,
  0xE7, 0x5E, 0xE7, 0x5E, 0xE7, 0x5E, 0xE7, 0x5E, 0xE7, 0x5E, 0xE7, 0x5E, 0xE7, 0x5E, 0xE7, 0x5E, 0xE7, 0x5E, 0xE7, 0x5E, 0xE7, 0x5E, 0xE7, 0x5E,
  0xE7, 0x5E, 0xE7, 0x5E, 0xE7, 0x5E, 0xE7, 0x5E, 0xE7, 0x5E, 0xE7, 0x5E, 0x08, 0x22, 0x07, 0xF0, 0x07, 0xF0, 0x00, 0x00, 0x00, 0x00, 0x00, 0x00,
  0x00, 0x00, 0x00, 0x00, 0x00, 0x00, 0x07, 0xF0, 0x08, 0x22, 0x08, 0x22, 0xE7, 0x3D, 0xC6, 0x39, 0xC6, 0x39, 0x7E, 0xD5, 0x7E, 0xD5, 0x7E, 0xD5,
  0x7E, 0xD5, 0x7E, 0xD5, 0x7E, 0xD5, 0x7E, 0xD5, 0x7E, 0xD5, 0x7E, 0xD5, 0x7E, 0xD5, 0x7E, 0xD5, 0x7E, 0xD5, 0x7E, 0xD5, 0x7E, 0xD5, 0x7E, 0xD5,
  0x7E, 0xD5, 0x7E, 0xD5, 0x7E, 0xD5, 0x7E, 0xD5, 0x7E, 0xD5, 0x7E, 0xD5, 0x7E, 0xD5, 0x7E, 0xD5, 0x7E, 0xD5, 0x7E, 0xD5, 0x7E, 0xD5, 0x7E, 0xD5,
  0x7E, 0xD5, 0x7E, 0xD5, 0x7E, 0xD5, 0xC6, 0x39, 0xC6, 0x39, 0xE7, 0x3D, 0x08, 0x22, 0x08, 0x22, 0x07, 0xF0, 0x00, 0x00, 0x00, 0x00, 0x00, 0x00,
  0x00, 0x00, 0x00, 0x00, 0x00, 0x00, 0x07, 0xF0, 0x08, 0x22, 0xDE, 0xFC, 0xDE, 0xFC, 0xDE, 0xFC, 0x87, 0xF8, 0xBF, 0xFB, 0xBF, 0xFB, 0xBF, 0xFB,
  0xBF, 0xFB, 0xBF, 0xFB, 0xBF, 0xFB, 0xBF, 0xFB, 0xBF, 0xFB, 0xBF, 0xFB, 0xBF, 0xFB, 0xBF, 0xFB, 0xBF, 0xFB, 0xBF, 0xFB, 0xBF, 0xFB, 0xBF, 0xFB,
  0xBF, 0xFB, 0xBF, 0xFB, 0xBF, 0xFB, 0xBF, 0xFB, 0xBF, 0xFB, 0xBF, 0xFB, 0xBF, 0xFB, 0xBF, 0xFB, 0xBF, 0xFB, 0xBF, 0xFB, 0xBF, 0xFB, 0xBF, 0xFB,
  0xBF, 0xFB, 0xBF, 0xFB, 0xBF, 0xFB, 0x87, 0xF8, 0xDE, 0xFC, 0xDE, 0xFC, 0xDE, 0xFC, 0x08, 0x22, 0x07, 0xF0, 0x00, 0x00, 0x00, 0x00, 0x00, 0x00,
  0x00, 0x00, 0x00, 0x00, 0x00, 0x00, 0x07, 0xF0, 0x08, 0x22, 0xD6, 0xDC, 0xD6, 0xDC, 0x7F, 0xF7, 0xB7, 0xFB, 0xB7, 0xFB, 0xB7, 0xFB, 0xB7, 0xFB,
  0xB7, 0xFB, 0xB7, 0xFB, 0xB7, 0xFB, 0xB7, 0xFB, 0xB7, 0xFB, 0xB7, 0xFB, 0xB7, 0xFB, 0xB7, 0xFB, 0xB7, 0xFB, 0xB7, 0xFB, 0xB7, 0xFB, 0xB7, 0xFB,
  0xB7, 0xFB, 0xB7, 0xFB, 0xB7, 0xFB, 0xB7, 0xFB, 0xB7, 0xFB, 0xB7, 0xFB, 0xB7, 0xFB, 0xB7, 0xFB, 0xB7, 0xFB, 0xB7, 0xFB, 0xB7, 0xFB, 0xB7, 0xFB,
  0xB7, 0xFB, 0xB7, 0xFB, 0xB7, 0xFB, 0xB7, 0xFB, 0x7F, 0xF7, 0xD6, 0xDC, 0xD6, 0xDC, 0x08, 0x22, 0x07, 0xF0, 0x00, 0x00, 0x00, 0x00, 0x00, 0x00,
  0x00, 0x00, 0x00, 0x00, 0x00, 0x00, 0x07, 0xF0, 0x08, 0x22, 0xD6, 0xBB, 0xD6, 0xBB, 0x66, 0xD3, 0x9F, 0x58, 0x9F, 0x58, 0x9F, 0x58, 0x9F, 0x58,
  0x9F, 0x58, 0x9F, 0x58, 0x9F, 0x58, 0x9F, 0x58, 0x9F, 0x58, 0x9F, 0x58, 0x9F, 0x58, 0x9F, 0x58, 0x9F, 0x58, 0x9F, 0x58, 0x9F, 0x58, 0x9F, 0x58,
  0x9F, 0x58, 0x9F, 0x58, 0x9F, 0x58, 0x9F, 0x58, 0x9F, 0x58, 0x9F, 0x58, 0x9F, 0x58, 0x9F, 0x58, 0x9F, 0x58, 0x9F, 0x58, 0x9F, 0x58, 0x9F, 0x58,
  0x9F, 0x58, 0x9F, 0x58, 0x9F, 0x58, 0x9F, 0x58, 0x66, 0xD3, 0xD6, 0xBB, 0xD6, 0xBB, 0x08, 0x22, 0x07, 0xF0, 0x00, 0x00, 0x00, 0x00, 0x00, 0x00,
  0x00, 0x00, 0x00, 0x00, 0x00, 0x00, 0x07, 0xF0, 0x08, 0x22, 0xCE, 0x9B, 0xCE, 0x9B, 0x6F, 0xF6, 0x9F, 0xF9, 0x9F, 0xF9, 0x9F, 0xF9, 0x9F, 0xF9,
  0x9F, 0xF9, 0x9F, 0xF9, 0x9F, 0xF9, 0x9F, 0xF9, 0x9F, 0xF9, 0x9F, 0xF9, 0x9F, 0xF9, 0x9F, 0xF9, 0x9F, 0xF9, 0x9F, 0xF9, 0x9F, 0xF9, 0x9F, 0xF9,
  0x9F, 0xF9, 0x9F, 0xF9, 0x9F, 0xF9, 0x9F, 0xF9, 0x9F, 0xF9, 0x9F, 0xF9, 0x9F, 0xF9, 0x9F, 0xF9, 0x9F, 0xF9, 0x9F, 0xF9, 0x9F, 0xF9, 0x9F, 0xF9,
  0x9F, 0xF9, 0x9F, 0xF9, 0x9F, 0xF9, 0x9F, 0xF9, 0x6F, 0xF6, 0xCE, 0x9B, 0xCE, 0x9B, 0x08, 0x22, 0x07, 0xF0, 0x00, 0x00, 0x00, 0x00, 0x00, 0x00,
  0x00, 0x00, 0x00, 0x00, 0x00, 0x00, 0x07, 0xF0, 0x08, 0x22, 0xC6, 0x5A, 0xC6, 0x5A, 0x67, 0xF6, 0x97, 0xF9, 0x97, 0xF9, 0x97, 0xF9, 0x97, 0xF9,
  0x97, 0xF9, 0x97, 0xF9, 0x97, 0xF9, 0x97, 0xF9, 0x97, 0xF9, 0x97, 0xF9, 0x97, 0xF9, 0x97, 0xF9, 0x97, 0xF9, 0x97, 0xF9, 0x97, 0xF9, 0x97, 0xF9,
  0x97, 0xF9, 0x97, 0xF9, 0x97, 0xF9, 0x97, 0xF9, 0x97, 0xF9, 0x97, 0xF9, 0x97, 0xF9, 0x97, 0xF9, 0x97, 0xF9, 0x97, 0xF9, 0x97, 0xF9, 0x97, 0xF9,
  0x97, 0xF9, 0x97, 0xF9, 0x97, 0xF9, 0x97, 0xF9, 0x67, 0xF6, 0xC6, 0x5A, 0xC6, 0x5A, 0x08, 0x22, 0x07, 0xF0, 0x00, 0x00, 0x00, 0x00, 0x00, 0x00,
  0x00, 0x00, 0x00, 0x00, 0x00, 0x00, 0x07, 0xF0, 0x08, 0x22, 0xC6, 0x3A, 0xC6, 0x3A, 0x4E, 0xD2, 0x7F, 0x36, 0x7F, 0x36, 0x7F, 0x36, 0x7F, 0x36,
  0x7F, 0x36, 0x7F, 0x36, 0x7F, 0x36, 0x7F, 0x36, 0x7F, 0x36, 0x7F, 0x36, 0x7F, 0x36, 0x7F, 0x36, 0x7F, 0x36, 0x7F, 0x36, 0x7F, 0x36, 0x7F, 0x36,
  0x7F, 0x36, 0x7F, 0x36, 0x7F, 0x36, 0x7F, 0x36, 0x7F, 0x36, 0x7F, 0x36, 0x7F, 0x36, 0x7F, 0x36, 0x7F, 0x36, 0x7F, 0x36, 0x7F, 0x36, 0x7F, 0x36,
  0x7F, 0x36, 0x7F, 0x36, 0x7F, 0x36, 0x7F, 0x36, 0x4E, 0xD2, 0xC6, 0x3A, 0xC6, 0x3A, 0x08, 0x22, 0x07, 0xF0, 0x00, 0x00, 0x00, 0x00, 0x00, 0x00,
  0x00, 0x00, 0x00, 0x00, 0x00, 0x00, 0x07, 0xF0, 0x08, 0x22, 0xBE, 0x19, 0xBE, 0x19, 0x4F, 0xF5, 0x77, 0xF7, 0x77, 0xF7, 0x77, 0xF7, 0x77, 0xF7,
  0x77, 0xF7, 0x77, 0xF7, 0x77, 0xF7, 0x08, 0x22, 0x08, 0x22, 0x08, 0x22, 0x08, 0x22, 0x08, 0x22, 0x08, 0x22, 0x08, 0x22, 0x08, 0x22, 0x08, 0x22,
  0x08, 0x22, 0x08, 0x22, 0x08, 0x22, 0x08, 0x22, 0x08, 0x22, 0x08, 0x22, 0x08, 0x22, 0x08, 0x22, 0x08, 0x22, 0x77, 0xF7, 0x77, 0xF7, 0x77, 0xF7,
  0x77, 0xF7, 0x77, 0xF7, 0x77, 0xF7, 0x77, 0xF7, 0x4F, 0xF5, 0xBE, 0x19, 0xBE, 0x19, 0x08, 0x22, 0x07, 0xF0, 0x00, 0x00, 0x00, 0x00, 0x00, 0x00,
  0x00, 0x00, 0x00, 0x00, 0x00, 0x00, 0x07, 0xF0, 0x08, 0x22, 0xBD, 0xF9, 0xBD, 0xF9, 0x47, 0xF4, 0x6F, 0xF6, 0x6F, 0xF6, 0x6F, 0xF6, 0x6F, 0xF6,
  0x6F, 0xF6, 0x6F, 0xF6, 0x08, 0x22, 0x08, 0x22, 0xFF, 0xFF, 0xFF, 0xFF, 0xFF, 0xFF, 0xFF, 0xFF, 0xFF, 0xFF, 0xFF, 0xFF, 0xFF, 0xFF, 0xFF, 0xFF,
  0xFF, 0xFF, 0xFF, 0xFF, 0xFF, 0xFF, 0xFF, 0xFF, 0xFF, 0xFF, 0xFF, 0xFF, 0xFF, 0xFF, 0xFF, 0xFF, 0x08, 0x22, 0x08, 0x22, 0x6F, 0xF6, 0x6F, 0xF6,
  0x6F, 0xF6, 0x6F, 0xF6, 0x6F, 0xF6, 0x6F, 0xF6, 0x47, 0xF4, 0xBD, 0xF9, 0xBD, 0xF9, 0x08, 0x22, 0x07, 0xF0, 0x00, 0x00, 0x00, 0x00, 0x00, 0x00,
  0x00, 0x00, 0x00, 0x00, 0x00, 0x00, 0x07, 0xF0, 0x08, 0x22, 0xB5, 0xB8, 0xB5, 0xB8, 0x36, 0xD1, 0x57, 0x13, 0x57, 0x13, 0x57, 0x13, 0x57, 0x13,
  0x57, 0x13, 0x57, 0x13, 0x08, 0x22, 0xF7, 0xDF, 0xF7, 0xDF, 0xF7, 0xDF, 0xF7, 0xDF, 0xF7, 0xDF, 0xF7, 0xDF, 0xF7, 0xDF, 0xF7, 0xDF, 0xF7, 0xDF,
  0xF7, 0xDF, 0xF7, 0xDF, 0xF7, 0xDF, 0xF7, 0xDF, 0xF7, 0xDF, 0xF7, 0xDF, 0xF7, 0xDF, 0xF7, 0xDF, 0xF7, 0xDF, 0x08, 0x22, 0x57, 0x13, 0x57, 0x13,
  0x57, 0x13, 0x57, 0x13, 0x57, 0x13, 0x57, 0x13, 0x36, 0xD1, 0xB5, 0xB8, 0xB5, 0xB8, 0x08, 0x22, 0x07, 0xF0, 0x00, 0x00, 0x00, 0x00, 0x00, 0x00,
  0x00, 0x00, 0x00, 0x00, 0x00, 0x00, 0x07, 0xF0, 0x08, 0x22, 0xAD, 0x97, 0xAD, 0x97, 0x37, 0xF3, 0x4F, 0xF5, 0x4F, 0xF5, 0x4F, 0xF5, 0x4F, 0xF5,
  0x4F, 0xF5, 0x4F, 0xF5, 0x08, 0x22, 0xE7, 0x9F, 0xE7, 0x9F, 0xE7, 0x9F, 0xE7, 0x9F, 0xE7, 0x9F, 0xE7, 0x9F, 0xE7, 0x9F, 0xE7, 0x9F, 0xE7, 0x9F,
  0xE7, 0x9F, 0xE7, 0x9F, 0xE7, 0x9F, 0xE7, 0x9F, 0xE7, 0x9F, 0xE7, 0x9F, 0xE7, 0x9F, 0xE7, 0x9F, 0xE7, 0x9F, 0x08, 0x22, 0x4F, 0xF5, 0x4F, 0xF5,
  0x4F, 0xF5, 0x4F, 0xF5, 0x4F, 0xF5, 0x4F, 0xF5, 0x37, 0xF3, 0xAD, 0x97, 0xAD, 0x97, 0x08, 0x22, 0x07, 0xF0, 0x00, 0x00, 0x00, 0x00, 0x00, 0x00,
  0x00, 0x00, 0x00, 0x00, 0x00, 0x00, 0x07, 0xF0, 0x08, 0x22, 0xAD, 0x77, 0xAD, 0x77, 0x2F, 0xF3, 0x3F, 0xF4, 0x3F, 0xF4, 0x3F, 0xF4, 0x3F, 0xF4,
  0x3F, 0xF4, 0x3F, 0xF4, 0x08, 0x22, 0xDF, 0x5F, 0xDF, 0x5F, 0xDF, 0x5F, 0xDF, 0x5F, 0xDF, 0x5F, 0xDF, 0x5F, 0xDF, 0x5F, 0x06, 0xCD, 0x06, 0xCD,
  0x06, 0xCD, 0x06, 0xCD, 0xDF, 0x5F, 0xDF, 0x5F, 0xDF, 0x5F, 0xDF, 0x5F, 0xDF, 0x5F, 0xDF, 0x5F, 0xDF, 0x5F, 0x08, 0x22, 0x3F, 0xF4, 0x3F, 0xF4,
  0x3F, 0xF4, 0x3F, 0xF4, 0x3F, 0xF4, 0x3F, 0xF4, 0x2F, 0xF3, 0xAD, 0x77, 0xAD, 0x77, 0x08, 0x22, 0x07, 0xF0, 0x00, 0x00, 0x00, 0x00, 0x00, 0x00,
  0x00, 0x00, 0x00, 0x00, 0x00, 0x00, 0x07, 0xF0, 0x08, 0x22, 0xA5, 0x56, 0xA5, 0x56, 0x1E, 0xCF, 0x1E, 0xCF, 0x2E, 0xF0, 0x2E, 0xF0, 0x2E, 0xF0,
  0x2E, 0xF0, 0x2E, 0xF0, 0x08, 0x22, 0xCF, 0x1F, 0xCF, 0x1F, 0xCF, 0x1F, 0xCF, 0x1F, 0xCF, 0x1F, 0xCF, 0x1F, 0x06, 0xCD, 0x06, 0xCD, 0xB7, 0xFB,
  0xB7, 0xFB, 0x06, 0xCD, 0x06, 0xCD, 0xCF, 0x1F, 0xCF, 0x1F, 0xCF, 0x1F, 0xCF, 0x1F, 0xCF, 0x1F, 0xCF, 0x1F, 0x08, 0x22, 0x2E, 0xF0, 0x2E, 0xF0,
  0x2E, 0xF0, 0x2E, 0xF0, 0x2E, 0xF0, 0x1E, 0xCF, 0x1E, 0xCF, 0xA5, 0x56, 0xA5, 0x56, 0x08, 0x22, 0x07, 0xF0, 0x00, 0x00, 0x00, 0x00, 0x00, 0x00,
  0x00, 0x00, 0x00, 0x00, 0x00, 0x00, 0x07, 0xF0, 0x08, 0x22, 0x9D, 0x16, 0x9D, 0x16, 0x1F, 0xF2, 0x1F, 0xF2, 0x1F, 0xF2, 0x1F, 0xF2, 0x1F, 0xF2,
  0x1F, 0xF2, 0x1F, 0xF2, 0x08, 0x22, 0xBE, 0xFF, 0xBE, 0xFF, 0xBE, 0xFF, 0xBE, 0xFF, 0xBE, 0xFF, 0xBE, 0xFF, 0x06, 0xCD, 0xB7, 0xFB, 0xB7, 0xFB,
  0xB7, 0xFB, 0xB7, 0xFB, 0x06, 0xCD, 0xBE, 0xFF, 0xBE, 0xFF, 0xBE, 0xFF, 0xBE, 0xFF, 0xBE, 0xFF, 0xBE, 0xFF, 0x08, 0x22, 0x1F, 0xF2, 0x1F, 0xF2,
  0x1F, 0xF2, 0x1F, 0xF2, 0x1F, 0xF2, 0x1F, 0xF2, 0x1F, 0xF2, 0x9D, 0x16, 0x9D, 0x16, 0x08, 0x22, 0x07, 0xF0, 0x00, 0x00, 0x00, 0x00, 0x00, 0x00,
  0x00, 0x00, 0x00, 0x00, 0x00, 0x00, 0x07, 0xF0, 0x08, 0x22, 0x9C, 0xF5, 0x9C, 0xF5, 0x17, 0xF1, 0x17, 0xF1, 0x17, 0xF1, 0x17, 0xF1, 0x17, 0xF1,
  0x17, 0xF1, 0x17, 0xF1, 0x08, 0x22, 0xB6, 0xBF, 0xB6, 0xBF, 0xB6, 0xBF, 0xB6, 0xBF, 0xB6, 0xBF, 0xB6, 0xBF, 0x06, 0xCD, 0x06, 0xCD, 0xB7, 0xFB,
  0xB7, 0xFB, 0x06, 0xCD, 0x06, 0xCD, 0xB6, 0xBF, 0xB6, 0xBF, 0xB6, 0xBF, 0xB6, 0xBF, 0xB6, 0xBF, 0xB6, 0xBF, 0x08, 0x22, 0x17, 0xF1, 0x17, 0xF1,
  0x17, 0xF1, 0x17, 0xF1, 0x17, 0xF1, 0x17, 0xF1, 0x17, 0xF1, 0x9C, 0xF5, 0x9C, 0xF5, 0x08, 0x22, 0x07, 0xF0, 0x00, 0x00, 0x00, 0x00, 0x00, 0x00,
  0x00, 0x00, 0x00, 0x00, 0x00, 0x00, 0x07, 0xF0, 0x08, 0x22, 0x94, 0xD5, 0x94, 0xD5, 0x0E, 0xCE, 0x0E, 0xCE, 0x0E, 0xCE, 0x0E, 0xCE, 0x0E, 0xCE,
  0x0E, 0xCE, 0x0E, 0xCE, 0x08, 0x22, 0xA6, 0x7F, 0xA6, 0x7F, 0xA6, 0x7F, 0xA6, 0x7F, 0xA6, 0x7F, 0xA6, 0x7F, 0x06, 0xCD, 0x06, 0xCD, 0x06, 0xCD,
  0x06, 0xCD, 0x06, 0xCD, 0x06, 0xCD, 0xA6, 0x7F, 0xA6, 0x7F, 0xA6, 0x7F, 0xA6, 0x7F, 0xA6, 0x7F, 0xA6, 0x7F, 0x08, 0x22, 0x0E, 0xCE, 0x0E, 0xCE,
  0x0E, 0xCE, 0x0E, 0xCE, 0x0E, 0xCE, 0x0E, 0xCE, 0x0E, 0xCE, 0x94, 0xD5, 0x94, 0xD5, 0x08, 0x22, 0x07, 0xF0, 0x00, 0x00, 0x00, 0x00, 0x00, 0x00,
  0x00, 0x00, 0x00, 0x00, 0x00, 0x00, 0x07, 0xF0, 0x08, 0x22, 0x94, 0xB4, 0x94, 0xB4, 0x07, 0xF0, 0x07, 0xF0, 0x07, 0xF0, 0x07, 0xF0, 0x07, 0xF0,
  0x07, 0xF0, 0x07, 0xF0, 0x08, 0x22, 0x96, 0x3F, 0x96, 0x3F, 0x96, 0x3F, 0x96, 0x3F, 0x96, 0x3F, 0x96, 0x3F, 0x06, 0xCD, 0x06, 0xCD, 0x06, 0xCD,
  0x06, 0xCD, 0x06, 0xCD, 0x06, 0xCD, 0x96, 0x3F, 0x96, 0x3F, 0x96, 0x3F, 0x96, 0x3F, 0x96, 0x3F, 0x96, 0x3F, 0x08, 0x22, 0x07, 0xF0, 0x07, 0xF0,
  0x07, 0xF0, 0x07, 0xF0, 0x07, 0xF0, 0x07, 0xF0, 0x07, 0xF0, 0x94, 0xB4, 0x94, 0xB4, 0x08, 0x22, 0x07, 0xF0, 0x00, 0x00, 0x00, 0x00, 0x00, 0x00,
  0x00, 0x00, 0x00, 0x00, 0x00, 0x00, 0x07, 0xF0, 0x08, 0x22, 0x8C, 0x94, 0x8C, 0x94, 0x03, 0xA7, 0x03, 0xA7, 0x03, 0xA7, 0x03, 0xA7, 0x03, 0xA7,
  0x03, 0xA7, 0x03, 0xA7, 0x08, 0x22, 0xFC, 0x1A, 0xFC, 0x1A, 0xFC, 0x1A, 0xFC, 0x1A, 0xFC, 0x1A, 0xFC, 0x1A, 0x06, 0xCD, 0x06, 0xCD, 0x06, 0xCD,
  0x06, 0xCD, 0x06, 0xCD, 0x06, 0xCD, 0xFC, 0x1A, 0xFC, 0x1A, 0xFC, 0x1A, 0xFC, 0x1A, 0xFC, 0x1A, 0xFC, 0x1A, 0x08, 0x22, 0x03, 0xA7, 0x03, 0xA7,
  0x03, 0xA7, 0x03, 0xA7, 0x03, 0xA7, 0x03, 0xA7, 0x03, 0xA7, 0x8C, 0x94, 0x8C, 0x94, 0x08, 0x22, 0x07, 0xF0, 0x00, 0x00, 0x00, 0x00, 0x00, 0x00,
  0x00, 0x00, 0x00, 0x00, 0x00, 0x00, 0x07, 0xF0, 0x08, 0x22, 0x8C, 0x73, 0x8C, 0x73, 0x03, 0x66, 0x03, 0x66, 0x03, 0x66, 0x03, 0x66, 0x03, 0x66,
  0x03, 0x66, 0x03, 0x66, 0x08, 0x22, 0xFC, 0x7A, 0xFC, 0x7A, 0xFC, 0x7A, 0xFC, 0x7A, 0xFC, 0x7A, 0xFC, 0x7A, 0x06, 0xCD, 0x06, 0xCD, 0x06, 0xCD,
  0x06, 0xCD, 0x06, 0xCD, 0x06, 0xCD, 0xFC, 0x7A, 0xFC, 0x7A, 0xFC, 0x7A, 0xFC, 0x7A, 0xFC, 0x7A, 0xFC, 0x7A, 0x08, 0x22, 0x03, 0x66, 0x03, 0x66,
  0x03, 0x66, 0x03, 0x66, 0x03, 0x66, 0x03, 0x66, 0x03, 0x66, 0x8C, 0x73, 0x8C, 0x73, 0x08, 0x22, 0x07, 0xF0, 0x00, 0x00, 0x00, 0x00, 0x00, 0x00,
  0x00, 0x00, 0x00, 0x00, 0x00, 0x00, 0x07, 0xF0, 0x08, 0x22, 0x84, 0x53, 0x84, 0x53, 0x04, 0x28, 0x04, 0x28, 0x04, 0x28, 0x04, 0x28, 0x04, 0x28,
  0x04, 0x28, 0x04, 0x28, 0x08, 0x22, 0xFC, 0xDB, 0xFC, 0xDB, 0xFC, 0xDB, 0xFC, 0xDB, 0xFC, 0xDB, 0xFC, 0xDB, 0x06, 0xCD, 0x06, 0xCD, 0x06, 0xCD,
  0x06, 0xCD, 0x06, 0xCD, 0x06, 0xCD, 0xFC, 0xDB, 0xFC, 0xDB, 0xFC, 0xDB, 0xFC, 0xDB, 0xFC, 0xDB, 0xFC, 0xDB, 0x08, 0x22, 0x04, 0x28, 0x04, 0x28,
  0x04, 0x28, 0x04, 0x28, 0x04, 0x28, 0x04, 0x28, 0x04, 0x28, 0x84, 0x53, 0x84, 0x53, 0x08, 0x22, 0x07, 0xF0, 0x00, 0x00, 0x00, 0x00, 0x00, 0x00,
  0x00, 0x00, 0x00, 0x00, 0x00, 0x00, 0x07, 0xF0, 0x08, 0x22, 0x84, 0x32, 0x84, 0x32, 0x04, 0x69, 0x04, 0x69, 0x04, 0x69, 0x04, 0x69, 0x04, 0x69,
  0x04, 0x69, 0x04, 0x69, 0x08, 0x22, 0xFD, 0x3B, 0xFD, 0x3B, 0xFD, 0x3B, 0xFD, 0x3B, 0xFD, 0x3B, 0xFD, 0x3B, 0x06, 0xCD, 0x06, 0xCD, 0x06, 0xCD,
  0x06, 0xCD, 0x06, 0xCD, 0x06, 0xCD, 0xFD, 0x3B, 0xFD, 0x3B, 0xFD, 0x3B, 0xFD, 0x3B, 0xFD, 0x3B, 0xFD, 0x3B, 0x08, 0x22, 0x04, 0x69, 0x04, 0x69,
  0x04, 0x69, 0x04, 0x69, 0x04, 0x69, 0x04, 0x69, 0x04, 0x69, 0x84, 0x32, 0x84, 0x32, 0x08, 0x22, 0x07, 0xF0, 0x00, 0x00, 0x00, 0x00, 0x00, 0x00,
  0x00, 0x00, 0x00, 0x00, 0x00, 0x00, 0x07, 0xF0, 0x08, 0x22, 0x7C, 0x12, 0x7C, 0x12, 0x04, 0x08, 0x04, 0x08, 0x04, 0x08, 0x04, 0x08, 0x04, 0x08,
  0x04, 0x08, 0x04, 0x08, 0x08, 0x22, 0xFD, 0x9C, 0xFD, 0x9C, 0xFD, 0x9C, 0xFD, 0x9C, 0xFD, 0x9C, 0xFD, 0x9C, 0x06, 0xCD, 0x06, 0xCD, 0x06, 0xCD,
  0x06, 0xCD, 0x06, 0xCD, 0x06, 0xCD, 0xFD, 0x9C, 0xFD, 0x9C, 0xFD, 0x9C, 0xFD, 0x9C, 0xFD, 0x9C, 0xFD, 0x9C, 0x08, 0x22, 0x04, 0x08, 0x04, 0x08,
  0x04, 0x08, 0x04, 0x08, 0x04, 0x08, 0x04, 0x08, 0x04, 0x08, 0x7C, 0x12, 0x7C, 0x12, 0x08, 0x22, 0x07, 0xF0, 0x00, 0x00, 0x00, 0x00, 0x00, 0x00,
  0x00, 0x00, 0x00, 0x00, 0x00, 0x00, 0x07, 0xF0, 0x08, 0x22, 0x7B, 0xF1, 0x7B, 0xF1, 0x04, 0xEA, 0x04, 0xEA, 0x04, 0xEA, 0x04, 0xEA, 0x04, 0xEA,
  0x04, 0xEA, 0x04, 0xEA, 0x08, 0x22, 0xFD, 0xFD, 0xFD, 0xFD, 0xFD, 0xFD, 0xFD, 0xFD, 0xFD, 0xFD, 0xFD, 0xFD, 0xFD, 0xFD, 0x06, 0xCD, 0x06, 0xCD,
  0x06, 0xCD, 0x06, 0xCD, 0xFD, 0xFD, 0xFD, 0xFD, 0xFD, 0xFD, 0xFD, 0xFD, 0xFD, 0xFD, 0xFD, 0xFD, 0xFD, 0xFD, 0x08, 0x22, 0x04, 0xEA, 0x04, 0xEA,
  0x04, 0xEA, 0x04, 0xEA, 0x04, 0xEA, 0x04, 0xEA, 0x04, 0xEA, 0x7B, 0xF1, 0x7B, 0xF1, 0x08, 0x22, 0x07, 0xF0, 0x00, 0x00, 0x00, 0x00, 0x00, 0x00,
  0x00, 0x00, 0x00, 0x00, 0x00, 0x00, 0x07, 0xF0, 0x08, 0x22, 0x73, 0xD1, 0x73, 0xD1, 0x05, 0x2A, 0x05, 0x2A, 0x05, 0x2A, 0x05, 0x2A, 0x05, 0x2A,
  0x05, 0x2A, 0x05, 0x2A, 0x08, 0x22, 0xFE, 0x5D, 0xFE, 0x5D, 0xFE, 0x5D, 0xFE, 0x5D, 0xFE, 0x5D, 0xFE, 0x5D, 0xFE, 0x5D, 0xFE, 0x5D, 0xFE, 0x5D,
  0xFE, 0x5D, 0xFE, 0x5D, 0xFE, 0x5D, 0xFE, 0x5D, 0xFE, 0x5D, 0xFE, 0x5D, 0xFE, 0x5D, 0xFE, 0x5D, 0xFE, 0x5D, 0x08, 0x22, 0x05, 0x2A, 0x05, 0x2A,
  0x05, 0x2A, 0x05, 0x2A, 0x05, 0x2A, 0x05, 0x2A, 0x05, 0x2A, 0x73, 0xD1, 0x73, 0xD1, 0x08, 0x22, 0x07, 0xF0, 0x00, 0x00, 0x00, 0x00, 0x00, 0x00,
  0x00, 0x00, 0x00, 0x00, 0x00, 0x00, 0x07, 0xF0, 0x08, 0x22, 0x73, 0xB0, 0x73, 0xB0, 0x04, 0xA9, 0x04, 0xA9, 0x04, 0xA9, 0x04, 0xA9, 0x04, 0xA9,
  0x04, 0xA9, 0x04, 0xA9, 0x08, 0x22, 0xFE, 0xBE, 0xFE, 0xBE, 0xFE, 0xBE, 0xFE, 0xBE, 0xFE, 0xBE, 0xFE, 0xBE, 0xFE, 0xBE, 0xFE, 0xBE, 0xFE, 0xBE,
  0xFE, 0xBE, 0xFE, 0xBE, 0xFE, 0xBE, 0xFE, 0xBE, 0xFE, 0xBE, 0xFE, 0xBE, 0xFE, 0xBE, 0xFE, 0xBE, 0xFE, 0xBE, 0x08, 0x22, 0x04, 0xA9, 0x04, 0xA9,
  0x04, 0xA9, 0x04, 0xA9, 0x04, 0xA9, 0x04, 0xA9, 0x04, 0xA9, 0x73, 0xB0, 0x73, 0xB0, 0x08, 0x22, 0x07, 0xF0, 0x00, 0x00, 0x00, 0x00, 0x00, 0x00,
  0x00, 0x00, 0x00, 0x00, 0x00, 0x00, 0x07, 0xF0, 0x08, 0x22, 0x6B, 0x90, 0x6B, 0x90, 0x05, 0xAB, 0x05, 0xAB, 0x05, 0xAB, 0x05, 0xAB, 0x05, 0xAB,
  0x05, 0xAB, 0x05, 0xAB, 0x08, 0x22, 0x08, 0x22, 0xFF, 0x1E, 0xFF, 0x1E, 0xFF, 0x1E, 0xFF, 0x1E, 0xFF, 0x1E, 0xFF, 0x1E, 0xFF, 0x1E, 0xFF, 0x1E,
  0xFF, 0x1E, 0xFF, 0x1E, 0xFF, 0x1E, 0xFF, 0x1E, 0xFF, 0x1E, 0xFF, 0x1E, 0xFF, 0x1E, 0xFF, 0x1E, 0x08, 0x22, 0x08, 0x22, 0x05, 0xAB, 0x05, 0xAB,
  0x05, 0xAB, 0x05, 0xAB, 0x05, 0xAB, 0x05, 0xAB, 0x05, 0xAB, 0x6B, 0x90, 0x6B, 0x90, 0x08, 0x22, 0x07, 0xF0, 0x00, 0x00, 0x00, 0x00, 0x00, 0x00,
  0x00, 0x00, 0x00, 0x00, 0x00, 0x00, 0x07, 0xF0, 0x08, 0x22, 0x6B, 0x6F, 0x6B, 0x6F, 0x05, 0xEC, 0x05, 0xEC, 0x05, 0xEC, 0x05, 0xEC, 0x05, 0xEC,
  0x05, 0xEC, 0x05, 0xEC, 0x05, 0xEC, 0x08, 0x22, 0x08, 0x22, 0x08, 0x22, 0x08, 0x22, 0x08, 0x22, 0x08, 0x22, 0x08, 0x22, 0x08, 0x22, 0x08, 0x22,
  0x08, 0x22, 0x08, 0x22, 0x08, 0x22, 0x08, 0x22, 0x08, 0x22, 0x08, 0x22, 0x08, 0x22, 0x08, 0x22, 0x08, 0x22, 0x05, 0xEC, 0x05, 0xEC, 0x05, 0xEC,
  0x05, 0xEC, 0x05, 0xEC, 0x05, 0xEC, 0x05, 0xEC, 0x05, 0xEC, 0x6B, 0x6F, 0x6B, 0x6F, 0x08, 0x22, 0x07, 0xF0, 0x00, 0x00, 0x00, 0x00, 0x00, 0x00,
  0x00, 0x00, 0x00, 0x00, 0x00, 0x00, 0x07, 0xF0, 0x08, 0x22, 0x63, 0x4F, 0x63, 0x4F, 0x05, 0x4A, 0x05, 0x4A, 0x05, 0x4A, 0x05, 0x4A, 0x05, 0x4A,
  0x05, 0x4A, 0x05, 0x4A, 0x05, 0x4A, 0x05, 0x4A, 0x05, 0x4A, 0x05, 0x4A, 0x05, 0x4A, 0x05, 0x4A, 0x05, 0x4A, 0x05, 0x4A, 0x05, 0x4A, 0x05, 0x4A,
  0x05, 0x4A, 0x05, 0x4A, 0x05, 0x4A, 0x05, 0x4A, 0x05, 0x4A, 0x05, 0x4A, 0x05, 0x4A, 0x05, 0x4A, 0x05, 0x4A, 0x05, 0x4A, 0x05, 0x4A, 0x05, 0x4A,
  0x05, 0x4A, 0x05, 0x4A, 0x05, 0x4A, 0x05, 0x4A, 0x05, 0x4A, 0x63, 0x4F, 0x63, 0x4F, 0x08, 0x22, 0x07, 0xF0, 0x00, 0x00, 0x00, 0x00, 0x00, 0x00,
  0x00, 0x00, 0x00, 0x00, 0x00, 0x00, 0x07, 0xF0, 0x08, 0x22, 0x63, 0x2E, 0x63, 0x2E, 0x06, 0x6D, 0x06, 0x6D, 0x06, 0x6D, 0x06, 0x6D, 0x06, 0x6D,
  0x06, 0x6D, 0x06, 0x6D, 0x06, 0x6D, 0x06, 0x6D, 0x06, 0x6D, 0x06, 0x6D, 0x06, 0x6D, 0x06, 0x6D, 0x06, 0x6D, 0x06, 0x6D, 0x06, 0x6D, 0x06, 0x6D,
  0x06, 0x6D, 0x06, 0x6D, 0x06, 0x6D, 0x06, 0x6D, 0x06, 0x6D, 0x06, 0x6D, 0x06, 0x6D, 0x06, 0x6D, 0x06, 0x6D, 0x06, 0x6D, 0x06, 0x6D, 0x06, 0x6D,
  0x06, 0x6D, 0x06, 0x6D, 0x06, 0x6D, 0x06, 0x6D, 0x06, 0x6D, 0x63, 0x2E, 0x63, 0x2E, 0x08, 0x22, 0x07, 0xF0, 0x00, 0x00, 0x00, 0x00, 0x00, 0x00,
  0x00, 0x00, 0x00, 0x00, 0x00, 0x00, 0x07, 0xF0, 0x08, 0x22, 0x5B, 0x0E, 0x5B, 0x0E, 0x06, 0x8D, 0x06, 0x8D, 0x06, 0x8D, 0x06, 0x8D, 0x06, 0x8D,
  0x06, 0x8D, 0x06, 0x8D, 0x06, 0x8D, 0x06, 0x8D, 0x06, 0x8D, 0x06, 0x8D, 0x06, 0x8D, 0x06, 0x8D, 0x06, 0x8D, 0x06, 0x8D, 0x06, 0x8D, 0x06, 0x8D,
  0x06, 0x8D, 0x06, 0x8D, 0x06, 0x8D, 0x06, 0x8D, 0x06, 0x8D, 0x06, 0x8D, 0x06, 0x8D, 0x06, 0x8D, 0x06, 0x8D, 0x06, 0x8D, 0x06, 0x8D, 0x06, 0x8D,
  0x06, 0x8D, 0x06, 0x8D, 0x06, 0x8D, 0x06, 0x8D, 0x06, 0x8D, 0x5B, 0x0E, 0x5B, 0x0E, 0x08, 0x22, 0x07, 0xF0, 0x00, 0x00, 0x00, 0x00, 0x00, 0x00,
  0x00, 0x00, 0x00, 0x00, 0x00, 0x00, 0x07, 0xF0, 0x08, 0x22, 0x5A, 0xED, 0x5A, 0xED, 0x05, 0xEC, 0x05, 0xEC, 0x05, 0xEC, 0x05, 0xEC, 0x05, 0xEC,
  0x05, 0xEC, 0x05, 0xEC, 0x05, 0xEC, 0x05, 0xEC, 0x05, 0xEC, 0x05, 0xEC, 0x05, 0xEC, 0x05, 0xEC, 0x05, 0xEC, 0x05, 0xEC, 0x05, 0xEC, 0x05, 0xEC,
  0x05, 0xEC, 0x05, 0xEC, 0x05, 0xEC, 0x05, 0xEC, 0x05, 0xEC, 0x05, 0xEC, 0x05, 0xEC, 0x05, 0xEC, 0x05, 0xEC, 0x05, 0xEC, 0x05, 0xEC, 0x05, 0xEC,
  0x05, 0xEC, 0x05, 0xEC, 0x05, 0xEC, 0x05, 0xEC, 0x05, 0xEC, 0x5A, 0xED, 0x5A, 0xED, 0x08, 0x22, 0x07, 0xF0, 0x00, 0x00, 0x00, 0x00, 0x00, 0x00,
  0x00, 0x00, 0x00, 0x00, 0x00, 0x00, 0x07, 0xF0, 0x08, 0x22, 0x52, 0xCD, 0x52, 0xCD, 0x07, 0x0E, 0x07, 0x0E, 0x07, 0x0E, 0x07, 0x0E, 0x07, 0x0E,
  0x07, 0x0E, 0x07, 0x0E, 0x07, 0x0E, 0x07, 0x0E, 0x07, 0x0E, 0x07, 0x0E, 0x07, 0x0E, 0x07, 0x0E, 0x07, 0x0E, 0x07, 0x0E, 0x07, 0x0E, 0x07, 0x0E,
  0x07, 0x0E, 0x07, 0x0E, 0x07, 0x0E, 0x07, 0x0E, 0x07, 0x0E, 0x07, 0x0E, 0x07, 0x0E, 0x07, 0x0E, 0x07, 0x0E, 0x07, 0x0E, 0x07, 0x0E, 0x07, 0x0E,
  0x07, 0x0E, 0x07, 0x0E, 0x07, 0x0E, 0x07, 0x0E, 0x07, 0x0E, 0x52, 0xCD, 0x52, 0xCD, 0x08, 0x22, 0x07, 0xF0, 0x00, 0x00, 0x00, 0x00, 0x00, 0x00,
  0x00, 0x00, 0x00, 0x00, 0x00, 0x00, 0x07, 0xF0, 0x08, 0x22, 0x52, 0xAC, 0x52, 0xAC, 0x52, 0xAC, 0x07, 0x4F, 0x07, 0x4F, 0x07, 0x4F, 0x07, 0x4F,
  0x07, 0x4F, 0x07, 0x4F, 0x07, 0x4F, 0x07, 0x4F, 0x07, 0x4F, 0x07, 0x4F, 0x07, 0x4F, 0x07, 0x4F, 0x07, 0x4F, 0x07, 0x4F, 0x07, 0x4F, 0x07, 0x4F,
  0x07, 0x4F, 0x07, 0x4F, 0x07, 0x4F, 0x07, 0x4F, 0x07, 0x4F, 0x07, 0x4F, 0x07, 0x4F, 0x07, 0x4F, 0x07, 0x4F, 0x07, 0x4F, 0x07, 0x4F, 0x07, 0x4F,
  0x07, 0x4F, 0x07, 0x4F, 0x07, 0x4F, 0x07, 0x4F, 0x52, 0xAC, 0x52, 0xAC, 0x52, 0xAC, 0x08, 0x22, 0x07, 0xF0, 0x00, 0x00, 0x00, 0x00, 0x00, 0x00,
  0x00, 0x00, 0x00, 0x00, 0x00, 0x00, 0x07, 0xF0, 0x08, 0x22, 0x08, 0x22, 0x4A, 0x8C, 0x42, 0x2A, 0x42, 0x2A, 0x06, 0x8D, 0x06, 0x8D, 0x06, 0x8D,
  0x06, 0x8D, 0x06, 0x8D, 0x06, 0x8D, 0x06, 0x8D, 0x06, 0x8D, 0x06, 0x8D, 0x06, 0x8D, 0x06, 0x8D, 0x06, 0x8D, 0x06, 0x8D, 0x06, 0x8D, 0x06, 0x8D,
  0x06, 0x8D, 0x06, 0x8D, 0x06, 0x8D, 0x06, 0x8D, 0x06, 0x8D, 0x06, 0x8D, 0x06, 0x8D, 0x06, 0x8D, 0x06, 0x8D, 0x06, 0x8D, 0x06, 0x8D, 0x06, 0x8D,
  0x06, 0x8D, 0x06, 0x8D, 0x06, 0x8D, 0x42, 0x2A, 0x42, 0x2A, 0x4A, 0x8C, 0x08, 0x22, 0x08, 0x22, 0x07, 0xF0, 0x00, 0x00, 0x00, 0x00, 0x00, 0x00,
  0x00, 0x00, 0x00, 0x00, 0x00, 0x00, 0x07, 0xF0, 0x07, 0xF0, 0x08, 0x22, 0x4A, 0x6B, 0x4A, 0x6B, 0x4A, 0x6B, 0x4A, 0x6B, 0x4A, 0x6B, 0x4A, 0x6B,
  0x4A, 0x6B, 0x4A, 0x6B, 0x4A, 0x6B, 0x4A, 0x6B, 0x4A, 0x6B, 0x4A, 0x6B, 0x4A, 0x6B, 0x4A, 0x6B, 0x4A, 0x6B, 0x4A, 0x6B, 0x4A, 0x6B, 0x4A, 0x6B,
  0x4A, 0x6B, 0x4A, 0x6B, 0x4A, 0x6B, 0x4A, 0x6B, 0x4A, 0x6B, 0x4A, 0x6B, 0x4A, 0x6B, 0x4A, 0x6B, 0x4A, 0x6B, 0x4A, 0x6B, 0x4A, 0x6B, 0x4A, 0x6B,
  0x4A, 0x6B, 0x4A, 0x6B, 0x4A, 0x6B, 0x4A, 0x6B, 0x4A, 0x6B, 0x4A, 0x6B, 0x08, 0x22, 0x07, 0xF0, 0x07, 0xF0, 0x00, 0x00, 0x00, 0x00, 0x00, 0x00,
  0x00, 0x00, 0x00, 0x00, 0x00, 0x00, 0x00, 0x00, 0x07, 0xF0, 0x08, 0x22, 0x08, 0x22, 0x08, 0x22, 0x42, 0x4B, 0x42, 0x4B, 0x42, 0x4B, 0x42, 0x4B,
  0x42, 0x4B, 0x42, 0x4B, 0x42, 0x4B, 0x42, 0x4B, 0x42, 0x4B, 0x42, 0x4B, 0x42, 0x4B, 0x42, 0x4B, 0x42, 0x4B, 0x42, 0x4B, 0x42, 0x4B, 0x42, 0x4B,
  0x42, 0x4B, 0x42, 0x4B, 0x42, 0x4B, 0x42, 0x4B, 0x42, 0x4B, 0x42, 0x4B, 0x42, 0x4B, 0x42, 0x4B, 0x42, 0x4B, 0x42, 0x4B, 0x42, 0x4B, 0x42, 0x4B,
  0x42, 0x4B, 0x42, 0x4B, 0x42, 0x4B, 0x42, 0x4B, 0x08, 0x22, 0x08, 0x22, 0x08, 0x22, 0x07, 0xF0, 0x00, 0x00, 0x00, 0x00, 0x00, 0x00, 0x00, 0x00,
  0x00, 0x00, 0x00, 0x00, 0x00, 0x00, 0x00, 0x00, 0x00, 0x00, 0x07, 0xF0, 0x07, 0xF0, 0x08, 0x22, 0x08, 0x22, 0x08, 0x22, 0x08, 0x22, 0x08, 0x22,
  0x08, 0x22, 0x08, 0x22, 0x08, 0x22, 0x08, 0x22, 0x08, 0x22, 0x08, 0x22, 0x08, 0x22, 0x08, 0x22, 0x08, 0x22, 0x08, 0x22, 0x08, 0x22, 0x08, 0x22,
  0x08, 0x22, 0x08, 0x22, 0x08, 0x22, 0x08, 0x22, 0x08, 0x22, 0x08, 0x22, 0x08, 0x22, 0x08, 0x22, 0x08, 0x22, 0x08, 0x22, 0x08, 0x22, 0x08, 0x22,
  0x08, 0x22, 0x08, 0x22, 0x08, 0x22, 0x08, 0x22, 0x08, 0x22, 0x07, 0xF0, 0x07, 0xF0, 0x00, 0x00, 0x00, 0x00, 0x00, 0x00, 0x00, 0x00, 0x00, 0x00,
  0x00, 0x00, 0x00, 0x00, 0x00, 0x00, 0x00, 0x00, 0x00, 0x00, 0x00, 0x00, 0x07, 0xF0, 0x07, 0xF0, 0x07, 0xF0, 0x07, 0xF0, 0x07, 0xF0, 0x07, 0xF0,
  0x07, 0xF0, 0x07, 0xF0, 0x07, 0xF0, 0x07, 0xF0, 0x07, 0xF0, 0x07, 0xF0, 0x07, 0xF0, 0x07, 0xF0, 0x07, 0xF0, 0x07, 0xF0, 0x07, 0xF0, 0x07, 0xF0,
  0x07, 0xF0, 0x07, 0xF0, 0x07, 0xF0, 0x07, 0xF0, 0x07, 0xF0, 0x07, 0xF0, 0x07, 0xF0, 0x07, 0xF0, 0x07, 0xF0, 0x07, 0xF0, 0x07, 0xF0, 0x07, 0xF0,
  0x07, 0xF0, 0x07, 0xF0, 0x07, 0xF0, 0x07, 0xF0, 0x07, 0xF0, 0x07, 0xF0, 0x00, 0x00, 0x00, 0x00, 0x00, 0x00, 0x00, 0x00, 0x00, 0x00, 0x00, 0x00,
  0x00, 0x00, 0x00, 0x00, 0x00, 0x00, 0x00, 0x00, 0x00, 0x00, 0x00, 0x00, 0x00, 0x00, 0x00, 0x00, 0x00, 0x00, 0x00, 0x00, 0x00, 0x00, 0x00, 0x00,
  0x00, 0x00, 0x00, 0x00, 0x00, 0x00, 0x00, 0x00, 0x00, 0x00, 0x00, 0x00, 0x00, 0x00, 0x00, 0x00, 0x00, 0x00, 0x00, 0x00, 0x00, 0x00, 0x00, 0x00,
  0x00, 0x00, 0x00, 0x00, 0x00, 0x00, 0x00, 0x00, 0x00, 0x00, 0x00, 0x00, 0x00, 0x00, 0x00, 0x00, 0x00, 0x00, 0x00, 0x00, 0x00, 0x00, 0x00, 0x00,
  0x00, 0x00, 0x00, 0x00, 0x00, 0x00, 0x00, 0x00, 0x00, 0x00, 0x00, 0x00, 0x00, 0x00, 0x00, 0x00, 0x00, 0x00, 0x00, 0x00, 0x00, 0x00, 0x00, 0x00,
  0x00, 0x00, 0x00, 0x00, 0x00, 0x00, 0x00, 0x00, 0x00, 0x00, 0x00, 0x00, 0x00, 0x00, 0x00, 0x00, 0x00, 0x00, 0x00, 0x00, 0x00, 0x00, 0x00, 0x00,
  0x00, 0x00, 0x00, 0x00, 0x00, 0x00, 0x00, 0x00, 0x00, 0x00, 0x00, 0x00, 0x00, 0x00, 0x00, 0x00, 0x00, 0x00, 0x00, 0x00, 0x00, 0x00, 0x00, 0x00,
  0x00, 0x00, 0x00, 0x00, 0x00, 0x00, 0x00, 0x00, 0x00, 0x00, 0x00, 0x00, 0x00, 0x00, 0x00, 0x00, 0x00, 0x00, 0x00, 0x00, 0x00, 0x00, 0x00, 0x00,
  0x00, 0x00, 0x00, 0x00, 0x00, 0x00, 0x00, 0x00, 0x00, 0x00, 0x00, 0x00, 0x00, 0x00, 0x00, 0x00, 0x00, 0x00, 0x00, 0x00, 0x00, 0x00, 0x00, 0x00,
  0x00, 0x00, 0x00, 0x00, 0x00, 0x00, 0x00, 0x00, 0x00, 0x00, 0x00, 0x00, 0x00, 0x00, 0x00, 0x00, 0x00, 0x00, 0x00, 0x00, 0x00, 0x00, 0x00, 0x00,
  0x00, 0x00, 0x00, 0x00, 0x00, 0x00, 0x00, 0x00, 0x00, 0x00, 0x00, 0x00, 0x00, 0x00, 0x00, 0x00, 0x00, 0x00, 0x00, 0x00, 0x00, 0x00, 0x00, 0x00,
  0x00, 0x00, 0x00, 0x00, 0x00, 0x00, 0x00, 0x00, 0x00, 0x00, 0x00, 0x00, 0x00, 0x00, 0x00, 0x00, 0x00, 0x00, 0x00, 0x00, 0x00, 0x00, 0x00, 0x00,
  0x00, 0x00, 0x00, 0x00, 0x00, 0x00, 0x00, 0x00, 0x00, 0x00, 0x00, 0x00, 0x00, 0x00, 0x00, 0x00, 0x00, 0x00, 0x00, 0x00, 0x00, 0x00, 0x00, 0x00,
};

/* Cabeza de nota larga red: 48x48 (con la cola detrás) */
uint8_t hold_head_red[4608] = {
  0x00, 0x00, 0x00, 0x00, 0x00, 0x00, 0x00, 0x00, 0x00, 0x00, 0x00, 0x00, 0x00, 0x00, 0x00, 0x00, 0x00, 0x00, 0x00, 0x00, 0x00, 0x00, 0x00, 0x00,
  0x30, 0x42, 0x30, 0x42, 0x30, 0x42, 0x89, 0x89, 0x89, 0x89, 0x89, 0x89, 0x89, 0x89, 0xD1, 0xCD, 0xD1, 0xCD, 0xD1, 0xCD, 0xFB, 0xD4, 0xFB, 0xD4,
  0xFB, 0xD4, 0xFB, 0xD4, 0xD1, 0xCD, 0xD1, 0xCD, 0xD1, 0xCD, 0x89, 0x89, 0x89, 0x89, 0x89, 0x89, 0x89, 0x89, 0x30, 0x42, 0x30, 0x42, 0x30, 0x42,
  0x00, 0x00, 0x00, 0x00, 0x00, 0x00, 0x00, 0x00, 0x00, 0x00, 0x00, 0x00, 0x00, 0x00, 0x00, 0x00, 0x00, 0x00, 0x00, 0x00, 0x00, 0x00, 0x00, 0x00,
  0x00, 0x00, 0x00, 0x00, 0x00, 0x00, 0x00, 0x00, 0x00, 0x00, 0x00, 0x00, 0x00, 0x00, 0x00, 0x00, 0x00, 0x00, 0x00, 0x00, 0x00, 0x00, 0x00, 0x00,
  0x30, 0x42, 0x30, 0x42, 0x30, 0x42, 0x89, 0x89, 0x89, 0x89, 0x89, 0x89, 0x89, 0x89, 0xD1, 0xCD, 0xD1, 0xCD, 0xD1, 0xCD, 0xFB, 0xD4, 0xFB, 0xD4,
  0xFB, 0xD4, 0xFB, 0xD4, 0xD1, 0xCD, 0xD1, 0xCD, 0xD1, 0xCD, 0x89, 0x89, 0x89, 0x89, 0x89, 0x89, 0x89, 0x89, 0x30, 0x42, 0x30, 0x42, 0x30, 0x42,
  0x00, 0x00, 0x00, 0x00, 0x00, 0x00, 0x00, 0x00, 0x00, 0x00, 0x00, 0x00, 0x00, 0x00, 0x00, 0x00, 0x00, 0x00, 0x00, 0x00, 0x00, 0x00, 0x00, 0x00,
  0x00, 0x00, 0x00, 0x00, 0x00, 0x00, 0x00, 0x00, 0x00, 0x00, 0x00, 0x00, 0x00, 0x00, 0x00, 0x00, 0x00, 0x00, 0x00, 0x00, 0x00, 0x00, 0x00, 0x00,
  0x30, 0x42, 0x30, 0x42, 0x30, 0x42, 0x80, 0xA6, 0x80, 0xA6, 0x80, 0xA6, 0x80, 0xA6, 0xC9, 0x0B, 0xC9, 0x0B, 0xC9, 0x0B, 0xFB, 0x53, 0xFB, 0x53,
  0xFB, 0x53, 0xFB, 0x53, 0xC9, 0x0B, 0xC9, 0x0B, 0xC9, 0x0B, 0x80, 0xA6, 0x80, 0xA6, 0x80, 0xA6, 0x80, 0xA6, 0x30, 0x42, 0x30, 0x42, 0x30, 0x42,
  0x00, 0x00, 0x00, 0x00, 0x00, 0x00, 0x00, 0x00, 0x00, 0x00, 0x00, 0x00, 0x00, 0x00, 0x00, 0x00, 0x00, 0x00, 0x00, 0x00, 0x00, 0x00, 0x00, 0x00,
  0x00, 0x00, 0x00, 0x00, 0x00, 0x00, 0x00, 0x00, 0x00, 0x00, 0x00, 0x00, 0xF9, 0x4D, 0xF9, 0x4D, 0xF9, 0x4D, 0xF9, 0x4D, 0xF9, 0x4D, 0xF9, 0x4D,
  0xF9, 0x4D, 0xF9, 0x4D, 0xF9, 0x4D, 0xF9, 0x4D, 0xF9, 0x4D, 0xF9, 0x4D, 0xF9, 0x4D, 0xF9, 0x4D, 0xF9, 0x4D, 0xF9, 0x4D, 0xF9, 0x4D, 0xF9, 0x4D,
  0xF9, 0x4D, 0xF9, 0x4D, 0xF9, 0x4D, 0xF9, 0x4D, 0xF9, 0x4D, 0xF9, 0x4D, 0xF9, 0x4D, 0xF9, 0x4D, 0xF9, 0x4D, 0xF9, 0x4D, 0xF9, 0x4D, 0xF9, 0x4D,
  0xF9, 0x4D, 0xF9, 0x4D, 0xF9, 0x4D, 0xF9, 0x4D, 0xF9, 0x4D, 0xF9, 0x4D, 0x00, 0x00, 0x00, 0x00, 0x00, 0x00, 0x00, 0x00, 0x00, 0x00, 0x00, 0x00,
  0x00, 0x00, 0x00, 0x00, 0x00, 0x00, 0x00, 0x00, 0x00, 0x00, 0xF9, 0x4D, 0xF9, 0x4D, 0x08, 0x22, 0x08, 0x22, 0x08, 0x22, 0x08, 0x22, 0x08, 0x22,
  0x08, 0x22, 0x08, 0x22, 0x08, 0x22, 0x08, 0x22, 0x08, 0x22, 0x08, 0x22, 0x08, 0x22, 0x08, 0x22, 0x08, 0x22, 0x08, 0x22, 0x08, 0x22, 0x08, 0x22,
  0x08, 0x22, 0x08, 0x22, 0x08, 0x22, 0x08, 0x22, 0x08, 0x22, 0x08, 0x22, 0x08, 0x22, 0x08, 0x22, 0x08, 0x22, 0x08, 0x22, 0x08, 0x22, 0x08, 0x22,
  0x08, 0x22, 0x08, 0x22, 0x08, 0x22, 0x08, 0x22, 0x08, 0x22, 0xF9, 0x4D, 0xF9, 0x4D, 0x00, 0x00, 0x00, 0x00, 0x00, 0x00, 0x00, 0x00, 0x00, 0x00,
  0x00, 0x00, 0x00, 0x00, 0x00, 0x00, 0x00, 0x00, 0xF9, 0x4D, 0x08, 0x22, 0x08, 0x22, 0x08, 0x22, 0xEF, 0x7E, 0xEF, 0x7E, 0xEF, 0x7E, 0xEF, 0x7E,
  0xEF, 0x7E, 0xEF, 0x7E, 0xEF, 0x7E, 0xEF, 0x7E, 0xEF, 0x7E, 0xEF, 0x7E, 0xEF, 0x7E, 0xEF, 0x7E, 0xEF, 0x7E, 0xEF, 0x7E, 0xEF, 0x7E, 0xEF, 0x7E,
  0xEF, 0x7E, 0xEF, 0x7E, 0xEF, 0x7E, 0xEF, 0x7E, 0xEF, 0x7E, 0xEF, 0x7E, 0xEF, 0x7E, 0xEF, 0x7E, 0xEF, 0x7E, 0xEF, 0x7E, 0xEF, 0x7E, 0xEF, 0x7E,
  0xEF, 0x7E, 0xEF, 0x7E, 0xEF, 0x7E, 0xEF, 0x7E, 0x08, 0x22, 0x08, 0x22, 0x08, 0x22, 0xF9, 0x4D, 0x00, 0x00, 0x00, 0x00, 0x00, 0x00, 0x00, 0x00,
  0x00, 0x00, 0x00, 0x00, 0x00, 0x00, 0xF9, 0x4D, 0xF9, 0x4D, 0x08, 0x22, 0xE7, 0x5E, 0xE7, 0x5E, 0xE7, 0x5E, 0xE7, 0x5E, 0xE7, 0x5E, 0xE7, 0x5E,
  0xE7, 0x5E, 0xE7, 0x5E, 0xE7, 0x5E, 0xE7, 0x5E, 0xE7, 0x5E, 0xE7, 0x5E, 0xE7, 0x5E, 0xE7, 0x5E, 0xE7, 0x5E, 0xE7, 0x5E, 0xE7, 0x5E, 0xE7, 0x5E,
  0xE7, 0x5E, 0xE7, 0x5E, 0xE7, 0x5E, 0xE7, 0x5E, 0xE7, 0x5E, 0xE7, 0x5E, 0xE7, 0x5E, 0xE7, 0x5E, 0xE7, 0x5E, 0xE7, 0x5E, 0xE7, 0x5E, 0xE7, 0x5E,
  0xE7, 0x5E, 0xE7, 0x5E, 0xE7, 0x5E, 0xE7, 0x5E, 0xE7, 0x5E, 0xE7, 0x5E, 0x08, 0x22, 0xF9, 0x4D, 0xF9, 0x4D, 0x00, 0x00, 0x00, 0x00, 0x00, 0x00,
  0x00, 0x00, 0x00, 0x00, 0x00, 0x00, 0xF9, 0x4D, 0x08, 0x22, 0x08, 0x22, 0xE7, 0x3D, 0xC6, 0x39, 0xC6, 0x39, 0xDC, 0x34, 0xDC, 0x34, 0xDC, 0x34,
  0xDC, 0x34, 0xDC, 0x34, 0xDC, 0x34, 0xDC, 0x34, 0xDC, 0x34, 0xDC, 0x34, 0xDC, 0x34, 0xDC, 0x34, 0xDC, 0x34, 0xDC, 0x34, 0xDC, 0x34, 0xDC, 0x34,
  0xDC, 0x34, 0xDC, 0x34, 0xDC, 0x34, 0xDC, 0x34, 0xDC, 0x34, 0xDC, 0x34, 0xDC, 0x34, 0xDC, 0x34, 0xDC, 0x34, 0xDC, 0x34, 0xDC, 0x34, 0xDC, 0x34,
  0xDC, 0x34, 0xDC, 0x34, 0xDC, 0x34, 0xC6, 0x39, 0xC6, 0x39, 0xE7, 0x3D, 0x08, 0x22, 0x08, 0x22, 0xF9, 0x4D, 0x00, 0x00, 0x00, 0x00, 0x00, 0x00,
  0x00, 0x00, 0x00, 0x00, 0x00, 0x00, 0xF9, 0x4D, 0x08, 0x22, 0xDE, 0xFC, 0xDE, 0xFC, 0xDE, 0xFC, 0xFC, 0xB7, 0xFE, 0x3B, 0xFE, 0x3B, 0xFE, 0x3B,
  0xFE, 0x3B, 0xFE, 0x3B, 0xFE, 0x3B, 0xFE, 0x3B, 0xFE, 0x3B, 0xFE, 0x3B, 0xFE, 0x3B, 0xFE, 0x3B, 0xFE, 0x3B, 0xFE, 0x3B, 0xFE, 0x3B, 0xFE, 0x3B,
  0xFE, 0x3B, 0xFE, 0x3B, 0xFE, 0x3B, 0xFE, 0x3B, 0xFE, 0x3B, 0xFE, 0x3B, 0xFE, 0x3B, 0xFE, 0x3B, 0xFE, 0x3B, 0xFE, 0x3B, 0xFE, 0x3B, 0xFE, 0x3B,
  0xFE, 0x3B, 0xFE, 0x3B, 0xFE, 0x3B, 0xFC, 0xB7, 0xDE, 0xFC, 0xDE, 0xFC, 0xDE, 0xFC, 0x08, 0x22, 0xF9, 0x4D, 0x00, 0x00, 0x00, 0x00, 0x00, 0x00,
  0x00, 0x00, 0x00, 0x00, 0x00, 0x00, 0xF9, 0x4D, 0x08, 0x22, 0xD6, 0xDC, 0xD6, 0xDC, 0xFC, 0x76, 0xFD, 0xFA, 0xFD, 0xFA, 0xFD, 0xFA, 0xFD, 0xFA,
  0xFD, 0xFA, 0xFD, 0xFA, 0xFD, 0xFA, 0xFD, 0xFA, 0xFD, 0xFA, 0xFD, 0xFA, 0xFD, 0xFA, 0xFD, 0xFA, 0xFD, 0xFA, 0xFD, 0xFA, 0xFD, 0xFA, 0xFD, 0xFA,
  0xFD, 0xFA, 0xFD, 0xFA, 0xFD, 0xFA, 0xFD, 0xFA, 0xFD, 0xFA, 0xFD, 0xFA, 0xFD, 0xFA, 0xFD, 0xFA, 0xFD, 0xFA, 0xFD, 0xFA, 0xFD, 0xFA, 0xFD, 0xFA,
  0xFD, 0xFA, 0xFD, 0xFA, 0xFD, 0xFA, 0xFD, 0xFA, 0xFC, 0x76, 0xD6, 0xDC, 0xD6, 0xDC, 0x08, 0x22, 0xF9, 0x4D, 0x00, 0x00, 0x00, 0x00, 0x00, 0x00,
  0x00, 0x00, 0x00, 0x00, 0x00, 0x00, 0xF9, 0x4D, 0x08, 0x22, 0xD6, 0xBB, 0xD6, 0xBB, 0xDB, 0xB2, 0xED, 0x57, 0xED, 0x57, 0xED, 0x57, 0xED, 0x57,
  0xED, 0x57, 0xED, 0x57, 0xED, 0x57, 0xED, 0x57, 0xED, 0x57, 0xED, 0x57, 0xED, 0x57, 0xED, 0x57, 0xED, 0x57, 0xED, 0x57, 0xED, 0x57, 0xED, 0x57,
  0xED, 0x57, 0xED, 0x57, 0xED, 0x57, 0xED, 0x57, 0xED, 0x57, 0xED, 0x57, 0xED, 0x57, 0xED, 0x57, 0xED, 0x57, 0xED, 0x57, 0xED, 0x57, 0xED, 0x57,
  0xED, 0x57, 0xED, 0x57, 0xED, 0x57, 0xED, 0x57, 0xDB, 0xB2, 0xD6, 0xBB, 0xD6, 0xBB, 0x08, 0x22, 0xF9, 0x4D, 0x00, 0x00, 0x00, 0x00, 0x00, 0x00,
  0x00, 0x00, 0x00, 0x00, 0x00, 0x00, 0xF9, 0x4D, 0x08, 0x22, 0xCE, 0x9B, 0xCE, 0x9B, 0xFC, 0x15, 0xFD, 0x58, 0xFD, 0x58, 0xFD, 0x58, 0xFD, 0x58,
  0xFD, 0x58, 0xFD, 0x58, 0xFD, 0x58, 0xFD, 0x58, 0xFD, 0x58, 0xFD, 0x58, 0xFD, 0x58, 0xFD, 0x58, 0xFD, 0x58, 0xFD, 0x58, 0xFD, 0x58, 0xFD, 0x58,
  0xFD, 0x58, 0xFD, 0x58, 0xFD, 0x58, 0xFD, 0x58, 0xFD, 0x58, 0xFD, 0x58, 0xFD, 0x58, 0xFD, 0x58, 0xFD, 0x58, 0xFD, 0x58, 0xFD, 0x58, 0xFD, 0x58,
  0xFD, 0x58, 0xFD, 0x58, 0xFD, 0x58, 0xFD, 0x58, 0xFC, 0x15, 0xCE, 0x9B, 0xCE, 0x9B, 0x08, 0x22, 0xF9, 0x4D, 0x00, 0x00, 0x00, 0x00, 0x00, 0x00,
  0x00, 0x00, 0x00, 0x00, 0x00, 0x00, 0xF9, 0x4D, 0x08, 0x22, 0xC6, 0x5A, 0xC6, 0x5A, 0xFB, 0xD4, 0xFD, 0x18, 0xFD, 0x18, 0xFD, 0x18, 0xFD, 0x18,
  0xFD, 0x18, 0xFD, 0x18, 0xFD, 0x18, 0xFD, 0x18, 0xFD, 0x18, 0xFD, 0x18, 0xFD, 0x18, 0xFD, 0x18, 0xFD, 0x18, 0xFD, 0x18, 0xFD, 0x18, 0xFD, 0x18,
  0xFD, 0x18, 0xFD, 0x18, 0xFD, 0x18, 0xFD, 0x18, 0xFD, 0x18, 0xFD, 0x18, 0xFD, 0x18, 0xFD, 0x18, 0xFD, 0x18, 0xFD, 0x18, 0xFD, 0x18, 0xFD, 0x18,
  0xFD, 0x18, 0xFD, 0x18, 0xFD, 0x18, 0xFD, 0x18, 0xFB, 0xD4, 0xC6, 0x5A, 0xC6, 0x5A, 0x08, 0x22, 0xF9, 0x4D, 0x00, 0x00, 0x00, 0x00, 0x00, 0x00,
  0x00, 0x00, 0x00, 0x00, 0x00, 0x00, 0xF9, 0x4D, 0x08, 0x22, 0xC6, 0x3A, 0xC6, 0x3A, 0xDB, 0x11, 0xE4, 0x75, 0xE4, 0x75, 0xE4, 0x75, 0xE4, 0x75,
  0xE4, 0x75, 0xE4, 0x75, 0xE4, 0x75, 0xE4, 0x75, 0xE4, 0x75, 0xE4, 0x75, 0xE4, 0x75, 0xE4, 0x75, 0xE4, 0x75, 0xE4, 0x75, 0xE4, 0x75, 0xE4, 0x75,
  0xE4, 0x75, 0xE4, 0x75, 0xE4, 0x75, 0xE4, 0x75, 0xE4, 0x75, 0xE4, 0x75, 0xE4, 0x75, 0xE4, 0x75, 0xE4, 0x75, 0xE4, 0x75, 0xE4, 0x75, 0xE4, 0x75,
  0xE4, 0x75, 0xE4, 0x75, 0xE4, 0x75, 0xE4, 0x75, 0xDB, 0x11, 0xC6, 0x3A, 0xC6, 0x3A, 0x08, 0x22, 0xF9, 0x4D, 0x00, 0x00, 0x00, 0x00, 0x00, 0x00,
  0x00, 0x00, 0x00, 0x00, 0x00, 0x00, 0xF9, 0x4D, 0x08, 0x22, 0xBE, 0x19, 0xBE, 0x19, 0xFB, 0x53, 0xFC, 0x76, 0xFC, 0x76, 0xFC, 0x76, 0xFC, 0x76,
  0xFC, 0x76, 0xFC, 0x76, 0xFC, 0x76, 0x08, 0x22, 0x08, 0x22, 0x08, 0x22, 0x08, 0x22, 0x08, 0x22, 0x08, 0x22, 0x08, 0x22, 0x08, 0x22, 0x08, 0x22,
  0x08, 0x22, 0x08, 0x22, 0x08, 0x22, 0x08, 0x22, 0x08, 0x22, 0x08, 0x22, 0x08, 0x22, 0x08, 0x22, 0x08, 0x22, 0xFC, 0x76, 0xFC, 0x76, 0xFC, 0x76,
  0xFC, 0x76, 0xFC, 0x76, 0xFC, 0x76, 0xFC, 0x76, 0xFB, 0x53, 0xBE, 0x19, 0xBE, 0x19, 0x08, 0x22, 0xF9, 0x4D, 0x00, 0x00, 0x00, 0x00, 0x00, 0x00,
  0x00, 0x00, 0x00, 0x00, 0x00, 0x00, 0xF9, 0x4D, 0x08, 0x22, 0xBD, 0xF9, 0xBD, 0xF9, 0xFB, 0x32, 0xFC, 0x15, 0xFC, 0x15, 0xFC, 0x15, 0xFC, 0x15,
  0xFC, 0x15, 0xFC, 0x15, 0x08, 0x22, 0x08, 0x22, 0xFF, 0xFF, 0xFF, 0xFF, 0xFF, 0xFF, 0xFF, 0xFF, 0xFF, 0xFF, 0xFF, 0xFF, 0xFF, 0xFF, 0xFF, 0xFF,
  0xFF, 0xFF, 0xFF, 0xFF, 0xFF, 0xFF, 0xFF, 0xFF, 0xFF, 0xFF, 0xFF, 0xFF, 0xFF, 0xFF, 0xFF, 0xFF, 0x08, 0x22, 0x08, 0x22, 0xFC, 0x15, 0xFC, 0x15,
  0xFC, 0x15, 0xFC, 0x15, 0xFC, 0x15, 0xFC, 0x15, 0xFB, 0x32, 0xBD, 0xF9, 0xBD, 0xF9, 0x08, 0x22, 0xF9, 0x4D, 0x00, 0x00, 0x00, 0x00, 0x00, 0x00,
  0x00, 0x00, 0x00, 0x00, 0x00, 0x00, 0xF9, 0x4D, 0x08, 0x22, 0xB5, 0xB8, 0xB5, 0xB8, 0xDA, 0x6F, 0xE3, 0x52, 0xE3, 0x52, 0xE3, 0x52, 0xE3, 0x52,
  0xE3, 0x52, 0xE3, 0x52, 0x08, 0x22, 0xF7, 0xDF, 0xF7, 0xDF, 0xF7, 0xDF, 0xF7, 0xDF, 0xF7, 0xDF, 0xF7, 0xDF, 0xF7, 0xDF, 0xF7, 0xDF, 0xF7, 0xDF,
  0xF7, 0xDF, 0xF7, 0xDF, 0xF7, 0xDF, 0xF7, 0xDF, 0xF7, 0xDF, 0xF7, 0xDF, 0xF7, 0xDF, 0xF7, 0xDF, 0xF7, 0xDF, 0x08, 0x22, 0xE3, 0x52, 0xE3, 0x52,
  0xE3, 0x52, 0xE3, 0x52, 0xE3, 0x52, 0xE3, 0x52, 0xDA, 0x6F, 0xB5, 0xB8, 0xB5, 0xB8, 0x08, 0x22, 0xF9, 0x4D, 0x00, 0x00, 0x00, 0x00, 0x00, 0x00,
  0x00, 0x00, 0x00, 0x00, 0x00, 0x00, 0xF9, 0x4D, 0x08, 0x22, 0xAD, 0x97, 0xAD, 0x97, 0xFA, 0xB1, 0xFB, 0x53, 0xFB, 0x53, 0xFB, 0x53, 0xFB, 0x53,
  0xFB, 0x53, 0xFB, 0x53, 0x08, 0x22, 0xE7, 0x9F, 0xE7, 0x9F, 0xE7, 0x9F, 0xE7, 0x9F, 0xE7, 0x9F, 0xE7, 0x9F, 0xE7, 0x9F, 0xE7, 0x9F, 0xE7, 0x9F,
  0xE7, 0x9F, 0xE7, 0x9F, 0xE7, 0x9F, 0xE7, 0x9F, 0xE7, 0x9F, 0xE7, 0x9F, 0xE7, 0x9F, 0xE7, 0x9F, 0xE7, 0x9F, 0x08, 0x22, 0xFB, 0x53, 0xFB, 0x53,
  0xFB, 0x53, 0xFB, 0x53, 0xFB, 0x53, 0xFB, 0x53, 0xFA, 0xB1, 0xAD, 0x97, 0xAD, 0x97, 0x08, 0x22, 0xF9, 0x4D, 0x00, 0x00, 0x00, 0x00, 0x00, 0x00,
  0x00, 0x00, 0x00, 0x00, 0x00, 0x00, 0xF9, 0x4D, 0x08, 0x22, 0xAD, 0x77, 0xAD, 0x77, 0xFA, 0x71, 0xFA, 0xF2, 0xFA, 0xF2, 0xFA, 0xF2, 0xFA, 0xF2,
  0xFA, 0xF2, 0xFA, 0xF2, 0x08, 0x22, 0xDF, 0x5F, 0xDF, 0x5F, 0xDF, 0x5F, 0xDF, 0x5F, 0xDF, 0x5F, 0xDF, 0x5F, 0xDF, 0x5F, 0xD9, 0x0B, 0xD9, 0x0B,
  0xD9, 0x0B, 0xD9, 0x0B, 0xDF, 0x5F, 0xDF, 0x5F, 0xDF, 0x5F, 0xDF, 0x5F, 0xDF, 0x5F, 0xDF, 0x5F, 0xDF, 0x5F, 0x08, 0x22, 0xFA, 0xF2, 0xFA, 0xF2,
  0xFA, 0xF2, 0xFA, 0xF2, 0xFA, 0xF2, 0xFA, 0xF2, 0xFA, 0x71, 0xAD, 0x77, 0xAD, 0x77, 0x08, 0x22, 0xF9, 0x4D, 0x00, 0x00, 0x00, 0x00, 0x00, 0x00,
  0x00, 0x00, 0x00, 0x00, 0x00, 0x00, 0xF9, 0x4D, 0x08, 0x22, 0xA5, 0x56, 0xA5, 0x56, 0xD9, 0xEE, 0xD9, 0xEE, 0xDA, 0x2E, 0xDA, 0x2E, 0xDA, 0x2E,
  0xDA, 0x2E, 0xDA, 0x2E, 0x08, 0x22, 0xCF, 0x1F, 0xCF, 0x1F, 0xCF, 0x1F, 0xCF, 0x1F, 0xCF, 0x1F, 0xCF, 0x1F, 0xD9, 0x0B, 0xD9, 0x0B, 0xFD, 0xFA,
  0xFD, 0xFA, 0xD9, 0x0B, 0xD9, 0x0B, 0xCF, 0x1F, 0xCF, 0x1F, 0xCF, 0x1F, 0xCF, 0x1F, 0xCF, 0x1F, 0xCF, 0x1F, 0x08, 0x22, 0xDA, 0x2E, 0xDA, 0x2E,
  0xDA, 0x2E, 0xDA, 0x2E, 0xDA, 0x2E, 0xD9, 0xEE, 0xD9, 0xEE, 0xA5, 0x56, 0xA5, 0x56, 0x08, 0x22, 0xF9, 0x4D, 0x00, 0x00, 0x00, 0x00, 0x00, 0x00,
  0x00, 0x00, 0x00, 0x00, 0x00, 0x00, 0xF9, 0x4D, 0x08, 0x22, 0x9D, 0x16, 0x9D, 0x16, 0xF9, 0xEF, 0xF9, 0xEF, 0xF9, 0xEF, 0xF9, 0xEF, 0xF9, 0xEF,
  0xF9, 0xEF, 0xF9, 0xEF, 0x08, 0x22, 0xBE, 0xFF, 0xBE, 0xFF, 0xBE, 0xFF, 0xBE, 0xFF, 0xBE, 0xFF, 0xBE, 0xFF, 0xD9, 0x0B, 0xFD, 0xFA, 0xFD, 0xFA,
  0xFD, 0xFA, 0xFD, 0xFA, 0xD9, 0x0B, 0xBE, 0xFF, 0xBE, 0xFF, 0xBE, 0xFF, 0xBE, 0xFF, 0xBE, 0xFF, 0xBE, 0xFF, 0x08, 0x22, 0xF9, 0xEF, 0xF9, 0xEF,
  0xF9, 0xEF, 0xF9, 0xEF, 0xF9, 0xEF, 0xF9, 0xEF, 0xF9, 0xEF, 0x9D, 0x16, 0x9D, 0x16, 0x08, 0x22, 0xF9, 0x4D, 0x00, 0x00, 0x00, 0x00, 0x00, 0x00,
  0x00, 0x00, 0x00, 0x00, 0x00, 0x00, 0xF9, 0x4D, 0x08, 0x22, 0x9C, 0xF5, 0x9C, 0xF5, 0xF9, 0xCF, 0xF9, 0xCF, 0xF9, 0xCF, 0xF9, 0xCF, 0xF9, 0xCF,
  0xF9, 0xCF, 0xF9, 0xCF, 0x08, 0x22, 0xB6, 0xBF, 0xB6, 0xBF, 0xB6, 0xBF, 0xB6, 0xBF, 0xB6, 0xBF, 0xB6, 0xBF, 0xD9, 0x0B, 0xD9, 0x0B, 0xFD, 0xFA,
  0xFD, 0xFA, 0xD9, 0x0B, 0xD9, 0x0B, 0xB6, 0xBF, 0xB6, 0xBF, 0xB6, 0xBF, 0xB6, 0xBF, 0xB6, 0xBF, 0xB6, 0xBF, 0x08, 0x22, 0xF9, 0xCF, 0xF9, 0xCF,
  0xF9, 0xCF, 0xF9, 0xCF, 0xF9, 0xCF, 0xF9, 0xCF, 0xF9, 0xCF, 0x9C, 0xF5, 0x9C, 0xF5, 0x08, 0x22, 0xF9, 0x4D, 0x00, 0x00, 0x00, 0x00, 0x00, 0x00,
  0x00, 0x00, 0x00, 0x00, 0x00, 0x00, 0xF9, 0x4D, 0x08, 0x22, 0x94, 0xD5, 0x94, 0xD5, 0xD9, 0x4C, 0xD9, 0x4C, 0xD9, 0x4C, 0xD9, 0x4C, 0xD9, 0x4C,
  0xD9, 0x4C, 0xD9, 0x4C, 0x08, 0x22, 0xA6, 0x7F, 0xA6, 0x7F, 0xA6, 0x7F, 0xA6, 0x7F, 0xA6, 0x7F, 0xA6, 0x7F, 0xD9, 0x0B, 0xD9, 0x0B, 0xD9, 0x0B,
  0xD9, 0x0B, 0xD9, 0x0B, 0xD9, 0x0B, 0xA6, 0x7F, 0xA6, 0x7F, 0xA6, 0x7F, 0xA6, 0x7F, 0xA6, 0x7F, 0xA6, 0x7F, 0x08, 0x22, 0xD9, 0x4C, 0xD9, 0x4C,
  0xD9, 0x4C, 0xD9, 0x4C, 0xD9, 0x4C, 0xD9, 0x4C, 0xD9, 0x4C, 0x94, 0xD5, 0x94, 0xD5, 0x08, 0x22, 0xF9, 0x4D, 0x00, 0x00, 0x00, 0x00, 0x00, 0x00,
  0x00, 0x00, 0x00, 0x00, 0x00, 0x00, 0xF9, 0x4D, 0x08, 0x22, 0x94, 0xB4, 0x94, 0xB4, 0xF9, 0x4D, 0xF9, 0x4D, 0xF9, 0x4D, 0xF9, 0x4D, 0xF9, 0x4D,
  0xF9, 0x4D, 0xF9, 0x4D, 0x08, 0x22, 0x96, 0x3F, 0x96, 0x3F, 0x96, 0x3F, 0x96, 0x3F, 0x96, 0x3F, 0x96, 0x3F, 0xD9, 0x0B, 0xD9, 0x0B, 0xD9, 0x0B,
  0xD9, 0x0B, 0xD9, 0x0B, 0xD9, 0x0B, 0x96, 0x3F, 0x96, 0x3F, 0x96, 0x3F, 0x96, 0x3F, 0x96, 0x3F, 0x96, 0x3F, 0x08, 0x22, 0xF9, 0x4D, 0xF9, 0x4D,
  0xF9, 0x4D, 0xF9, 0x4D, 0xF9, 0x4D, 0xF9, 0x4D, 0xF9, 0x4D, 0x94, 0xB4, 0x94, 0xB4, 0x08, 0x22, 0xF9, 0x4D, 0x00, 0x00, 0x00, 0x00, 0x00, 0x00,
  0x00, 0x00, 0x00, 0x00, 0x00, 0x00, 0xF9, 0x4D, 0x08, 0x22, 0x8C, 0x94, 0x8C, 0x94, 0x70, 0x86, 0x70, 0x86, 0x70, 0x86, 0x70, 0x86, 0x70, 0x86,
  0x70, 0x86, 0x70, 0x86, 0x08, 0x22, 0xFC, 0x1A, 0xFC, 0x1A, 0xFC, 0x1A, 0xFC, 0x1A, 0xFC, 0x1A, 0xFC, 0x1A, 0xD9, 0x0B, 0xD9, 0x0B, 0xD9, 0x0B,
  0xD9, 0x0B, 0xD9, 0x0B, 0xD9, 0x0B, 0xFC, 0x1A, 0xFC, 0x1A, 0xFC, 0x1A, 0xFC, 0x1A, 0xFC, 0x1A, 0xFC, 0x1A, 0x08, 0x22, 0x70, 0x86, 0x70, 0x86,
  0x70, 0x86, 0x70, 0x86, 0x70, 0x86, 0x70, 0x86, 0x70, 0x86, 0x8C, 0x94, 0x8C, 0x94, 0x08, 0x22, 0xF9, 0x4D, 0x00, 0x00, 0x00, 0x00, 0x00, 0x00,
  0x00, 0x00, 0x00, 0x00, 0x00, 0x00, 0xF9, 0x4D, 0x08, 0x22, 0x8C, 0x73, 0x8C, 0x73, 0x68, 0x85, 0x68, 0x85, 0x68, 0x85, 0x68, 0x85, 0x68, 0x85,
  0x68, 0x85, 0x68, 0x85, 0x08, 0x22, 0xFC, 0x7A, 0xFC, 0x7A, 0xFC, 0x7A, 0xFC, 0x7A, 0xFC, 0x7A, 0xFC, 0x7A, 0xD9, 0x0B, 0xD9, 0x0B, 0xD9, 0x0B,
  0xD9, 0x0B, 0xD9, 0x0B, 0xD9, 0x0B, 0xFC, 0x7A, 0xFC, 0x7A, 0xFC, 0x7A, 0xFC, 0x7A, 0xFC, 0x7A, 0xFC, 0x7A, 0x08, 0x22, 0x68, 0x85, 0x68, 0x85,
  0x68, 0x85, 0x68, 0x85, 0x68, 0x85, 0x68, 0x85, 0x68, 0x85, 0x8C, 0x73, 0x8C, 0x73, 0x08, 0x22, 0xF9, 0x4D, 0x00, 0x00, 0x00, 0x00, 0x00, 0x00,
  0x00, 0x00, 0x00, 0x00, 0x00, 0x00, 0xF9, 0x4D, 0x08, 0x22, 0x84, 0x53, 0x84, 0x53, 0x80, 0xA7, 0x80, 0xA7, 0x80, 0xA7, 0x80, 0xA7, 0x80, 0xA7,
  0x80, 0xA7, 0x80, 0xA7, 0x08, 0x22, 0xFC, 0xDB, 0xFC, 0xDB, 0xFC, 0xDB, 0xFC, 0xDB, 0xFC, 0xDB, 0xFC, 0xDB, 0xD9, 0x0B, 0xD9, 0x0B, 0xD9, 0x0B,
  0xD9, 0x0B, 0xD9, 0x0B, 0xD9, 0x0B, 0xFC, 0xDB, 0xFC, 0xDB, 0xFC, 0xDB, 0xFC, 0xDB, 0xFC, 0xDB, 0xFC, 0xDB, 0x08, 0x22, 0x80, 0xA7, 0x80, 0xA7,
  0x80, 0xA7, 0x80, 0xA7, 0x80, 0xA7, 0x80, 0xA7, 0x80, 0xA7, 0x84, 0x53, 0x84, 0x53, 0x08, 0x22, 0xF9, 0x4D, 0x00, 0x00, 0x00, 0x00, 0x00, 0x00,
  0x00, 0x00, 0x00, 0x00, 0x00, 0x00, 0xF9, 0x4D, 0x08, 0x22, 0x84, 0x32, 0x84, 0x32, 0x88, 0xA7, 0x88, 0xA7, 0x88, 0xA7, 0x88, 0xA7, 0x88, 0xA7,
  0x88, 0xA7, 0x88, 0xA7, 0x08, 0x22, 0xFD, 0x3B, 0xFD, 0x3B, 0xFD, 0x3B, 0xFD, 0x3B, 0xFD, 0x3B, 0xFD, 0x3B, 0xD9, 0x0B, 0xD9, 0x0B, 0xD9, 0x0B,
  0xD9, 0x0B, 0xD9, 0x0B, 0xD9, 0x0B, 0xFD, 0x3B, 0xFD, 0x3B, 0xFD, 0x3B, 0xFD, 0x3B, 0xFD, 0x3B, 0xFD, 0x3B, 0x08, 0x22, 0x88, 0xA7, 0x88, 0xA7,
  0x88, 0xA7, 0x88, 0xA7, 0x88, 0xA7, 0x88, 0xA7, 0x88, 0xA7, 0x84, 0x32, 0x84, 0x32, 0x08, 0x22, 0xF9, 0x4D, 0x00, 0x00, 0x00, 0x00, 0x00, 0x00,
  0x00, 0x00, 0x00, 0x00, 0x00, 0x00, 0xF9, 0x4D, 0x08, 0x22, 0x7C, 0x12, 0x7C, 0x12, 0x80, 0x86, 0x80, 0x86, 0x80, 0x86, 0x80, 0x86, 0x80, 0x86,
  0x80, 0x86, 0x80, 0x86, 0x08, 0x22, 0xFD, 0x9C, 0xFD, 0x9C, 0xFD, 0x9C, 0xFD, 0x9C, 0xFD, 0x9C, 0xFD, 0x9C, 0xD9, 0x0B, 0xD9, 0x0B, 0xD9, 0x0B,
  0xD9, 0x0B, 0xD9, 0x0B, 0xD9, 0x0B, 0xFD, 0x9C, 0xFD, 0x9C, 0xFD, 0x9C, 0xFD, 0x9C, 0xFD, 0x9C, 0xFD, 0x9C, 0x08, 0x22, 0x80, 0x86, 0x80, 0x86,
  0x80, 0x86, 0x80, 0x86, 0x80, 0x86, 0x80, 0x86, 0x80, 0x86, 0x7C, 0x12, 0x7C, 0x12, 0x08, 0x22, 0xF9, 0x4D, 0x00, 0x00, 0x00, 0x00, 0x00, 0x00,
  0x00, 0x00, 0x00, 0x00, 0x00, 0x00, 0xF9, 0x4D, 0x08, 0x22, 0x7B, 0xF1, 0x7B, 0xF1, 0x98, 0xC8, 0x98, 0xC8, 0x98, 0xC8, 0x98, 0xC8, 0x98, 0xC8,
  0x98, 0xC8, 0x98, 0xC8, 0x08, 0x22, 0xFD, 0xFD, 0xFD, 0xFD, 0xFD, 0xFD, 0xFD, 0xFD, 0xFD, 0xFD, 0xFD, 0xFD, 0xFD, 0xFD, 0xD9, 0x0B, 0xD9, 0x0B,
  0xD9, 0x0B, 0xD9, 0x0B, 0xFD, 0xFD, 0xFD, 0xFD, 0xFD, 0xFD, 0xFD, 0xFD, 0xFD, 0xFD, 0xFD, 0xFD, 0xFD, 0xFD, 0x08, 0x22, 0x98, 0xC8, 0x98, 0xC8,
  0x98, 0xC8, 0x98, 0xC8, 0x98, 0xC8, 0x98, 0xC8, 0x98, 0xC8, 0x7B, 0xF1, 0x7B, 0xF1, 0x08, 0x22, 0xF9, 0x4D, 0x00, 0x00, 0x00, 0x00, 0x00, 0x00,
  0x00, 0x00, 0x00, 0x00, 0x00, 0x00, 0xF9, 0x4D, 0x08, 0x22, 0x73, 0xD1, 0x73, 0xD1, 0xA0, 0xC8, 0xA0, 0xC8, 0xA0, 0xC8, 0xA0, 0xC8, 0xA0, 0xC8,
  0xA0, 0xC8, 0xA0, 0xC8, 0x08, 0x22, 0xFE, 0x5D, 0xFE, 0x5D, 0xFE, 0x5D, 0xFE, 0x5D, 0xFE, 0x5D, 0xFE, 0x5D, 0xFE, 0x5D, 0xFE, 0x5D, 0xFE, 0x5D,
  0xFE, 0x5D, 0xFE, 0x5D, 0xFE, 0x5D, 0xFE, 0x5D, 0xFE, 0x5D, 0xFE, 0x5D, 0xFE, 0x5D, 0xFE, 0x5D, 0xFE, 0x5D, 0x08, 0x22, 0xA0, 0xC8, 0xA0, 0xC8,
  0xA0, 0xC8, 0xA0, 0xC8, 0xA0, 0xC8, 0xA0, 0xC8, 0xA0, 0xC8, 0x73, 0xD1, 0x73, 0xD1, 0x08, 0x22, 0xF9, 0x4D, 0x00, 0x00, 0x00, 0x00, 0x00, 0x00,
  0x00, 0x00, 0x00, 0x00, 0x00, 0x00, 0xF9, 0x4D, 0x08, 0x22, 0x73, 0xB0, 0x73, 0xB0, 0x90, 0xA7, 0x90, 0xA7, 0x90, 0xA7, 0x90, 0xA7, 0x90, 0xA7,
  0x90, 0xA7, 0x90, 0xA7, 0x08, 0x22, 0xFE, 0xBE, 0xFE, 0xBE, 0xFE, 0xBE, 0xFE, 0xBE, 0xFE, 0xBE, 0xFE, 0xBE, 0xFE, 0xBE, 0xFE, 0xBE, 0xFE, 0xBE,
  0xFE, 0xBE, 0xFE, 0xBE, 0xFE, 0xBE, 0xFE, 0xBE, 0xFE, 0xBE, 0xFE, 0xBE, 0xFE, 0xBE, 0xFE, 0xBE, 0xFE, 0xBE, 0x08, 0x22, 0x90, 0xA7, 0x90, 0xA7,
  0x90, 0xA7, 0x90, 0xA7, 0x90, 0xA7, 0x90, 0xA7, 0x90, 0xA7, 0x73, 0xB0, 0x73, 0xB0, 0x08, 0x22, 0xF9, 0x4D, 0x00, 0x00, 0x00, 0x00, 0x00, 0x00,
  0x00, 0x00, 0x00, 0x00, 0x00, 0x00, 0xF9, 0x4D, 0x08, 0x22, 0x6B, 0x90, 0x6B, 0x90, 0xB0, 0xE9, 0xB0, 0xE9, 0xB0, 0xE9, 0xB0, 0xE9, 0xB0, 0xE9,
  0xB0, 0xE9, 0xB0, 0xE9, 0x08, 0x22, 0x08, 0x22, 0xFF, 0x1E, 0xFF, 0x1E, 0xFF, 0x1E, 0xFF, 0x1E, 0xFF, 0x1E, 0xFF, 0x1E, 0xFF, 0x1E, 0xFF, 0x1E,
  0xFF, 0x1E, 0xFF, 0x1E, 0xFF, 0x1E, 0xFF, 0x1E, 0xFF, 0x1E, 0xFF, 0x1E, 0xFF, 0x1E, 0xFF, 0x1E, 0x08, 0x22, 0x08, 0x22, 0xB0, 0xE9, 0xB0, 0xE9,
  0xB0, 0xE9, 0xB0, 0xE9, 0xB0, 0xE9, 0xB0, 0xE9, 0xB0, 0xE9, 0x6B, 0x90, 0x6B, 0x90, 0x08, 0x22, 0xF9, 0x4D, 0x00, 0x00, 0x00, 0x00, 0x00, 0x00,
  0x00, 0x00, 0x00, 0x00, 0x00, 0x00, 0xF9, 0x4D, 0x08, 0x22, 0x6B, 0x6F, 0x6B, 0x6F, 0xB8, 0xEA, 0xB8, 0xEA, 0xB8, 0xEA, 0xB8, 0xEA, 0xB8, 0xEA,
  0xB8, 0xEA, 0xB8, 0xEA, 0xB8, 0xEA, 0x08, 0x22, 0x08, 0x22, 0x08, 0x22, 0x08, 0x22, 0x08, 0x22, 0x08, 0x22, 0x08, 0x22, 0x08, 0x22, 0x08, 0x22,
  0x08, 0x22, 0x08, 0x22, 0x08, 0x22, 0x08, 0x22, 0x08, 0x22, 0x08, 0x22, 0x08, 0x22, 0x08, 0x22, 0x08, 0x22, 0xB8, 0xEA, 0xB8, 0xEA, 0xB8, 0xEA,
  0xB8, 0xEA, 0xB8, 0xEA, 0xB8, 0xEA, 0xB8, 0xEA, 0xB8, 0xEA, 0x6B, 0x6F, 0x6B, 0x6F, 0x08, 0x22, 0xF9, 0x4D, 0x00, 0x00, 0x00, 0x00, 0x00, 0x00,
  0x00, 0x00, 0x00, 0x00, 0x00, 0x00, 0xF9, 0x4D, 0x08, 0x22, 0x63, 0x4F, 0x63, 0x4F, 0xA8, 0xC9, 0xA8, 0xC9, 0xA8, 0xC9, 0xA8, 0xC9, 0xA8, 0xC9,
  0xA8, 0xC9, 0xA8, 0xC9, 0xA8, 0xC9, 0xA8, 0xC9, 0xA8, 0xC9, 0xA8, 0xC9, 0xA8, 0xC9, 0xA8, 0xC9, 0xA8, 0xC9, 0xA8, 0xC9, 0xA8, 0xC9, 0xA8, 0xC9,
  0xA8, 0xC9, 0xA8, 0xC9, 0xA8, 0xC9, 0xA8, 0xC9, 0xA8, 0xC9, 0xA8, 0xC9, 0xA8, 0xC9, 0xA8, 0xC9, 0xA8, 0xC9, 0xA8, 0xC9, 0xA8, 0xC9, 0xA8, 0xC9,
  0xA8, 0xC9, 0xA8, 0xC9, 0xA8, 0xC9, 0xA8, 0xC9, 0xA8, 0xC9, 0x63, 0x4F, 0x63, 0x4F, 0x08, 0x22, 0xF9, 0x4D, 0x00, 0x00, 0x00, 0x00, 0x00, 0x00,
  0x00, 0x00, 0x00, 0x00, 0x00, 0x00, 0xF9, 0x4D, 0x08, 0x22, 0x63, 0x2E, 0x63, 0x2E, 0xC9, 0x0A, 0xC9, 0x0A, 0xC9, 0x0A, 0xC9, 0x0A, 0xC9, 0x0A,
  0xC9, 0x0A, 0xC9, 0x0A, 0xC9, 0x0A, 0xC9, 0x0A, 0xC9, 0x0A, 0xC9, 0x0A, 0xC9, 0x0A, 0xC9, 0x0A, 0xC9, 0x0A, 0xC9, 0x0A, 0xC9, 0x0A, 0xC9, 0x0A,
  0xC9, 0x0A, 0xC9, 0x0A, 0xC9, 0x0A, 0xC9, 0x0A, 0xC9, 0x0A, 0xC9, 0x0A, 0xC9, 0x0A, 0xC9, 0x0A, 0xC9, 0x0A, 0xC9, 0x0A, 0xC9, 0x0A, 0xC9, 0x0A,
  0xC9, 0x0A, 0xC9, 0x0A, 0xC9, 0x0A, 0xC9, 0x0A, 0xC9, 0x0A, 0x63, 0x2E, 0x63, 0x2E, 0x08, 0x22, 0xF9, 0x4D, 0x00, 0x00, 0x00, 0x00, 0x00, 0x00,
  0x00, 0x00, 0x00, 0x00, 0x00, 0x00, 0xF9, 0x4D, 0x08, 0x22, 0x5B, 0x0E, 0x5B, 0x0E, 0xD1, 0x0B, 0xD1, 0x0B, 0xD1, 0x0B, 0xD1, 0x0B, 0xD1, 0x0B,
  0xD1, 0x0B, 0xD1, 0x0B, 0xD1, 0x0B, 0xD1, 0x0B, 0xD1, 0x0B, 0xD1, 0x0B, 0xD1, 0x0B, 0xD1, 0x0B, 0xD1, 0x0B, 0xD1, 0x0B, 0xD1, 0x0B, 0xD1, 0x0B,
  0xD1, 0x0B, 0xD1, 0x0B, 0xD1, 0x0B, 0xD1, 0x0B, 0xD1, 0x0B, 0xD1, 0x0B, 0xD1, 0x0B, 0xD1, 0x0B, 0xD1, 0x0B, 0xD1, 0x0B, 0xD1, 0x0B, 0xD1, 0x0B,
  0xD1, 0x0B, 0xD1, 0x0B, 0xD1, 0x0B, 0xD1, 0x0B, 0xD1, 0x0B, 0x5B, 0x0E, 0x5B, 0x0E, 0x08, 0x22, 0xF9, 0x4D, 0x00, 0x00, 0x00, 0x00, 0x00, 0x00,
  0x00, 0x00, 0x00, 0x00, 0x00, 0x00, 0xF9, 0x4D, 0x08, 0x22, 0x5A, 0xED, 0x5A, 0xED, 0xB8, 0xEA, 0xB8, 0xEA, 0xB8, 0xEA, 0xB8, 0xEA, 0xB8, 0xEA,
  0xB8, 0xEA, 0xB8, 0xEA, 0xB8, 0xEA, 0xB8, 0xEA, 0xB8, 0xEA, 0xB8, 0xEA, 0xB8, 0xEA, 0xB8, 0xEA, 0xB8, 0xEA, 0xB8, 0xEA, 0xB8, 0xEA, 0xB8, 0xEA,
  0xB8, 0xEA, 0xB8, 0xEA, 0xB8, 0xEA, 0xB8, 0xEA, 0xB8, 0xEA, 0xB8, 0xEA, 0xB8, 0xEA, 0xB8, 0xEA, 0xB8, 0xEA, 0xB8, 0xEA, 0xB8, 0xEA, 0xB8, 0xEA,
  0xB8, 0xEA, 0xB8, 0xEA, 0xB8, 0xEA, 0xB8, 0xEA, 0xB8, 0xEA, 0x5A, 0xED, 0x5A, 0xED, 0x08, 0x22, 0xF9, 0x4D, 0x00, 0x00, 0x00, 0x00, 0x00, 0x00,
  0x00, 0x00, 0x00, 0x00, 0x00, 0x00, 0xF9, 0x4D, 0x08, 0x22, 0x52, 0xCD, 0x52, 0xCD, 0xE1, 0x2C, 0xE1, 0x2C, 0xE1, 0x2C, 0xE1, 0x2C, 0xE1, 0x2C,
  0xE1, 0x2C, 0xE1, 0x2C, 0xE1, 0x2C, 0xE1, 0x2C, 0xE1, 0x2C, 0xE1, 0x2C, 0xE1, 0x2C, 0xE1, 0x2C, 0xE1, 0x2C, 0xE1, 0x2C, 0xE1, 0x2C, 0xE1, 0x2C,
  0xE1, 0x2C, 0xE1, 0x2C, 0xE1, 0x2C, 0xE1, 0x2C, 0xE1, 0x2C, 0xE1, 0x2C, 0xE1, 0x2C, 0xE1, 0x2C, 0xE1, 0x2C, 0xE1, 0x2C, 0xE1, 0x2C, 0xE1, 0x2C,
  0xE1, 0x2C, 0xE1, 0x2C, 0xE1, 0x2C, 0xE1, 0x2C, 0xE1, 0x2C, 0x52, 0xCD, 0x52, 0xCD, 0x08, 0x22, 0xF9, 0x4D, 0x00, 0x00, 0x00, 0x00, 0x00, 0x00,
  0x00, 0x00, 0x00, 0x00, 0x00, 0x00, 0xF9, 0x4D, 0x08, 0x22, 0x52, 0xAC, 0x52, 0xAC, 0x52, 0xAC, 0xE9, 0x2C, 0xE9, 0x2C, 0xE9, 0x2C, 0xE9, 0x2C,
  0xE9, 0x2C, 0xE9, 0x2C, 0xE9, 0x2C, 0xE9, 0x2C, 0xE9, 0x2C, 0xE9, 0x2C, 0xE9, 0x2C, 0xE9, 0x2C, 0xE9, 0x2C, 0xE9, 0x2C, 0xE9, 0x2C, 0xE9, 0x2C,
  0xE9, 0x2C, 0xE9, 0x2C, 0xE9, 0x2C, 0xE9, 0x2C, 0xE9, 0x2C, 0xE9, 0x2C, 0xE9, 0x2C, 0xE9, 0x2C, 0xE9, 0x2C, 0xE9, 0x2C, 0xE9, 0x2C, 0xE9, 0x2C,
  0xE9, 0x2C, 0xE9, 0x2C, 0xE9, 0x2C, 0xE9, 0x2C, 0x52, 0xAC, 0x52, 0xAC, 0x52, 0xAC, 0x08, 0x22, 0xF9, 0x4D, 0x00, 0x00, 0x00, 0x00, 0x00, 0x00,
  0x00, 0x00, 0x00, 0x00, 0x00, 0x00, 0xF9, 0x4D, 0x08, 0x22, 0x08, 0x22, 0x4A, 0x8C, 0x42, 0x2A, 0x42, 0x2A, 0xD1, 0x0B, 0xD1, 0x0B, 0xD1, 0x0B,
  0xD1, 0x0B, 0xD1, 0x0B, 0xD1, 0x0B, 0xD1, 0x0B, 0xD1, 0x0B, 0xD1, 0x0B, 0xD1, 0x0B, 0xD1, 0x0B, 0xD1, 0x0B, 0xD1, 0x0B, 0xD1, 0x0B, 0xD1, 0x0B,
  0xD1, 0x0B, 0xD1, 0x0B, 0xD1, 0x0B, 0xD1, 0x0B, 0xD1, 0x0B, 0xD1, 0x0B, 0xD1, 0x0B, 0xD1, 0x0B, 0xD1, 0x0B, 0xD1, 0x0B, 0xD1, 0x0B, 0xD1, 0x0B,
  0xD1, 0x0B, 0xD1, 0x0B, 0xD1, 0x0B, 0x42, 0x2A, 0x42, 0x2A, 0x4A, 0x8C, 0x08, 0x22, 0x08, 0x22, 0xF9, 0x4D, 0x00, 0x00, 0x00, 0x00, 0x00, 0x00,
  0x00, 0x00, 0x00, 0x00, 0x00, 0x00, 0xF9, 0x4D, 0xF9, 0x4D, 0x08, 0x22, 0x4A, 0x6B, 0x4A, 0x6B, 0x4A, 0x6B, 0x4A, 0x6B, 0x4A, 0x6B, 0x4A, 0x6B,
  0x4A, 0x6B, 0x4A, 0x6B, 0x4A, 0x6B, 0x4A, 0x6B, 0x4A, 0x6B, 0x4A, 0x6B, 0x4A, 0x6B, 0x4A, 0x6B, 0x4A, 0x6B, 0x4A, 0x6B, 0x4A, 0x6B, 0x4A, 0x6B,
  0x4A, 0x6B, 0x4A, 0x6B, 0x4A, 0x6B, 0x4A, 0x6B, 0x4A, 0x6B, 0x4A, 0x6B, 0x4A, 0x6B, 0x4A, 0x6B, 0x4A, 0x6B, 0x4A, 0x6B, 0x4A, 0x6B, 0x4A, 0x6B,
  0x4A, 0x6B, 0x4A, 0x6B, 0x4A, 0x6B, 0x4A, 0x6B, 0x4A, 0x6B, 0x4A, 0x6B, 0x08, 0x22, 0xF9, 0x4D, 0xF9, 0x4D, 0x00, 0x00, 0x00, 0x00, 0x00, 0x00,
  0x00, 0x00, 0x00, 0x00, 0x00, 0x00, 0x00, 0x00, 0xF9, 0x4D, 0x08, 0x22, 0x08, 0x22, 0x08, 0x22, 0x42, 0x4B, 0x42, 0x4B, 0x42, 0x4B, 0x42, 0x4B,
  0x42, 0x4B, 0x42, 0x4B, 0x42, 0x4B, 0x42, 0x4B, 0x42, 0x4B, 0x42, 0x4B, 0x42, 0x4B, 0x42, 0x4B, 0x42, 0x4B, 0x42, 0x4B, 0x42, 0x4B, 0x42, 0x4B,
  0x42, 0x4B, 0x42, 0x4B, 0x42, 0x4B, 0x42, 0x4B, 0x42, 0x4B, 0x42, 0x4B, 0x42, 0x4B, 0x42, 0x4B, 0x42, 0x4B, 0x42, 0x4B, 0x42, 0x4B, 0x42, 0x4B,
  0x42, 0x4B, 0x42, 0x4B, 0x42, 0x4B, 0x42, 0x4B, 0x08, 0x22, 0x08, 0x22, 0x08, 0x22, 0xF9, 0x4D, 0x00, 0x00, 0x00, 0x00, 0x00, 0x00, 0x00, 0x00,
  0x00, 0x00, 0x00, 0x00, 0x00, 0x00, 0x00, 0x00, 0x00, 0x00, 0xF9, 0x4D, 0xF9, 0x4D, 0x08, 0x22, 0x08, 0x22, 0x08, 0x22, 0x08, 0x22, 0x08, 0x22,
  0x08, 0x22, 0x08, 0x22, 0x08, 0x22, 0x08, 0x22, 0x08, 0x22, 0x08, 0x22, 0x08, 0x22, 0x08, 0x22, 0x08, 0x22, 0x08, 0x22, 0x08, 0x22, 0x08, 0x22,
  0x08, 0x22, 0x08, 0x22, 0x08, 0x22, 0x08, 0x22, 0x08, 0x22, 0x08, 0x22, 0x08, 0x22, 0x08, 0x22, 0x08, 0x22, 0x08, 0x22, 0x08, 0x22, 0x08, 0x22,
  0x08, 0x22, 0x08, 0x22, 0x08, 0x22, 0x08, 0x22, 0x08, 0x22, 0xF9, 0x4D, 0xF9, 0x4D, 0x00, 0x00, 0x00, 0x00, 0x00, 0x00, 0x00, 0x00, 0x00, 0x00,
  0x00, 0x00, 0x00, 0x00, 0x00, 0x00, 0x00, 0x00, 0x00, 0x00, 0x00, 0x00, 0xF9, 0x4D, 0xF9, 0x4D, 0xF9, 0x4D, 0xF9, 0x4D, 0xF9, 0x4D, 0xF9, 0x4D,
  0xF9, 0x4D, 0xF9, 0x4D, 0xF9, 0x4D, 0xF9, 0x4D, 0xF9, 0x4D, 0xF9, 0x4D, 0xF9, 0x4D, 0xF9, 0x4D, 0xF9, 0x4D, 0xF9, 0x4D, 0xF9, 0x4D, 0xF9, 0x4D,
  0xF9, 0x4D, 0xF9, 0x4D, 0xF9, 0x4D, 0xF9, 0x4D, 0xF9, 0x4D, 0xF9, 0x4D, 0xF9, 0x4D, 0xF9, 0x4D, 0xF9, 0x4D, 0xF9, 0x4D, 0xF9, 0x4D, 0xF9, 0x4D,
  0xF9, 0x4D, 0xF9, 0x4D, 0xF9, 0x4D, 0xF9, 0x4D, 0xF9, 0x4D, 0xF9, 0x4D, 0x00, 0x00, 0x00, 0x00, 0x00, 0x00, 0x00, 0x00, 0x00, 0x00, 0x00, 0x00,
  0x00, 0x00, 0x00, 0x00, 0x00, 0x00, 0x00, 0x00, 0x00, 0x00, 0x00, 0x00, 0x00, 0x00, 0x00, 0x00, 0x00, 0x00, 0x00, 0x00, 0x00, 0x00, 0x00, 0x00,
  0x00, 0x00, 0x00, 0x00, 0x00, 0x00, 0x00, 0x00, 0x00, 0x00, 0x00, 0x00, 0x00, 0x00, 0x00, 0x00, 0x00, 0x00, 0x00, 0x00, 0x00, 0x00, 0x00, 0x00,
  0x00, 0x00, 0x00, 0x00, 0x00, 0x00, 0x00, 0x00, 0x00, 0x00, 0x00, 0x00, 0x00, 0x00, 0x00, 0x00, 0x00, 0x00, 0x00, 0x00, 0x00, 0x00, 0x00, 0x00,
  0x00, 0x00, 0x00, 0x00, 0x00, 0x00, 0x00, 0x00, 0x00, 0x00, 0x00, 0x00, 0x00, 0x00, 0x00, 0x00, 0x00, 0x00, 0x00, 0x00, 0x00, 0x00, 0x00, 0x00,
  0x00, 0x00, 0x00, 0x00, 0x00, 0x00, 0x00, 0x00, 0x00, 0x00, 0x00, 0x00, 0x00, 0x00, 0x00, 0x00, 0x00, 0x00, 0x00, 0x00, 0x00, 0x00, 0x00, 0x00,
  0x00, 0x00, 0x00, 0x00, 0x00, 0x00, 0x00, 0x00, 0x00, 0x00, 0x00, 0x00, 0x00, 0x00, 0x00, 0x00, 0x00, 0x00, 0x00, 0x00, 0x00, 0x00, 0x00, 0x00,
  0x00, 0x00, 0x00, 0x00, 0x00, 0x00, 0x00, 0x00, 0x00, 0x00, 0x00, 0x00, 0x00, 0x00, 0x00, 0x00, 0x00, 0x00, 0x00, 0x00, 0x00, 0x00, 0x00, 0x00,
  0x00, 0x00, 0x00, 0x00, 0x00, 0x00, 0x00, 0x00, 0x00, 0x00, 0x00, 0x00, 0x00, 0x00, 0x00, 0x00, 0x00, 0x00, 0x00, 0x00, 0x00, 0x00, 0x00, 0x00,
  0x00, 0x00, 0x00, 0x00, 0x00, 0x00, 0x00, 0x00, 0x00, 0x00, 0x00, 0x00, 0x00, 0x00, 0x00, 0x00, 0x00, 0x00, 0x00, 0x00, 0x00, 0x00, 0x00, 0x00,
  0x00, 0x00, 0x00, 0x00, 0x00, 0x00, 0x00, 0x00, 0x00, 0x00, 0x00, 0x00, 0x00, 0x00, 0x00, 0x00, 0x00, 0x00, 0x00, 0x00, 0x00, 0x00, 0x00, 0x00,
  0x00, 0x00, 0x00, 0x00, 0x00, 0x00, 0x00, 0x00, 0x00, 0x00, 0x00, 0x00, 0x00, 0x00, 0x00, 0x00, 0x00, 0x00, 0x00, 0x00, 0x00, 0x00, 0x00, 0x00,
  0x00, 0x00, 0x00, 0x00, 0x00, 0x00, 0x00, 0x00, 0x00, 0x00, 0x00, 0x00, 0x00, 0x00, 0x00, 0x00, 0x00, 0x00, 0x00, 0x00, 0x00, 0x00, 0x00, 0x00,
};

/* Cabeza de nota larga yellow: 48x48 (con la cola detrás) */
uint8_t hold_head_yellow[4608] = {
  0x00, 0x00, 0x00, 0x00, 0x00, 0x00, 0x00, 0x00, 0x00, 0x00, 0x00, 0x00, 0x00, 0x00, 0x00, 0x00, 0x00, 0x00, 0x00, 0x00, 0x00, 0x00, 0x00, 0x00,
  0x31, 0x61, 0x31, 0x61, 0x31, 0x61, 0x8C, 0x06, 0x8C, 0x06, 0x8C, 0x06, 0x8C, 0x06, 0xD5, 0xE7, 0xD5, 0xE7, 0xD5, 0xE7, 0xFF, 0x6F, 0xFF, 0x6F,
  0xFF, 0x6F, 0xFF, 0x6F, 0xD5, 0xE7, 0xD5, 0xE7, 0xD5, 0xE7, 0x8C, 0x06, 0x8C, 0x06, 0x8C, 0x06, 0x8C, 0x06, 0x31, 0x61, 0x31, 0x61, 0x31, 0x61,
  0x00, 0x00, 0x00, 0x00, 0x00, 0x00, 0x00, 0x00, 0x00, 0x00, 0x00, 0x00, 0x00, 0x00, 0x00, 0x00, 0x00, 0x00, 0x00, 0x00, 0x00, 0x00, 0x00, 0x00,
  0x00, 0x00, 0x00, 0x00, 0x00, 0x00, 0x00, 0x00, 0x00, 0x00, 0x00, 0x00, 0x00, 0x00, 0x00, 0x00, 0x00, 0x00, 0x00, 0x00, 0x00, 0x00, 0x00, 0x00,
  0x31, 0x61, 0x31, 0x61, 0x31, 0x61, 0x8C, 0x06, 0x8C, 0x06, 0x8C, 0x06, 0x8C, 0x06, 0xD5, 0xE7, 0xD5, 0xE7, 0xD5, 0xE7, 0xFF, 0x6F, 0xFF, 0x6F,
  0xFF, 0x6F, 0xFF, 0x6F, 0xD5, 0xE7, 0xD5, 0xE7, 0xD5, 0xE7, 0x8C, 0x06, 0x8C, 0x06, 0x8C, 0x06, 0x8C, 0x06, 0x31, 0x61, 0x31, 0x61, 0x31, 0x61,
  0x00, 0x00, 0x00, 0x00, 0x00, 0x00, 0x00, 0x00, 0x00, 0x00, 0x00, 0x00, 0x00, 0x00, 0x00, 0x00, 0x00, 0x00, 0x00, 0x00, 0x00, 0x00, 0x00, 0x00,
  0x00, 0x00, 0x00, 0x00, 0x00, 0x00, 0x00, 0x00, 0x00, 0x00, 0x00, 0x00, 0x00, 0x00, 0x00, 0x00, 0x00, 0x00, 0x00, 0x00, 0x00, 0x00, 0x00, 0x00,
  0x31, 0x61, 0x31, 0x61, 0x31, 0x61, 0x83, 0x82, 0x83, 0x82, 0x83, 0x82, 0x83, 0x82, 0xCD, 0xA4, 0xCD, 0xA4, 0xCD, 0xA4, 0xFF, 0x4D, 0xFF, 0x4D,
  0xFF, 0x4D, 0xFF, 0x4D, 0xCD, 0xA4, 0xCD, 0xA4, 0xCD, 0xA4, 0x83, 0x82, 0x83, 0x82, 0x83, 0x82, 0x83, 0x82, 0x31, 0x61, 0x31, 0x61, 0x31, 0x61,
  0x00, 0x00, 0x00, 0x00, 0x00, 0x00, 0x00, 0x00, 0x00, 0x00, 0x00, 0x00, 0x00, 0x00, 0x00, 0x00, 0x00, 0x00, 0x00, 0x00, 0x00, 0x00, 0x00, 0x00,
  0x00, 0x00, 0x00, 0x00, 0x00, 0x00, 0x00, 0x00, 0x00, 0x00, 0x00, 0x00, 0xFF, 0x05, 0xFF, 0x05, 0xFF, 0x05, 0xFF, 0x05, 0xFF, 0x05, 0xFF, 0x05,
  0xFF, 0x05, 0xFF, 0x05, 0xFF, 0x05, 0xFF, 0x05, 0xFF, 0x05, 0xFF, 0x05, 0xFF, 0x05, 0xFF, 0x05, 0xFF, 0x05, 0xFF, 0x05, 0xFF, 0x05, 0xFF, 0x05,
  0xFF, 0x05, 0xFF, 0x05, 0xFF, 0x05, 0xFF, 0x05, 0xFF, 0x05, 0xFF, 0x05, 0xFF, 0x05, 0xFF, 0x05, 0xFF, 0x05, 0xFF, 0x05, 0xFF, 0x05, 0xFF, 0x05,
  0xFF, 0x05, 0xFF, 0x05, 0xFF, 0x05, 0xFF, 0x05, 0xFF, 0x05, 0xFF, 0x05, 0x00, 0x00, 0x00, 0x00, 0x00, 0x00, 0x00, 0x00, 0x00, 0x00, 0x00, 0x00,
  0x00, 0x00, 0x00, 0x00, 0x00, 0x00, 0x00, 0x00, 0x00, 0x00, 0xFF, 0x05, 0xFF, 0x05, 0x08, 0x22, 0x08, 0x22, 0x08, 0x22, 0x08, 0x22, 0x08, 0x22,
  0x08, 0x22, 0x08, 0x22, 0x08, 0x22, 0x08, 0x22, 0x08, 0x22, 0x08, 0x22, 0x08, 0x22, 0x08, 0x22, 0x08, 0x22, 0x08, 0x22, 0x08, 0x22, 0x08, 0x22,
  0x08, 0x22, 0x08, 0x22, 0x08, 0x22, 0x08, 0x22, 0x08, 0x22, 0x08, 0x22, 0x08, 0x22, 0x08, 0x22, 0x08, 0x22, 0x08, 0x22, 0x08, 0x22, 0x08, 0x22,
  0x08, 0x22, 0x08, 0x22, 0x08, 0x22, 0x08, 0x22, 0x08, 0x22, 0xFF, 0x05, 0xFF, 0x05, 0x00, 0x00, 0x00, 0x00, 0x00, 0x00, 0x00, 0x00, 0x00, 0x00,
  0x00, 0x00, 0x00, 0x00, 0x00, 0x00, 0x00, 0x00, 0xFF, 0x05, 0x08, 0x22, 0x08, 0x22, 0x08, 0x22, 0xEF, 0x7E, 0xEF, 0x7E, 0xEF, 0x7E, 0xEF, 0x7E,
  0xEF, 0x7E, 0xEF, 0x7E, 0xEF, 0x7E, 0xEF, 0x7E, 0xEF, 0x7E, 0xEF, 0x7E, 0xEF, 0x7E, 0xEF, 0x7E, 0xEF, 0x7E, 0xEF, 0x7E, 0xEF, 0x7E, 0xEF, 0x7E,
  0xEF, 0x7E, 0xEF, 0x7E, 0xEF, 0x7E, 0xEF, 0x7E, 0xEF, 0x7E, 0xEF, 0x7E, 0xEF, 0x7E, 0xEF, 0x7E, 0xEF, 0x7E, 0xEF, 0x7E, 0xEF, 0x7E, 0xEF, 0x7E,
  0xEF, 0x7E, 0xEF, 0x7E, 0xEF, 0x7E, 0xEF, 0x7E, 0x08, 0x22, 0x08, 0x22, 0x08, 0x22, 0xFF, 0x05, 0x00, 0x00, 0x00, 0x00, 0x00, 0x00, 0x00, 0x00,
  0x00, 0x00, 0x00, 0x00, 0x00, 0x00, 0xFF, 0x05, 0xFF, 0x05, 0x08, 0x22, 0xE7, 0x5E, 0xE7, 0x5E, 0xE7, 0x5E, 0xE7, 0x5E, 0xE7, 0x5E, 0xE7, 0x5E,
  0xE7, 0x5E, 0xE7, 0x5E, 0xE7, 0x5E, 0xE7, 0x5E, 0xE7, 0x5E, 0xE7, 0x5E, 0xE7, 0x5E, 0xE7, 0x5E, 0xE7, 0x5E, 0xE7, 0x5E, 0xE7, 0x5E, 0xE7, 0x5E,
  0xE7, 0x5E, 0xE7, 0x5E, 0xE7, 0x5E, 0xE7, 0x5E, 0xE7, 0x5E, 0xE7, 0x5E, 0xE7, 0x5E, 0xE7, 0x5E, 0xE7, 0x5E, 0xE7, 0x5E, 0xE7, 0x5E, 0xE7, 0x5E,
  0xE7, 0x5E, 0xE7, 0x5E, 0xE7, 0x5E, 0xE7, 0x5E, 0xE7, 0x5E, 0xE7, 0x5E, 0x08, 0x22, 0xFF, 0x05, 0xFF, 0x05, 0x00, 0x00, 0x00, 0x00, 0x00, 0x00,
  0x00, 0x00, 0x00, 0x00, 0x00, 0x00, 0xFF, 0x05, 0x08, 0x22, 0x08, 0x22, 0xE7, 0x3D, 0xC6, 0x39, 0xC6, 0x39, 0xDE, 0x90, 0xDE, 0x90, 0xDE, 0x90,
  0xDE, 0x90, 0xDE, 0x90, 0xDE, 0x90, 0xDE, 0x90, 0xDE, 0x90, 0xDE, 0x90, 0xDE, 0x90, 0xDE, 0x90, 0xDE, 0x90, 0xDE, 0x90, 0xDE, 0x90, 0xDE, 0x90,
  0xDE, 0x90, 0xDE, 0x90, 0xDE, 0x90, 0xDE, 0x90, 0xDE, 0x90, 0xDE, 0x90, 0xDE, 0x90, 0xDE, 0x90, 0xDE, 0x90, 0xDE, 0x90, 0xDE, 0x90, 0xDE, 0x90,
  0xDE, 0x90, 0xDE, 0x90, 0xDE, 0x90, 0xC6, 0x39, 0xC6, 0x39, 0xE7, 0x3D, 0x08, 0x22, 0x08, 0x22, 0xFF, 0x05, 0x00, 0x00, 0x00, 0x00, 0x00, 0x00,
  0x00, 0x00, 0x00, 0x00, 0x00, 0x00, 0xFF, 0x05, 0x08, 0x22, 0xDE, 0xFC, 0xDE, 0xFC, 0xDE, 0xFC, 0xFF, 0x92, 0xFF, 0xB8, 0xFF, 0xB8, 0xFF, 0xB8,
  0xFF, 0xB8, 0xFF, 0xB8, 0xFF, 0xB8, 0xFF, 0xB8, 0xFF, 0xB8, 0xFF, 0xB8, 0xFF, 0xB8, 0xFF, 0xB8, 0xFF, 0xB8, 0xFF, 0xB8, 0xFF, 0xB8, 0xFF, 0xB8,
  0xFF, 0xB8, 0xFF, 0xB8, 0xFF, 0xB8, 0xFF, 0xB8, 0xFF, 0xB8, 0xFF, 0xB8, 0xFF, 0xB8, 0xFF, 0xB8, 0xFF, 0xB8, 0xFF, 0xB8, 0xFF, 0xB8, 0xFF, 0xB8,
  0xFF, 0xB8, 0xFF, 0xB8, 0xFF, 0xB8, 0xFF, 0x92, 0xDE, 0xFC, 0xDE, 0xFC, 0xDE, 0xFC, 0x08, 0x22, 0xFF, 0x05, 0x00, 0x00, 0x00, 0x00, 0x00, 0x00,
  0x00, 0x00, 0x00, 0x00, 0x00, 0x00, 0xFF, 0x05, 0x08, 0x22, 0xD6, 0xDC, 0xD6, 0xDC, 0xFF, 0x91, 0xFF, 0xB7, 0xFF, 0xB7, 0xFF, 0xB7, 0xFF, 0xB7,
  0xFF, 0xB7, 0xFF, 0xB7, 0xFF, 0xB7, 0xFF, 0xB7, 0xFF, 0xB7, 0xFF, 0xB7, 0xFF, 0xB7, 0xFF, 0xB7, 0xFF, 0xB7, 0xFF, 0xB7, 0xFF, 0xB7, 0xFF, 0xB7,
  0xFF, 0xB7, 0xFF, 0xB7, 0xFF, 0xB7, 0xFF, 0xB7, 0xFF, 0xB7, 0xFF, 0xB7, 0xFF, 0xB7, 0xFF, 0xB7, 0xFF, 0xB7, 0xFF, 0xB7, 0xFF, 0xB7, 0xFF, 0xB7,
  0xFF, 0xB7, 0xFF, 0xB7, 0xFF, 0xB7, 0xFF, 0xB7, 0xFF, 0x91, 0xD6, 0xDC, 0xD6, 0xDC, 0x08, 0x22, 0xFF, 0x05, 0x00, 0x00, 0x00, 0x00, 0x00, 0x00,
  0x00, 0x00, 0x00, 0x00, 0x00, 0x00, 0xFF, 0x05, 0x08, 0x22, 0xD6, 0xBB, 0xD6, 0xBB, 0xDE, 0x6E, 0xEE, 0xF5, 0xEE, 0xF5, 0xEE, 0xF5, 0xEE, 0xF5,
  0xEE, 0xF5, 0xEE, 0xF5, 0xEE, 0xF5, 0xEE, 0xF5, 0xEE, 0xF5, 0xEE, 0xF5, 0xEE, 0xF5, 0xEE, 0xF5, 0xEE, 0xF5, 0xEE, 0xF5, 0xEE, 0xF5, 0xEE, 0xF5,
  0xEE, 0xF5, 0xEE, 0xF5, 0xEE, 0xF5, 0xEE, 0xF5, 0xEE, 0xF5, 0xEE, 0xF5, 0xEE, 0xF5, 0xEE, 0xF5, 0xEE, 0xF5, 0xEE, 0xF5, 0xEE, 0xF5, 0xEE, 0xF5,
  0xEE, 0xF5, 0xEE, 0xF5, 0xEE, 0xF5, 0xEE, 0xF5, 0xDE, 0x6E, 0xD6, 0xBB, 0xD6, 0xBB, 0x08, 0x22, 0xFF, 0x05, 0x00, 0x00, 0x00, 0x00, 0x00, 0x00,
  0x00, 0x00, 0x00, 0x00, 0x00, 0x00, 0xFF, 0x05, 0x08, 0x22, 0xCE, 0x9B, 0xCE, 0x9B, 0xFF, 0x70, 0xFF, 0x95, 0xFF, 0x95, 0xFF, 0x95, 0xFF, 0x95,
  0xFF, 0x95, 0xFF, 0x95, 0xFF, 0x95, 0xFF, 0x95, 0xFF, 0x95, 0xFF, 0x95, 0xFF, 0x95, 0xFF, 0x95, 0xFF, 0x95, 0xFF, 0x95, 0xFF, 0x95, 0xFF, 0x95,
  0xFF, 0x95, 0xFF, 0x95, 0xFF, 0x95, 0xFF, 0x95, 0xFF, 0x95, 0xFF, 0x95, 0xFF, 0x95, 0xFF, 0x95, 0xFF, 0x95, 0xFF, 0x95, 0xFF, 0x95, 0xFF, 0x95,
  0xFF, 0x95, 0xFF, 0x95, 0xFF, 0x95, 0xFF, 0x95, 0xFF, 0x70, 0xCE, 0x9B, 0xCE, 0x9B, 0x08, 0x22, 0xFF, 0x05, 0x00, 0x00, 0x00, 0x00, 0x00, 0x00,
  0x00, 0x00, 0x00, 0x00, 0x00, 0x00, 0xFF, 0x05, 0x08, 0x22, 0xC6, 0x5A, 0xC6, 0x5A, 0xFF, 0x6F, 0xFF, 0x94, 0xFF, 0x94, 0xFF, 0x94, 0xFF, 0x94,
  0xFF, 0x94, 0xFF, 0x94, 0xFF, 0x94, 0xFF, 0x94, 0xFF, 0x94, 0xFF, 0x94, 0xFF, 0x94, 0xFF, 0x94, 0xFF, 0x94, 0xFF, 0x94, 0xFF, 0x94, 0xFF, 0x94,
  0xFF, 0x94, 0xFF, 0x94, 0xFF, 0x94, 0xFF, 0x94, 0xFF, 0x94, 0xFF, 0x94, 0xFF, 0x94, 0xFF, 0x94, 0xFF, 0x94, 0xFF, 0x94, 0xFF, 0x94, 0xFF, 0x94,
  0xFF, 0x94, 0xFF, 0x94, 0xFF, 0x94, 0xFF, 0x94, 0xFF, 0x6F, 0xC6, 0x5A, 0xC6, 0x5A, 0x08, 0x22, 0xFF, 0x05, 0x00, 0x00, 0x00, 0x00, 0x00, 0x00,
  0x00, 0x00, 0x00, 0x00, 0x00, 0x00, 0xFF, 0x05, 0x08, 0x22, 0xC6, 0x3A, 0xC6, 0x3A, 0xDE, 0x4C, 0xE6, 0xD1, 0xE6, 0xD1, 0xE6, 0xD1, 0xE6, 0xD1,
  0xE6, 0xD1, 0xE6, 0xD1, 0xE6, 0xD1, 0xE6, 0xD1, 0xE6, 0xD1, 0xE6, 0xD1, 0xE6, 0xD1, 0xE6, 0xD1, 0xE6, 0xD1, 0xE6, 0xD1, 0xE6, 0xD1, 0xE6, 0xD1,
  0xE6, 0xD1, 0xE6, 0xD1, 0xE6, 0xD1, 0xE6, 0xD1, 0xE6, 0xD1, 0xE6, 0xD1, 0xE6, 0xD1, 0xE6, 0xD1, 0xE6, 0xD1, 0xE6, 0xD1, 0xE6, 0xD1, 0xE6, 0xD1,
  0xE6, 0xD1, 0xE6, 0xD1, 0xE6, 0xD1, 0xE6, 0xD1, 0xDE, 0x4C, 0xC6, 0x3A, 0xC6, 0x3A, 0x08, 0x22, 0xFF, 0x05, 0x00, 0x00, 0x00, 0x00, 0x00, 0x00,
  0x00, 0x00, 0x00, 0x00, 0x00, 0x00, 0xFF, 0x05, 0x08, 0x22, 0xBE, 0x19, 0xBE, 0x19, 0xFF, 0x4D, 0xFF, 0x71, 0xFF, 0x71, 0xFF, 0x71, 0xFF, 0x71,
  0xFF, 0x71, 0xFF, 0x71, 0xFF, 0x71, 0x08, 0x22, 0x08, 0x22, 0x08, 0x22, 0x08, 0x22, 0x08, 0x22, 0x08, 0x22, 0x08, 0x22, 0x08, 0x22, 0x08, 0x22,
  0x08, 0x22, 0x08, 0x22, 0x08, 0x22, 0x08, 0x22, 0x08, 0x22, 0x08, 0x22, 0x08, 0x22, 0x08, 0x22, 0x08, 0x22, 0xFF, 0x71, 0xFF, 0x71, 0xFF, 0x71,
  0xFF, 0x71, 0xFF, 0x71, 0xFF, 0x71, 0xFF, 0x71, 0xFF, 0x4D, 0xBE, 0x19, 0xBE, 0x19, 0x08, 0x22, 0xFF, 0x05, 0x00, 0x00, 0x00, 0x00, 0x00, 0x00,
  0x00, 0x00, 0x00, 0x00, 0x00, 0x00, 0xFF, 0x05, 0x08, 0x22, 0xBD, 0xF9, 0xBD, 0xF9, 0xFF, 0x4C, 0xFF, 0x70, 0xFF, 0x70, 0xFF, 0x70, 0xFF, 0x70,
  0xFF, 0x70, 0xFF, 0x70, 0x08, 0x22, 0x08, 0x22, 0xFF, 0xFF, 0xFF, 0xFF, 0xFF, 0xFF, 0xFF, 0xFF, 0xFF, 0xFF, 0xFF, 0xFF, 0xFF, 0xFF, 0xFF, 0xFF,
  0xFF, 0xFF, 0xFF, 0xFF, 0xFF, 0xFF, 0xFF, 0xFF, 0xFF, 0xFF, 0xFF, 0xFF, 0xFF, 0xFF, 0xFF, 0xFF, 0x08, 0x22, 0x08, 0x22, 0xFF, 0x70, 0xFF, 0x70,
  0xFF, 0x70, 0xFF, 0x70, 0xFF, 0x70, 0xFF, 0x70, 0xFF, 0x4C, 0xBD, 0xF9, 0xBD, 0xF9, 0x08, 0x22, 0xFF, 0x05, 0x00, 0x00, 0x00, 0x00, 0x00, 0x00,
  0x00, 0x00, 0x00, 0x00, 0x00, 0x00, 0xFF, 0x05, 0x08, 0x22, 0xB5, 0xB8, 0xB5, 0xB8, 0xDE, 0x49, 0xE6, 0x8D, 0xE6, 0x8D, 0xE6, 0x8D, 0xE6, 0x8D,
  0xE6, 0x8D, 0xE6, 0x8D, 0x08, 0x22, 0xF7, 0xDF, 0xF7, 0xDF, 0xF7, 0xDF, 0xF7, 0xDF, 0xF7, 0xDF, 0xF7, 0xDF, 0xF7, 0xDF, 0xF7, 0xDF, 0xF7, 0xDF,
  0xF7, 0xDF, 0xF7, 0xDF, 0xF7, 0xDF, 0xF7, 0xDF, 0xF7, 0xDF, 0xF7, 0xDF, 0xF7, 0xDF, 0xF7, 0xDF, 0xF7, 0xDF, 0x08, 0x22, 0xE6, 0x8D, 0xE6, 0x8D,
  0xE6, 0x8D, 0xE6, 0x8D, 0xE6, 0x8D, 0xE6, 0x8D, 0xDE, 0x49, 0xB5, 0xB8, 0xB5, 0xB8, 0x08, 0x22, 0xFF, 0x05, 0x00, 0x00, 0x00, 0x00, 0x00, 0x00,
  0x00, 0x00, 0x00, 0x00, 0x00, 0x00, 0xFF, 0x05, 0x08, 0x22, 0xAD, 0x97, 0xAD, 0x97, 0xFF, 0x2A, 0xFF, 0x4D, 0xFF, 0x4D, 0xFF, 0x4D, 0xFF, 0x4D,
  0xFF, 0x4D, 0xFF, 0x4D, 0x08, 0x22, 0xE7, 0x9F, 0xE7, 0x9F, 0xE7, 0x9F, 0xE7, 0x9F, 0xE7, 0x9F, 0xE7, 0x9F, 0xE7, 0x9F, 0xE7, 0x9F, 0xE7, 0x9F,
  0xE7, 0x9F, 0xE7, 0x9F, 0xE7, 0x9F, 0xE7, 0x9F, 0xE7, 0x9F, 0xE7, 0x9F, 0xE7, 0x9F, 0xE7, 0x9F, 0xE7, 0x9F, 0x08, 0x22, 0xFF, 0x4D, 0xFF, 0x4D,
  0xFF, 0x4D, 0xFF, 0x4D, 0xFF, 0x4D, 0xFF, 0x4D, 0xFF, 0x2A, 0xAD, 0x97, 0xAD, 0x97, 0x08, 0x22, 0xFF, 0x05, 0x00, 0x00, 0x00, 0x00, 0x00, 0x00,
  0x00, 0x00, 0x00, 0x00, 0x00, 0x00, 0xFF, 0x05, 0x08, 0x22, 0xAD, 0x77, 0xAD, 0x77, 0xFF, 0x29, 0xFF, 0x4B, 0xFF, 0x4B, 0xFF, 0x4B, 0xFF, 0x4B,
  0xFF, 0x4B, 0xFF, 0x4B, 0x08, 0x22, 0xDF, 0x5F, 0xDF, 0x5F, 0xDF, 0x5F, 0xDF, 0x5F, 0xDF, 0x5F, 0xDF, 0x5F, 0xDF, 0x5F, 0xDD, 0xE4, 0xDD, 0xE4,
  0xDD, 0xE4, 0xDD, 0xE4, 0xDF, 0x5F, 0xDF, 0x5F, 0xDF, 0x5F, 0xDF, 0x5F, 0xDF, 0x5F, 0xDF, 0x5F, 0xDF, 0x5F, 0x08, 0x22, 0xFF, 0x4B, 0xFF, 0x4B,
  0xFF, 0x4B, 0xFF, 0x4B, 0xFF, 0x4B, 0xFF, 0x4B, 0xFF, 0x29, 0xAD, 0x77, 0xAD, 0x77, 0x08, 0x22, 0xFF, 0x05, 0x00, 0x00, 0x00, 0x00, 0x00, 0x00,
  0x00, 0x00, 0x00, 0x00, 0x00, 0x00, 0xFF, 0x05, 0x08, 0x22, 0xA5, 0x56, 0xA5, 0x56, 0xDE, 0x27, 0xDE, 0x27, 0xDE, 0x28, 0xDE, 0x28, 0xDE, 0x28,
  0xDE, 0x28, 0xDE, 0x28, 0x08, 0x22, 0xCF, 0x1F, 0xCF, 0x1F, 0xCF, 0x1F, 0xCF, 0x1F, 0xCF, 0x1F, 0xCF, 0x1F, 0xDD, 0xE4, 0xDD, 0xE4, 0xFF, 0xB7,
  0xFF, 0xB7, 0xDD, 0xE4, 0xDD, 0xE4, 0xCF, 0x1F, 0xCF, 0x1F, 0xCF, 0x1F, 0xCF, 0x1F, 0xCF, 0x1F, 0xCF, 0x1F, 0x08, 0x22, 0xDE, 0x28, 0xDE, 0x28,
  0xDE, 0x28, 0xDE, 0x28, 0xDE, 0x28, 0xDE, 0x27, 0xDE, 0x27, 0xA5, 0x56, 0xA5, 0x56, 0x08, 0x22, 0xFF, 0x05, 0x00, 0x00, 0x00, 0x00, 0x00, 0x00,
  0x00, 0x00, 0x00, 0x00, 0x00, 0x00, 0xFF, 0x05, 0x08, 0x22, 0x9D, 0x16, 0x9D, 0x16, 0xFF, 0x27, 0xFF, 0x27, 0xFF, 0x27, 0xFF, 0x27, 0xFF, 0x27,
  0xFF, 0x27, 0xFF, 0x27, 0x08, 0x22, 0xBE, 0xFF, 0xBE, 0xFF, 0xBE, 0xFF, 0xBE, 0xFF, 0xBE, 0xFF, 0xBE, 0xFF, 0xDD, 0xE4, 0xFF, 0xB7, 0xFF, 0xB7,
  0xFF, 0xB7, 0xFF, 0xB7, 0xDD, 0xE4, 0xBE, 0xFF, 0xBE, 0xFF, 0xBE, 0xFF, 0xBE, 0xFF, 0xBE, 0xFF, 0xBE, 0xFF, 0x08, 0x22, 0xFF, 0x27, 0xFF, 0x27,
  0xFF, 0x27, 0xFF, 0x27, 0xFF, 0x27, 0xFF, 0x27, 0xFF, 0x27, 0x9D, 0x16, 0x9D, 0x16, 0x08, 0x22, 0xFF, 0x05, 0x00, 0x00, 0x00, 0x00, 0x00, 0x00,
  0x00, 0x00, 0x00, 0x00, 0x00, 0x00, 0xFF, 0x05, 0x08, 0x22, 0x9C, 0xF5, 0x9C, 0xF5, 0xFF, 0x07, 0xFF, 0x07, 0xFF, 0x07, 0xFF, 0x07, 0xFF, 0x07,
  0xFF, 0x07, 0xFF, 0x07, 0x08, 0x22, 0xB6, 0xBF, 0xB6, 0xBF, 0xB6, 0xBF, 0xB6, 0xBF, 0xB6, 0xBF, 0xB6, 0xBF, 0xDD, 0xE4, 0xDD, 0xE4, 0xFF, 0xB7,
  0xFF, 0xB7, 0xDD, 0xE4, 0xDD, 0xE4, 0xB6, 0xBF, 0xB6, 0xBF, 0xB6, 0xBF, 0xB6, 0xBF, 0xB6, 0xBF, 0xB6, 0xBF, 0x08, 0x22, 0xFF, 0x07, 0xFF, 0x07,
  0xFF, 0x07, 0xFF, 0x07, 0xFF, 0x07, 0xFF, 0x07, 0xFF, 0x07, 0x9C, 0xF5, 0x9C, 0xF5, 0x08, 0x22, 0xFF, 0x05, 0x00, 0x00, 0x00, 0x00, 0x00, 0x00,
  0x00, 0x00, 0x00, 0x00, 0x00, 0x00, 0xFF, 0x05, 0x08, 0x22, 0x94, 0xD5, 0x94, 0xD5, 0xDE, 0x05, 0xDE, 0x05, 0xDE, 0x05, 0xDE, 0x05, 0xDE, 0x05,
  0xDE, 0x05, 0xDE, 0x05, 0x08, 0x22, 0xA6, 0x7F, 0xA6, 0x7F, 0xA6, 0x7F, 0xA6, 0x7F, 0xA6, 0x7F, 0xA6, 0x7F, 0xDD, 0xE4, 0xDD, 0xE4, 0xDD, 0xE4,
  0xDD, 0xE4, 0xDD, 0xE4, 0xDD, 0xE4, 0xA6, 0x7F, 0xA6, 0x7F, 0xA6, 0x7F, 0xA6, 0x7F, 0xA6, 0x7F, 0xA6, 0x7F, 0x08, 0x22, 0xDE, 0x05, 0xDE, 0x05,
  0xDE, 0x05, 0xDE, 0x05, 0xDE, 0x05, 0xDE, 0x05, 0xDE, 0x05, 0x94, 0xD5, 0x94, 0xD5, 0x08, 0x22, 0xFF, 0x05, 0x00, 0x00, 0x00, 0x00, 0x00, 0x00,
  0x00, 0x00, 0x00, 0x00, 0x00, 0x00, 0xFF, 0x05, 0x08, 0x22, 0x94, 0xB4, 0x94, 0xB4, 0xFF, 0x05, 0xFF, 0x05, 0xFF, 0x05, 0xFF, 0x05, 0xFF, 0x05,
  0xFF, 0x05, 0xFF, 0x05, 0x08, 0x22, 0x96, 0x3F, 0x96, 0x3F, 0x96, 0x3F, 0x96, 0x3F, 0x96, 0x3F, 0x96, 0x3F, 0xDD, 0xE4, 0xDD, 0xE4, 0xDD, 0xE4,
  0xDD, 0xE4, 0xDD, 0xE4, 0xDD, 0xE4, 0x96, 0x3F, 0x96, 0x3F, 0x96, 0x3F, 0x96, 0x3F, 0x96, 0x3F, 0x96, 0x3F, 0x08, 0x22, 0xFF, 0x05, 0xFF, 0x05,
  0xFF, 0x05, 0xFF, 0x05, 0xFF, 0x05, 0xFF, 0x05, 0xFF, 0x05, 0x94, 0xB4, 0x94, 0xB4, 0x08, 0x22, 0xFF, 0x05, 0x00, 0x00, 0x00, 0x00, 0x00, 0x00,
  0x00, 0x00, 0x00, 0x00, 0x00, 0x00, 0xFF, 0x05, 0x08, 0x22, 0x8C, 0x94, 0x8C, 0x94, 0x73, 0x42, 0x73, 0x42, 0x73, 0x42, 0x73, 0x42, 0x73, 0x42,
  0x73, 0x42, 0x73, 0x42, 0x08, 0x22, 0xFC, 0x1A, 0xFC, 0x1A, 0xFC, 0x1A, 0xFC, 0x1A, 0xFC, 0x1A, 0xFC, 0x1A, 0xDD, 0xE4, 0xDD, 0xE4, 0xDD, 0xE4,
  0xDD, 0xE4, 0xDD, 0xE4, 0xDD, 0xE4, 0xFC, 0x1A, 0xFC, 0x1A, 0xFC, 0x1A, 0xFC, 0x1A, 0xFC, 0x1A, 0xFC, 0x1A, 0x08, 0x22, 0x73, 0x42, 0x73, 0x42,
  0x73, 0x42, 0x73, 0x42, 0x73, 0x42, 0x73, 0x42, 0x73, 0x42, 0x8C, 0x94, 0x8C, 0x94, 0x08, 0x22, 0xFF, 0x05, 0x00, 0x00, 0x00, 0x00, 0x00, 0x00,
  0x00, 0x00, 0x00, 0x00, 0x00, 0x00, 0xFF, 0x05, 0x08, 0x22, 0x8C, 0x73, 0x8C, 0x73, 0x6A, 0xE2, 0x6A, 0xE2, 0x6A, 0xE2, 0x6A, 0xE2, 0x6A, 0xE2,
  0x6A, 0xE2, 0x6A, 0xE2, 0x08, 0x22, 0xFC, 0x7A, 0xFC, 0x7A, 0xFC, 0x7A, 0xFC, 0x7A, 0xFC, 0x7A, 0xFC, 0x7A, 0xDD, 0xE4, 0xDD, 0xE4, 0xDD, 0xE4,
  0xDD, 0xE4, 0xDD, 0xE4, 0xDD, 0xE4, 0xFC, 0x7A, 0xFC, 0x7A, 0xFC, 0x7A, 0xFC, 0x7A, 0xFC, 0x7A, 0xFC, 0x7A, 0x08, 0x22, 0x6A, 0xE2, 0x6A, 0xE2,
  0x6A, 0xE2, 0x6A, 0xE2, 0x6A, 0xE2, 0x6A, 0xE2, 0x6A, 0xE2, 0x8C, 0x73, 0x8C, 0x73, 0x08, 0x22, 0xFF, 0x05, 0x00, 0x00, 0x00, 0x00, 0x00, 0x00,
  0x00, 0x00, 0x00, 0x00, 0x00, 0x00, 0xFF, 0x05, 0x08, 0x22, 0x84, 0x53, 0x84, 0x53, 0x83, 0xA2, 0x83, 0xA2, 0x83, 0xA2, 0x83, 0xA2, 0x83, 0xA2,
  0x83, 0xA2, 0x83, 0xA2, 0x08, 0x22, 0xFC, 0xDB, 0xFC, 0xDB, 0xFC, 0xDB, 0xFC, 0xDB, 0xFC, 0xDB, 0xFC, 0xDB, 0xDD, 0xE4, 0xDD, 0xE4, 0xDD, 0xE4,
  0xDD, 0xE4, 0xDD, 0xE4, 0xDD, 0xE4, 0xFC, 0xDB, 0xFC, 0xDB, 0xFC, 0xDB, 0xFC, 0xDB, 0xFC, 0xDB, 0xFC, 0xDB, 0x08, 0x22, 0x83, 0xA2, 0x83, 0xA2,
  0x83, 0xA2, 0x83, 0xA2, 0x83, 0xA2, 0x83, 0xA2, 0x83, 0xA2, 0x84, 0x53, 0x84, 0x53, 0x08, 0x22, 0xFF, 0x05, 0x00, 0x00, 0x00, 0x00, 0x00, 0x00,
  0x00, 0x00, 0x00, 0x00, 0x00, 0x00, 0xFF, 0x05, 0x08, 0x22, 0x84, 0x32, 0x84, 0x32, 0x8B, 0xE2, 0x8B, 0xE2, 0x8B, 0xE2, 0x8B, 0xE2, 0x8B, 0xE2,
  0x8B, 0xE2, 0x8B, 0xE2, 0x08, 0x22, 0xFD, 0x3B, 0xFD, 0x3B, 0xFD, 0x3B, 0xFD, 0x3B, 0xFD, 0x3B, 0xFD, 0x3B, 0xDD, 0xE4, 0xDD, 0xE4, 0xDD, 0xE4,
  0xDD, 0xE4, 0xDD, 0xE4, 0xDD, 0xE4, 0xFD, 0x3B, 0xFD, 0x3B, 0xFD, 0x3B, 0xFD, 0x3B, 0xFD, 0x3B, 0xFD, 0x3B, 0x08, 0x22, 0x8B, 0xE2, 0x8B, 0xE2,
  0x8B, 0xE2, 0x8B, 0xE2, 0x8B, 0xE2, 0x8B, 0xE2, 0x8B, 0xE2, 0x84, 0x32, 0x84, 0x32, 0x08, 0x22, 0xFF, 0x05, 0x00, 0x00, 0x00, 0x00, 0x00, 0x00,
  0x00, 0x00, 0x00, 0x00, 0x00, 0x00, 0xFF, 0x05, 0x08, 0x22, 0x7C, 0x12, 0x7C, 0x12, 0x83, 0x82, 0x83, 0x82, 0x83, 0x82, 0x83, 0x82, 0x83, 0x82,
  0x83, 0x82, 0x83, 0x82, 0x08, 0x22, 0xFD, 0x9C, 0xFD, 0x9C, 0xFD, 0x9C, 0xFD, 0x9C, 0xFD, 0x9C, 0xFD, 0x9C, 0xDD, 0xE4, 0xDD, 0xE4, 0xDD, 0xE4,
  0xDD, 0xE4, 0xDD, 0xE4, 0xDD, 0xE4, 0xFD, 0x9C, 0xFD, 0x9C, 0xFD, 0x9C, 0xFD, 0x9C, 0xFD, 0x9C, 0xFD, 0x9C, 0x08, 0x22, 0x83, 0x82, 0x83, 0x82,
  0x83, 0x82, 0x83, 0x82, 0x83, 0x82, 0x83, 0x82, 0x83, 0x82, 0x7C, 0x12, 0x7C, 0x12, 0x08, 0x22, 0xFF, 0x05, 0x00, 0x00, 0x00, 0x00, 0x00, 0x00,
  0x00, 0x00, 0x00, 0x00, 0x00, 0x00, 0xFF, 0x05, 0x08, 0x22, 0x7B, 0xF1, 0x7B, 0xF1, 0x9C, 0x43, 0x9C, 0x43, 0x9C, 0x43, 0x9C, 0x43, 0x9C, 0x43,
  0x9C, 0x43, 0x9C, 0x43, 0x08, 0x22, 0xFD, 0xFD, 0xFD, 0xFD, 0xFD, 0xFD, 0xFD, 0xFD, 0xFD, 0xFD, 0xFD, 0xFD, 0xFD, 0xFD, 0xDD, 0xE4, 0xDD, 0xE4,
  0xDD, 0xE4, 0xDD, 0xE4, 0xFD, 0xFD, 0xFD, 0xFD, 0xFD, 0xFD, 0xFD, 0xFD, 0xFD, 0xFD, 0xFD, 0xFD, 0xFD, 0xFD, 0x08, 0x22, 0x9C, 0x43, 0x9C, 0x43,
  0x9C, 0x43, 0x9C, 0x43, 0x9C, 0x43, 0x9C, 0x43, 0x9C, 0x43, 0x7B, 0xF1, 0x7B, 0xF1, 0x08, 0x22, 0xFF, 0x05, 0x00, 0x00, 0x00, 0x00, 0x00, 0x00,
  0x00, 0x00, 0x00, 0x00, 0x00, 0x00, 0xFF, 0x05, 0x08, 0x22, 0x73, 0xD1, 0x73, 0xD1, 0xA4, 0x83, 0xA4, 0x83, 0xA4, 0x83, 0xA4, 0x83, 0xA4, 0x83,
  0xA4, 0x83, 0xA4, 0x83, 0x08, 0x22, 0xFE, 0x5D, 0xFE, 0x5D, 0xFE, 0x5D, 0xFE, 0x5D, 0xFE, 0x5D, 0xFE, 0x5D, 0xFE, 0x5D, 0xFE, 0x5D, 0xFE, 0x5D,
  0xFE, 0x5D, 0xFE, 0x5D, 0xFE, 0x5D, 0xFE, 0x5D, 0xFE, 0x5D, 0xFE, 0x5D, 0xFE, 0x5D, 0xFE, 0x5D, 0xFE, 0x5D, 0x08, 0x22, 0xA4, 0x83, 0xA4, 0x83,
  0xA4, 0x83, 0xA4, 0x83, 0xA4, 0x83, 0xA4, 0x83, 0xA4, 0x83, 0x73, 0xD1, 0x73, 0xD1, 0x08, 0x22, 0xFF, 0x05, 0x00, 0x00, 0x00, 0x00, 0x00, 0x00,
  0x00, 0x00, 0x00, 0x00, 0x00, 0x00, 0xFF, 0x05, 0x08, 0x22, 0x73, 0xB0, 0x73, 0xB0, 0x94, 0x02, 0x94, 0x02, 0x94, 0x02, 0x94, 0x02, 0x94, 0x02,
  0x94, 0x02, 0x94, 0x02, 0x08, 0x22, 0xFE, 0xBE, 0xFE, 0xBE, 0xFE, 0xBE, 0xFE, 0xBE, 0xFE, 0xBE, 0xFE, 0xBE, 0xFE, 0xBE, 0xFE, 0xBE, 0xFE, 0xBE,
  0xFE, 0xBE, 0xFE, 0xBE, 0xFE, 0xBE, 0xFE, 0xBE, 0xFE, 0xBE, 0xFE, 0xBE, 0xFE, 0xBE, 0xFE, 0xBE, 0xFE, 0xBE, 0x08, 0x22, 0x94, 0x02, 0x94, 0x02,
  0x94, 0x02, 0x94, 0x02, 0x94, 0x02, 0x94, 0x02, 0x94, 0x02, 0x73, 0xB0, 0x73, 0xB0, 0x08, 0x22, 0xFF, 0x05, 0x00, 0x00, 0x00, 0x00, 0x00, 0x00,
  0x00, 0x00, 0x00, 0x00, 0x00, 0x00, 0xFF, 0x05, 0x08, 0x22, 0x6B, 0x90, 0x6B, 0x90, 0xB4, 0xE3, 0xB4, 0xE3, 0xB4, 0xE3, 0xB4, 0xE3, 0xB4, 0xE3,
  0xB4, 0xE3, 0xB4, 0xE3, 0x08, 0x22, 0x08, 0x22, 0xFF, 0x1E, 0xFF, 0x1E, 0xFF, 0x1E, 0xFF, 0x1E, 0xFF, 0x1E, 0xFF, 0x1E, 0xFF, 0x1E, 0xFF, 0x1E,
  0xFF, 0x1E, 0xFF, 0x1E, 0xFF, 0x1E, 0xFF, 0x1E, 0xFF, 0x1E, 0xFF, 0x1E, 0xFF, 0x1E, 0xFF, 0x1E, 0x08, 0x22, 0x08, 0x22, 0xB4, 0xE3, 0xB4, 0xE3,
  0xB4, 0xE3, 0xB4, 0xE3, 0xB4, 0xE3, 0xB4, 0xE3, 0xB4, 0xE3, 0x6B, 0x90, 0x6B, 0x90, 0x08, 0x22, 0xFF, 0x05, 0x00, 0x00, 0x00, 0x00, 0x00, 0x00,
  0x00, 0x00, 0x00, 0x00, 0x00, 0x00, 0xFF, 0x05, 0x08, 0x22, 0x6B, 0x6F, 0x6B, 0x6F, 0xBD, 0x23, 0xBD, 0x23, 0xBD, 0x23, 0xBD, 0x23, 0xBD, 0x23,
  0xBD, 0x23, 0xBD, 0x23, 0xBD, 0x23, 0x08, 0x22, 0x08, 0x22, 0x08, 0x22, 0x08, 0x22, 0x08, 0x22, 0x08, 0x22, 0x08, 0x22, 0x08, 0x22, 0x08, 0x22,
  0x08, 0x22, 0x08, 0x22, 0x08, 0x22, 0x08, 0x22, 0x08, 0x22, 0x08, 0x22, 0x08, 0x22, 0x08, 0x22, 0x08, 0x22, 0xBD, 0x23, 0xBD, 0x23, 0xBD, 0x23,
  0xBD, 0x23, 0xBD, 0x23, 0xBD, 0x23, 0xBD, 0x23, 0xBD, 0x23, 0x6B, 0x6F, 0x6B, 0x6F, 0x08, 0x22, 0xFF, 0x05, 0x00, 0x00, 0x00, 0x00, 0x00, 0x00,
  0x00, 0x00, 0x00, 0x00, 0x00, 0x00, 0xFF, 0x05, 0x08, 0x22, 0x63, 0x4F, 0x63, 0x4F, 0xAC, 0xA3, 0xAC, 0xA3, 0xAC, 0xA3, 0xAC, 0xA3, 0xAC, 0xA3,
  0xAC, 0xA3, 0xAC, 0xA3, 0xAC, 0xA3, 0xAC, 0xA3, 0xAC, 0xA3, 0xAC, 0xA3, 0xAC, 0xA3, 0xAC, 0xA3, 0xAC, 0xA3, 0xAC, 0xA3, 0xAC, 0xA3, 0xAC, 0xA3,
  0xAC, 0xA3, 0xAC, 0xA3, 0xAC, 0xA3, 0xAC, 0xA3, 0xAC, 0xA3, 0xAC, 0xA3, 0xAC, 0xA3, 0xAC, 0xA3, 0xAC, 0xA3, 0xAC, 0xA3, 0xAC, 0xA3, 0xAC, 0xA3,
  0xAC, 0xA3, 0xAC, 0xA3, 0xAC, 0xA3, 0xAC, 0xA3, 0xAC, 0xA3, 0x63, 0x4F, 0x63, 0x4F, 0x08, 0x22, 0xFF, 0x05, 0x00, 0x00, 0x00, 0x00, 0x00, 0x00,
  0x00, 0x00, 0x00, 0x00, 0x00, 0x00, 0xFF, 0x05, 0x08, 0x22, 0x63, 0x2E, 0x63, 0x2E, 0xCD, 0xA4, 0xCD, 0xA4, 0xCD, 0xA4, 0xCD, 0xA4, 0xCD, 0xA4,
  0xCD, 0xA4, 0xCD, 0xA4, 0xCD, 0xA4, 0xCD, 0xA4, 0xCD, 0xA4, 0xCD, 0xA4, 0xCD, 0xA4, 0xCD, 0xA4, 0xCD, 0xA4, 0xCD, 0xA4, 0xCD, 0xA4, 0xCD, 0xA4,
  0xCD, 0xA4, 0xCD, 0xA4, 0xCD, 0xA4, 0xCD, 0xA4, 0xCD, 0xA4, 0xCD, 0xA4, 0xCD, 0xA4, 0xCD, 0xA4, 0xCD, 0xA4, 0xCD, 0xA4, 0xCD, 0xA4, 0xCD, 0xA4,
  0xCD, 0xA4, 0xCD, 0xA4, 0xCD, 0xA4, 0xCD, 0xA4, 0xCD, 0xA4, 0x63, 0x2E, 0x63, 0x2E, 0x08, 0x22, 0xFF, 0x05, 0x00, 0x00, 0x00, 0x00, 0x00, 0x00,
  0x00, 0x00, 0x00, 0x00, 0x00, 0x00, 0xFF, 0x05, 0x08, 0x22, 0x5B, 0x0E, 0x5B, 0x0E, 0xD5, 0xC4, 0xD5, 0xC4, 0xD5, 0xC4, 0xD5, 0xC4, 0xD5, 0xC4,
  0xD5, 0xC4, 0xD5, 0xC4, 0xD5, 0xC4, 0xD5, 0xC4, 0xD5, 0xC4, 0xD5, 0xC4, 0xD5, 0xC4, 0xD5, 0xC4, 0xD5, 0xC4, 0xD5, 0xC4, 0xD5, 0xC4, 0xD5, 0xC4,
  0xD5, 0xC4, 0xD5, 0xC4, 0xD5, 0xC4, 0xD5, 0xC4, 0xD5, 0xC4, 0xD5, 0xC4, 0xD5, 0xC4, 0xD5, 0xC4, 0xD5, 0xC4, 0xD5, 0xC4, 0xD5, 0xC4, 0xD5, 0xC4,
  0xD5, 0xC4, 0xD5, 0xC4, 0xD5, 0xC4, 0xD5, 0xC4, 0xD5, 0xC4, 0x5B, 0x0E, 0x5B, 0x0E, 0x08, 0x22, 0xFF, 0x05, 0x00, 0x00, 0x00, 0x00, 0x00, 0x00,
  0x00, 0x00, 0x00, 0x00, 0x00, 0x00, 0xFF, 0x05, 0x08, 0x22, 0x5A, 0xED, 0x5A, 0xED, 0xBD, 0x23, 0xBD, 0x23, 0xBD, 0x23, 0xBD, 0x23, 0xBD, 0x23,
  0xBD, 0x23, 0xBD, 0x23, 0xBD, 0x23, 0xBD, 0x23, 0xBD, 0x23, 0xBD, 0x23, 0xBD, 0x23, 0xBD, 0x23, 0xBD, 0x23, 0xBD, 0x23, 0xBD, 0x23, 0xBD, 0x23,
  0xBD, 0x23, 0xBD, 0x23, 0xBD, 0x23, 0xBD, 0x23, 0xBD, 0x23, 0xBD, 0x23, 0xBD, 0x23, 0xBD, 0x23, 0xBD, 0x23, 0xBD, 0x23, 0xBD, 0x23, 0xBD, 0x23,
  0xBD, 0x23, 0xBD, 0x23, 0xBD, 0x23, 0xBD, 0x23, 0xBD, 0x23, 0x5A, 0xED, 0x5A, 0xED, 0x08, 0x22, 0xFF, 0x05, 0x00, 0x00, 0x00, 0x00, 0x00, 0x00,
  0x00, 0x00, 0x00, 0x00, 0x00, 0x00, 0xFF, 0x05, 0x08, 0x22, 0x52, 0xCD, 0x52, 0xCD, 0xE6, 0x44, 0xE6, 0x44, 0xE6, 0x44, 0xE6, 0x44, 0xE6, 0x44,
  0xE6, 0x44, 0xE6, 0x44, 0xE6, 0x44, 0xE6, 0x44, 0xE6, 0x44, 0xE6, 0x44, 0xE6, 0x44, 0xE6, 0x44, 0xE6, 0x44, 0xE6, 0x44, 0xE6, 0x44, 0xE6, 0x44,
  0xE6, 0x44, 0xE6, 0x44, 0xE6, 0x44, 0xE6, 0x44, 0xE6, 0x44, 0xE6, 0x44, 0xE6, 0x44, 0xE6, 0x44, 0xE6, 0x44, 0xE6, 0x44, 0xE6, 0x44, 0xE6, 0x44,
  0xE6, 0x44, 0xE6, 0x44, 0xE6, 0x44, 0xE6, 0x44, 0xE6, 0x44, 0x52, 0xCD, 0x52, 0xCD, 0x08, 0x22, 0xFF, 0x05, 0x00, 0x00, 0x00, 0x00, 0x00, 0x00,
  0x00, 0x00, 0x00, 0x00, 0x00, 0x00, 0xFF, 0x05, 0x08, 0x22, 0x52, 0xAC, 0x52, 0xAC, 0x52, 0xAC, 0xEE, 0x64, 0xEE, 0x64, 0xEE, 0x64, 0xEE, 0x64,
  0xEE, 0x64, 0xEE, 0x64, 0xEE, 0x64, 0xEE, 0x64, 0xEE, 0x64, 0xEE, 0x64, 0xEE, 0x64, 0xEE, 0x64, 0xEE, 0x64, 0xEE, 0x64, 0xEE, 0x64, 0xEE, 0x64,
  0xEE, 0x64, 0xEE, 0x64, 0xEE, 0x64, 0xEE, 0x64, 0xEE, 0x64, 0xEE, 0x64, 0xEE, 0x64, 0xEE, 0x64, 0xEE, 0x64, 0xEE, 0x64, 0xEE, 0x64, 0xEE, 0x64,
  0xEE, 0x64, 0xEE, 0x64, 0xEE, 0x64, 0xEE, 0x64, 0x52, 0xAC, 0x52, 0xAC, 0x52, 0xAC, 0x08, 0x22, 0xFF, 0x05, 0x00, 0x00, 0x00, 0x00, 0x00, 0x00,
  0x00, 0x00, 0x00, 0x00, 0x00, 0x00, 0xFF, 0x05, 0x08, 0x22, 0x08, 0x22, 0x4A, 0x8C, 0x42, 0x2A, 0x42, 0x2A, 0xD5, 0xC4, 0xD5, 0xC4, 0xD5, 0xC4,
  0xD5, 0xC4, 0xD5, 0xC4, 0xD5, 0xC4, 0xD5, 0xC4, 0xD5, 0xC4, 0xD5, 0xC4, 0xD5, 0xC4, 0xD5, 0xC4, 0xD5, 0xC4, 0xD5, 0xC4, 0xD5, 0xC4, 0xD5, 0xC4,
  0xD5, 0xC4, 0xD5, 0xC4, 0xD5, 0xC4, 0xD5, 0xC4, 0xD5, 0xC4, 0xD5, 0xC4, 0xD5, 0xC4, 0xD5, 0xC4, 0xD5, 0xC4, 0xD5, 0xC4, 0xD5, 0xC4, 0xD5, 0xC4,
  0xD5, 0xC4, 0xD5, 0xC4, 0xD5, 0xC4, 0x42, 0x2A, 0x42, 0x2A, 0x4A, 0x8C, 0x08, 0x22, 0x08, 0x22, 0xFF, 0x05, 0x00, 0x00, 0x00, 0x00, 0x00, 0x00,
  0x00, 0x00, 0x00, 0x00, 0x00, 0x00, 0xFF, 0x05, 0xFF, 0x05, 0x08, 0x22, 0x4A, 0x6B, 0x4A, 0x6B, 0x4A, 0x6B, 0x4A, 0x6B, 0x4A, 0x6B, 0x4A, 0x6B,
  0x4A, 0x6B, 0x4A, 0x6B, 0x4A, 0x6B, 0x4A, 0x6B, 0x4A, 0x6B, 0x4A, 0x6B, 0x4A, 0x6B, 0x4A, 0x6B, 0x4A, 0x6B, 0x4A, 0x6B, 0x4A, 0x6B, 0x4A, 0x6B,
  0x4A, 0x6B, 0x4A, 0x6B, 0x4A, 0x6B, 0x4A, 0x6B, 0x4A, 0x6B, 0x4A, 0x6B, 0x4A, 0x6B, 0x4A, 0x6B, 0x4A, 0x6B, 0x4A, 0x6B, 0x4A, 0x6B, 0x4A, 0x6B,
  0x4A, 0x6B, 0x4A, 0x6B, 0x4A, 0x6B, 0x4A, 0x6B, 0x4A, 0x6B, 0x4A, 0x6B, 0x08, 0x22, 0xFF, 0x05, 0xFF, 0x05, 0x00, 0x00, 0x00, 0x00, 0x00, 0x00,
  0x00, 0x00, 0x00, 0x00, 0x00, 0x00, 0x00, 0x00, 0xFF, 0x05, 0x08, 0x22, 0x08, 0x22, 0x08, 0x22, 0x42, 0x4B, 0x42, 0x4B, 0x42, 0x4B, 0x42, 0x4B,
  0x42, 0x4B, 0x42, 0x4B, 0x42, 0x4B, 0x42, 0x4B, 0x42, 0x4B, 0x42, 0x4B, 0x42, 0x4B, 0x42, 0x4B, 0x42, 0x4B, 0x42, 0x4B, 0x42, 0x4B, 0x42, 0x4B,
  0x42, 0x4B, 0x42, 0x4B, 0x42, 0x4B, 0x42, 0x4B, 0x42, 0x4B, 0x42, 0x4B, 0x42, 0x4B, 0x42, 0x4B, 0x42, 0x4B, 0x42, 0x4B, 0x42, 0x4B, 0x42, 0x4B,
  0x42, 0x4B, 0x42, 0x4B, 0x42, 0x4B, 0x42, 0x4B, 0x08, 0x22, 0x08, 0x22, 0x08, 0x22, 0xFF, 0x05, 0x00, 0x00, 0x00, 0x00, 0x00, 0x00, 0x00, 0x00,
  0x00, 0x00, 0x00, 0x00, 0x00, 0x00, 0x00, 0x00, 0x00, 0x00, 0xFF, 0x05, 0xFF, 0x05, 0x08, 0x22, 0x08, 0x22, 0x08, 0x22, 0x08, 0x22, 0x08, 0x22,
  0x08, 0x22, 0x08, 0x22, 0x08, 0x22, 0x08, 0x22, 0x08, 0x22, 0x08, 0x22, 0x08, 0x22, 0x08, 0x22, 0x08, 0x22, 0x08, 0x22, 0x08, 0x22, 0x08, 0x22,
  0x08, 0x22, 0x08, 0x22, 0x08, 0x22, 0x08, 0x22, 0x08, 0x22, 0x08, 0x22, 0x08, 0x22, 0x08, 0x22, 0x08, 0x22, 0x08, 0x22, 0x08, 0x22, 0x08, 0x22,
  0x08, 0x22, 0x08, 0x22, 0x08, 0x22, 0x08, 0x22, 0x08, 0x22, 0xFF, 0x05, 0xFF, 0x05, 0x00, 0x00, 0x00, 0x00, 0x00, 0x00, 0x00, 0x00, 0x00, 0x00,
  0x00, 0x00, 0x00, 0x00, 0x00, 0x00, 0x00, 0x00, 0x00, 0x00, 0x00, 0x00, 0xFF, 0x05, 0xFF, 0x05, 0xFF, 0x05, 0xFF, 0x05, 0xFF, 0x05, 0xFF, 0x05,
  0xFF, 0x05, 0xFF, 0x05, 0xFF, 0x05, 0xFF, 0x05, 0xFF, 0x05, 0xFF, 0x05, 0xFF, 0x05, 0xFF, 0x05, 0xFF, 0x05, 0xFF, 0x05, 0xFF, 0x05, 0xFF, 0x05,
  0xFF, 0x05, 0xFF, 0x05, 0xFF, 0x05, 0xFF, 0x05, 0xFF, 0x05, 0xFF, 0x05, 0xFF, 0x05, 0xFF, 0x05, 0xFF, 0x05, 0xFF, 0x05, 0xFF, 0x05, 0xFF, 0x05,
  0xFF, 0x05, 0xFF, 0x05, 0xFF, 0x05, 0xFF, 0x05, 0xFF, 0x05, 0xFF, 0x05, 0x00, 0x00, 0x00, 0x00, 0x00, 0x00, 0x00, 0x00, 0x00, 0x00, 0x00, 0x00,
  0x00, 0x00, 0x00, 0x00, 0x00, 0x00, 0x00, 0x00, 0x00, 0x00, 0x00, 0x00, 0x00, 0x00, 0x00, 0x00, 0x00, 0x00, 0x00, 0x00, 0x00, 0x00, 0x00, 0x00,
  0x00, 0x00, 0x00, 0x00, 0x00, 0x00, 0x00, 0x00, 0x00, 0x00, 0x00, 0x00, 0x00, 0x00, 0x00, 0x00, 0x00, 0x00, 0x00, 0x00, 0x00, 0x00, 0x00, 0x00,
  0x00, 0x00, 0x00, 0x00, 0x00, 0x00, 0x00, 0x00, 0x00, 0x00, 0x00, 0x00, 0x00, 0x00, 0x00, 0x00, 0x00, 0x00, 0x00, 0x00, 0x00, 0x00, 0x00, 0x00,
  0x00, 0x00, 0x00, 0x00, 0x00, 0x00, 0x00, 0x00, 0x00, 0x00, 0x00, 0x00, 0x00, 0x00, 0x00, 0x00, 0x00, 0x00, 0x00, 0x00, 0x00, 0x00, 0x00, 0x00,
  0x00, 0x00, 0x00, 0x00, 0x00, 0x00, 0x00, 0x00, 0x00, 0x00, 0x00, 0x00, 0x00, 0x00, 0x00, 0x00, 0x00, 0x00, 0x00, 0x00, 0x00, 0x00, 0x00, 0x00,
  0x00, 0x00, 0x00, 0x00, 0x00, 0x00, 0x00, 0x00, 0x00, 0x00, 0x00, 0x00, 0x00, 0x00, 0x00, 0x00, 0x00, 0x00, 0x00, 0x00, 0x00, 0x00, 0x00, 0x00,
  0x00, 0x00, 0x00, 0x00, 0x00, 0x00, 0x00, 0x00, 0x00, 0x00, 0x00, 0x00, 0x00, 0x00, 0x00, 0x00, 0x00, 0x00, 0x00, 0x00, 0x00, 0x00, 0x00, 0x00,
  0x00, 0x00, 0x00, 0x00, 0x00, 0x00, 0x00, 0x00, 0x00, 0x00, 0x00, 0x00, 0x00, 0x00, 0x00, 0x00, 0x00, 0x00, 0x00, 0x00, 0x00, 0x00, 0x00, 0x00,
  0x00, 0x00, 0x00, 0x00, 0x00, 0x00, 0x00, 0x00, 0x00, 0x00, 0x00, 0x00, 0x00, 0x00, 0x00, 0x00, 0x00, 0x00, 0x00, 0x00, 0x00, 0x00, 0x00, 0x00,
  0x00, 0x00, 0x00, 0x00, 0x00, 0x00, 0x00, 0x00, 0x00, 0x00, 0x00, 0x00, 0x00, 0x00, 0x00, 0x00, 0x00, 0x00, 0x00, 0x00, 0x00, 0x00, 0x00, 0x00,
  0x00, 0x00, 0x00, 0x00, 0x00, 0x00, 0x00, 0x00, 0x00, 0x00, 0x00, 0x00, 0x00, 0x00, 0x00, 0x00, 0x00, 0x00, 0x00, 0x00, 0x00, 0x00, 0x00, 0x00,
  0x00, 0x00, 0x00, 0x00, 0x00, 0x00, 0x00, 0x00, 0x00, 0x00, 0x00, 0x00, 0x00, 0x00, 0x00, 0x00, 0x00, 0x00, 0x00, 0x00, 0x00, 0x00, 0x00, 0x00,
};

/* Cabeza de nota larga blue: 48x48 (con la cola detrás) */
uint8_t hold_head_blue[4608] = {
  0x00, 0x00, 0x00, 0x00, 0x00, 0x00, 0x00, 0x00, 0x00, 0x00, 0x00, 0x00, 0x00, 0x00, 0x00, 0x00, 0x00, 0x00, 0x00, 0x00, 0x00, 0x00, 0x00, 0x00,
  0x09, 0x46, 0x09, 0x46, 0x09, 0x46, 0x33, 0xD1, 0x33, 0xD1, 0x33, 0xD1, 0x33, 0xD1, 0x3D, 0x7A, 0x3D, 0x7A, 0x3D, 0x7A, 0x7F, 0x1F, 0x7F, 0x1F,
  0x7F, 0x1F, 0x7F, 0x1F, 0x3D, 0x7A, 0x3D, 0x7A, 0x3D, 0x7A, 0x33, 0xD1, 0x33, 0xD1, 0x33, 0xD1, 0x33, 0xD1, 0x09, 0x46, 0x09, 0x46, 0x09, 0x46,
  0x00, 0x00, 0x00, 0x00, 0x00, 0x00, 0x00, 0x00, 0x00, 0x00, 0x00, 0x00, 0x00, 0x00, 0x00, 0x00, 0x00, 0x00, 0x00, 0x00, 0x00, 0x00, 0x00, 0x00,
  0x00, 0x00, 0x00, 0x00, 0x00, 0x00, 0x00, 0x00, 0x00, 0x00, 0x00, 0x00, 0x00, 0x00, 0x00, 0x00, 0x00, 0x00, 0x00, 0x00, 0x00, 0x00, 0x00, 0x00,
  0x09, 0x46, 0x09, 0x46, 0x09, 0x46, 0x33, 0xD1, 0x33, 0xD1, 0x33, 0xD1, 0x33, 0xD1, 0x3D, 0x7A, 0x3D, 0x7A, 0x3D, 0x7A, 0x7F, 0x1F, 0x7F, 0x1F,
  0x7F, 0x1F, 0x7F, 0x1F, 0x3D, 0x7A, 0x3D, 0x7A, 0x3D, 0x7A, 0x33, 0xD1, 0x33, 0xD1, 0x33, 0xD1, 0x33, 0xD1, 0x09, 0x46, 0x09, 0x46, 0x09, 0x46,
  0x00, 0x00, 0x00, 0x00, 0x00, 0x00, 0x00, 0x00, 0x00, 0x00, 0x00, 0x00, 0x00, 0x00, 0x00, 0x00, 0x00, 0x00, 0x00, 0x00, 0x00, 0x00, 0x00, 0x00,
  0x00, 0x00, 0x00, 0x00, 0x00, 0x00, 0x00, 0x00, 0x00, 0x00, 0x00, 0x00, 0x00, 0x00, 0x00, 0x00, 0x00, 0x00, 0x00, 0x00, 0x00, 0x00, 0x00, 0x00,
  0x09, 0x46, 0x09, 0x46, 0x09, 0x46, 0x13, 0x30, 0x13, 0x30, 0x13, 0x30, 0x13, 0x30, 0x25, 0x39, 0x25, 0x39, 0x25, 0x39, 0x6E, 0xFF, 0x6E, 0xFF,
  0x6E, 0xFF, 0x6E, 0xFF, 0x25, 0x39, 0x25, 0x39, 0x25, 0x39, 0x13, 0x30, 0x13, 0x30, 0x13, 0x30, 0x13, 0x30, 0x09, 0x46, 0x09, 0x46, 0x09, 0x46,
  0x00, 0x00, 0x00, 0x00, 0x00, 0x00, 0x00, 0x00, 0x00, 0x00, 0x00, 0x00, 0x00, 0x00, 0x00, 0x00, 0x00, 0x00, 0x00, 0x00, 0x00, 0x00, 0x00, 0x00,
  0x00, 0x00, 0x00, 0x00, 0x00, 0x00, 0x00, 0x00, 0x00, 0x00, 0x00, 0x00, 0x2E, 0x7F, 0x2E, 0x7F, 0x2E, 0x7F, 0x2E, 0x7F, 0x2E, 0x7F, 0x2E, 0x7F,
  0x2E, 0x7F, 0x2E, 0x7F, 0x2E, 0x7F, 0x2E, 0x7F, 0x2E, 0x7F, 0x2E, 0x7F, 0x2E, 0x7F, 0x2E, 0x7F, 0x2E, 0x7F, 0x2E, 0x7F, 0x2E, 0x7F, 0x2E, 0x7F,
  0x2E, 0x7F, 0x2E, 0x7F, 0x2E, 0x7F, 0x2E, 0x7F, 0x2E, 0x7F, 0x2E, 0x7F, 0x2E, 0x7F, 0x2E, 0x7F, 0x2E, 0x7F, 0x2E, 0x7F, 0x2E, 0x7F, 0x2E, 0x7F,
  0x2E, 0x7F, 0x2E, 0x7F, 0x2E, 0x7F, 0x2E, 0x7F, 0x2E, 0x7F, 0x2E, 0x7F, 0x00, 0x00, 0x00, 0x00, 0x00, 0x00, 0x00, 0x00, 0x00, 0x00, 0x00, 0x00,
  0x00, 0x00, 0x00, 0x00, 0x00, 0x00, 0x00, 0x00, 0x00, 0x00, 0x2E, 0x7F, 0x2E, 0x7F, 0x08, 0x22, 0x08, 0x22, 0x08, 0x22, 0x08, 0x22, 0x08, 0x22,
  0x08, 0x22, 0x08, 0x22, 0x08, 0x22, 0x08, 0x22, 0x08, 0x22, 0x08, 0x22, 0x08, 0x22, 0x08, 0x22, 0x08, 0x22, 0x08, 0x22, 0x08, 0x22, 0x08, 0x22,
  0x08, 0x22, 0x08, 0x22, 0x08, 0x22, 0x08, 0x22, 0x08, 0x22, 0x08, 0x22, 0x08, 0x22, 0x08, 0x22, 0x08, 0x22, 0x08, 0x22, 0x08, 0x22, 0x08, 0x22,
  0x08, 0x22, 0x08, 0x22, 0x08, 0x22, 0x08, 0x22, 0x08, 0x22, 0x2E, 0x7F, 0x2E, 0x7F, 0x00, 0x00, 0x00, 0x00, 0x00, 0x00, 0x00, 0x00, 0x00, 0x00,
  0x00, 0x00, 0x00, 0x00, 0x00, 0x00, 0x00, 0x00, 0x2E, 0x7F, 0x08, 0x22, 0x08, 0x22, 0x08, 0x22, 0xEF, 0x7E, 0xEF, 0x7E, 0xEF, 0x7E, 0xEF, 0x7E,
  0xEF, 0x7E, 0xEF, 0x7E, 0xEF, 0x7E, 0xEF, 0x7E, 0xEF, 0x7E, 0xEF, 0x7E, 0xEF, 0x7E, 0xEF, 0x7E, 0xEF, 0x7E, 0xEF, 0x7E, 0xEF, 0x7E, 0xEF, 0x7E,
  0xEF, 0x7E, 0xEF, 0x7E, 0xEF, 0x7E, 0xEF, 0x7E, 0xEF, 0x7E, 0xEF, 0x7E, 0xEF, 0x7E, 0xEF, 0x7E, 0xEF, 0x7E, 0xEF, 0x7E, 0xEF, 0x7E, 0xEF, 0x7E,
  0xEF, 0x7E, 0xEF, 0x7E, 0xEF, 0x7E, 0xEF, 0x7E, 0x08, 0x22, 0x08, 0x22, 0x08, 0x22, 0x2E, 0x7F, 0x00, 0x00, 0x00, 0x00, 0x00, 0x00, 0x00, 0x00,
  0x00, 0x00, 0x00, 0x00, 0x00, 0x00, 0x2E, 0x7F, 0x2E, 0x7F, 0x08, 0x22, 0xE7, 0x5E, 0xE7, 0x5E, 0xE7, 0x5E, 0xE7, 0x5E, 0xE7, 0x5E, 0xE7, 0x5E,
  0xE7, 0x5E, 0xE7, 0x5E, 0xE7, 0x5E, 0xE7, 0x5E, 0xE7, 0x5E, 0xE7, 0x5E, 0xE7, 0x5E, 0xE7, 0x5E, 0xE7, 0x5E, 0xE7, 0x5E, 0xE7, 0x5E, 0xE7, 0x5E,
  0xE7, 0x5E, 0xE7, 0x5E, 0xE7, 0x5E, 0xE7, 0x5E, 0xE7, 0x5E, 0xE7, 0x5E, 0xE7, 0x5E, 0xE7, 0x5E, 0xE7, 0x5E, 0xE7, 0x5E, 0xE7, 0x5E, 0xE7, 0x5E,
  0xE7, 0x5E, 0xE7, 0x5E, 0xE7, 0x5E, 0xE7, 0x5E, 0xE7, 0x5E, 0xE7, 0x5E, 0x08, 0x22, 0x2E, 0x7F, 0x2E, 0x7F, 0x00, 0x00, 0x00, 0x00, 0x00, 0x00,
  0x00, 0x00, 0x00, 0x00, 0x00, 0x00, 0x2E, 0x7F, 0x08, 0x22, 0x08, 0x22, 0xE7, 0x3D, 0xC6, 0x39, 0xC6, 0x39, 0x86, 0x3B, 0x86, 0x3B, 0x86, 0x3B,
  0x86, 0x3B, 0x86, 0x3B, 0x86, 0x3B, 0x86, 0x3B, 0x86, 0x3B, 0x86, 0x3B, 0x86, 0x3B, 0x86, 0x3B, 0x86, 0x3B, 0x86, 0x3B, 0x86, 0x3B, 0x86, 0x3B,
  0x86, 0x3B, 0x86, 0x3B, 0x86, 0x3B, 0x86, 0x3B, 0x86, 0x3B, 0x86, 0x3B, 0x86, 0x3B, 0x86, 0x3B, 0x86, 0x3B, 0x86, 0x3B, 0x86, 0x3B, 0x86, 0x3B,
  0x86, 0x3B, 0x86, 0x3B, 0x86, 0x3B, 0xC6, 0x39, 0xC6, 0x39, 0xE7, 0x3D, 0x08, 0x22, 0x08, 0x22, 0x2E, 0x7F, 0x00, 0x00, 0x00, 0x00, 0x00, 0x00,
  0x00, 0x00, 0x00, 0x00, 0x00, 0x00, 0x2E, 0x7F, 0x08, 0x22, 0xDE, 0xFC, 0xDE, 0xFC, 0xDE, 0xFC, 0x97, 0x3F, 0xC7, 0x9F, 0xC7, 0x9F, 0xC7, 0x9F,
  0xC7, 0x9F, 0xC7, 0x9F, 0xC7, 0x9F, 0xC7, 0x9F, 0xC7, 0x9F, 0xC7, 0x9F, 0xC7, 0x9F, 0xC7, 0x9F, 0xC7, 0x9F, 0xC7, 0x9F, 0xC7, 0x9F, 0xC7, 0x9F,
  0xC7, 0x9F, 0xC7, 0x9F, 0xC7, 0x9F, 0xC7, 0x9F, 0xC7, 0x9F, 0xC7, 0x9F, 0xC7, 0x9F, 0xC7, 0x9F, 0xC7, 0x9F, 0xC7, 0x9F, 0xC7, 0x9F, 0xC7, 0x9F,
  0xC7, 0x9F, 0xC7, 0x9F, 0xC7, 0x9F, 0x97, 0x3F, 0xDE, 0xFC, 0xDE, 0xFC, 0xDE, 0xFC, 0x08, 0x22, 0x2E, 0x7F, 0x00, 0x00, 0x00, 0x00, 0x00, 0x00,
  0x00, 0x00, 0x00, 0x00, 0x00, 0x00, 0x2E, 0x7F, 0x08, 0x22, 0xD6, 0xDC, 0xD6, 0xDC, 0x8F, 0x3F, 0xBF, 0x7F, 0xBF, 0x7F, 0xBF, 0x7F, 0xBF, 0x7F,
  0xBF, 0x7F, 0xBF, 0x7F, 0xBF, 0x7F, 0xBF, 0x7F, 0xBF, 0x7F, 0xBF, 0x7F, 0xBF, 0x7F, 0xBF, 0x7F, 0xBF, 0x7F, 0xBF, 0x7F, 0xBF, 0x7F, 0xBF, 0x7F,
  0xBF, 0x7F, 0xBF, 0x7F, 0xBF, 0x7F, 0xBF, 0x7F, 0xBF, 0x7F, 0xBF, 0x7F, 0xBF, 0x7F, 0xBF, 0x7F, 0xBF, 0x7F, 0xBF, 0x7F, 0xBF, 0x7F, 0xBF, 0x7F,
  0xBF, 0x7F, 0xBF, 0x7F, 0xBF, 0x7F, 0xBF, 0x7F, 0x8F, 0x3F, 0xD6, 0xDC, 0xD6, 0xDC, 0x08, 0x22, 0x2E, 0x7F, 0x00, 0x00, 0x00, 0x00, 0x00, 0x00,
  0x00, 0x00, 0x00, 0x00, 0x00, 0x00, 0x2E, 0x7F, 0x08, 0x22, 0xD6, 0xBB, 0xD6, 0xBB, 0x76, 0x1B, 0xAE, 0xDD, 0xAE, 0xDD, 0xAE, 0xDD, 0xAE, 0xDD,
  0xAE, 0xDD, 0xAE, 0xDD, 0xAE, 0xDD, 0xAE, 0xDD, 0xAE, 0xDD, 0xAE, 0xDD, 0xAE, 0xDD, 0xAE, 0xDD, 0xAE, 0xDD, 0xAE, 0xDD, 0xAE, 0xDD, 0xAE, 0xDD,
  0xAE, 0xDD, 0xAE, 0xDD, 0xAE, 0xDD, 0xAE, 0xDD, 0xAE, 0xDD, 0xAE, 0xDD, 0xAE, 0xDD, 0xAE, 0xDD, 0xAE, 0xDD, 0xAE, 0xDD, 0xAE, 0xDD, 0xAE, 0xDD,
  0xAE, 0xDD, 0xAE, 0xDD, 0xAE, 0xDD, 0xAE, 0xDD, 0x76, 0x1B, 0xD6, 0xBB, 0xD6, 0xBB, 0x08, 0x22, 0x2E, 0x7F, 0x00, 0x00, 0x00, 0x00, 0x00, 0x00,
  0x00, 0x00, 0x00, 0x00, 0x00, 0x00, 0x2E, 0x7F, 0x08, 0x22, 0xCE, 0x9B, 0xCE, 0x9B, 0x87, 0x1F, 0xAF, 0x5F, 0xAF, 0x5F, 0xAF, 0x5F, 0xAF, 0x5F,
  0xAF, 0x5F, 0xAF, 0x5F, 0xAF, 0x5F, 0xAF, 0x5F, 0xAF, 0x5F, 0xAF, 0x5F, 0xAF, 0x5F, 0xAF, 0x5F, 0xAF, 0x5F, 0xAF, 0x5F, 0xAF, 0x5F, 0xAF, 0x5F,
  0xAF, 0x5F, 0xAF, 0x5F, 0xAF, 0x5F, 0xAF, 0x5F, 0xAF, 0x5F, 0xAF, 0x5F, 0xAF, 0x5F, 0xAF, 0x5F, 0xAF, 0x5F, 0xAF, 0x5F, 0xAF, 0x5F, 0xAF, 0x5F,
  0xAF, 0x5F, 0xAF, 0x5F, 0xAF, 0x5F, 0xAF, 0x5F, 0x87, 0x1F, 0xCE, 0x9B, 0xCE, 0x9B, 0x08, 0x22, 0x2E, 0x7F, 0x00, 0x00, 0x00, 0x00, 0x00, 0x00,
  0x00, 0x00, 0x00, 0x00, 0x00, 0x00, 0x2E, 0x7F, 0x08, 0x22, 0xC6, 0x5A, 0xC6, 0x5A, 0x7F, 0x1F, 0xA7, 0x5F, 0xA7, 0x5F, 0xA7, 0x5F, 0xA7, 0x5F,
  0xA7, 0x5F, 0xA7, 0x5F, 0xA7, 0x5F, 0xA7, 0x5F, 0xA7, 0x5F, 0xA7, 0x5F, 0xA7, 0x5F, 0xA7, 0x5F, 0xA7, 0x5F, 0xA7, 0x5F, 0xA7, 0x5F, 0xA7, 0x5F,
  0xA7, 0x5F, 0xA7, 0x5F, 0xA7, 0x5F, 0xA7, 0x5F, 0xA7, 0x5F, 0xA7, 0x5F, 0xA7, 0x5F, 0xA7, 0x5F, 0xA7, 0x5F, 0xA7, 0x5F, 0xA7, 0x5F, 0xA7, 0x5F,
  0xA7, 0x5F, 0xA7, 0x5F, 0xA7, 0x5F, 0xA7, 0x5F, 0x7F, 0x1F, 0xC6, 0x5A, 0xC6, 0x5A, 0x08, 0x22, 0x2E, 0x7F, 0x00, 0x00, 0x00, 0x00, 0x00, 0x00,
  0x00, 0x00, 0x00, 0x00, 0x00, 0x00, 0x2E, 0x7F, 0x08, 0x22, 0xC6, 0x3A, 0xC6, 0x3A, 0x65, 0xFB, 0x8E, 0x7C, 0x8E, 0x7C, 0x8E, 0x7C, 0x8E, 0x7C,
  0x8E, 0x7C, 0x8E, 0x7C, 0x8E, 0x7C, 0x8E, 0x7C, 0x8E, 0x7C, 0x8E, 0x7C, 0x8E, 0x7C, 0x8E, 0x7C, 0x8E, 0x7C, 0x8E, 0x7C, 0x8E, 0x7C, 0x8E, 0x7C,
  0x8E, 0x7C, 0x8E, 0x7C, 0x8E, 0x7C, 0x8E, 0x7C, 0x8E, 0x7C, 0x8E, 0x7C, 0x8E, 0x7C, 0x8E, 0x7C, 0x8E, 0x7C, 0x8E, 0x7C, 0x8E, 0x7C, 0x8E, 0x7C,
  0x8E, 0x7C, 0x8E, 0x7C, 0x8E, 0x7C, 0x8E, 0x7C, 0x65, 0xFB, 0xC6, 0x3A, 0xC6, 0x3A, 0x08, 0x22, 0x2E, 0x7F, 0x00, 0x00, 0x00, 0x00, 0x00, 0x00,
  0x00, 0x00, 0x00, 0x00, 0x00, 0x00, 0x2E, 0x7F, 0x08, 0x22, 0xBE, 0x19, 0xBE, 0x19, 0x6E, 0xFF, 0x8F, 0x3F, 0x8F, 0x3F, 0x8F, 0x3F, 0x8F, 0x3F,
  0x8F, 0x3F, 0x8F, 0x3F, 0x8F, 0x3F, 0x08, 0x22, 0x08, 0x22, 0x08, 0x22, 0x08, 0x22, 0x08, 0x22, 0x08, 0x22, 0x08, 0x22, 0x08, 0x22, 0x08, 0x22,
  0x08, 0x22, 0x08, 0x22, 0x08, 0x22, 0x08, 0x22, 0x08, 0x22, 0x08, 0x22, 0x08, 0x22, 0x08, 0x22, 0x08, 0x22, 0x8F, 0x3F, 0x8F, 0x3F, 0x8F, 0x3F,
  0x8F, 0x3F, 0x8F, 0x3F, 0x8F, 0x3F, 0x8F, 0x3F, 0x6E, 0xFF, 0xBE, 0x19, 0xBE, 0x19, 0x08, 0x22, 0x2E, 0x7F, 0x00, 0x00, 0x00, 0x00, 0x00, 0x00,
  0x00, 0x00, 0x00, 0x00, 0x00, 0x00, 0x2E, 0x7F, 0x08, 0x22, 0xBD, 0xF9, 0xBD, 0xF9, 0x66, 0xDF, 0x87, 0x1F, 0x87, 0x1F, 0x87, 0x1F, 0x87, 0x1F,
  0x87, 0x1F, 0x87, 0x1F, 0x08, 0x22, 0x08, 0x22, 0xFF, 0xFF, 0xFF, 0xFF, 0xFF, 0xFF, 0xFF, 0xFF, 0xFF, 0xFF, 0xFF, 0xFF, 0xFF, 0xFF, 0xFF, 0xFF,
  0xFF, 0xFF, 0xFF, 0xFF, 0xFF, 0xFF, 0xFF, 0xFF, 0xFF, 0xFF, 0xFF, 0xFF, 0xFF, 0xFF, 0xFF, 0xFF, 0x08, 0x22, 0x08, 0x22, 0x87, 0x1F, 0x87, 0x1F,
  0x87, 0x1F, 0x87, 0x1F, 0x87, 0x1F, 0x87, 0x1F, 0x66, 0xDF, 0xBD, 0xF9, 0xBD, 0xF9, 0x08, 0x22, 0x2E, 0x7F, 0x00, 0x00, 0x00, 0x00, 0x00, 0x00,
  0x00, 0x00, 0x00, 0x00, 0x00, 0x00, 0x2E, 0x7F, 0x08, 0x22, 0xB5, 0xB8, 0xB5, 0xB8, 0x4D, 0xDB, 0x6E, 0x3C, 0x6E, 0x3C, 0x6E, 0x3C, 0x6E, 0x3C,
  0x6E, 0x3C, 0x6E, 0x3C, 0x08, 0x22, 0xF7, 0xDF, 0xF7, 0xDF, 0xF7, 0xDF, 0xF7, 0xDF, 0xF7, 0xDF, 0xF7, 0xDF, 0xF7, 0xDF, 0xF7, 0xDF, 0xF7, 0xDF,
  0xF7, 0xDF, 0xF7, 0xDF, 0xF7, 0xDF, 0xF7, 0xDF, 0xF7, 0xDF, 0xF7, 0xDF, 0xF7, 0xDF, 0xF7, 0xDF, 0xF7, 0xDF, 0x08, 0x22, 0x6E, 0x3C, 0x6E, 0x3C,
  0x6E, 0x3C, 0x6E, 0x3C, 0x6E, 0x3C, 0x6E, 0x3C, 0x4D, 0xDB, 0xB5, 0xB8, 0xB5, 0xB8, 0x08, 0x22, 0x2E, 0x7F, 0x00, 0x00, 0x00, 0x00, 0x00, 0x00,
  0x00, 0x00, 0x00, 0x00, 0x00, 0x00, 0x2E, 0x7F, 0x08, 0x22, 0xAD, 0x97, 0xAD, 0x97, 0x56, 0xBF, 0x6E, 0xDF, 0x6E, 0xDF, 0x6E, 0xDF, 0x6E, 0xDF,
  0x6E, 0xDF, 0x6E, 0xDF, 0x08, 0x22, 0xE7, 0x9F, 0xE7, 0x9F, 0xE7, 0x9F, 0xE7, 0x9F, 0xE7, 0x9F, 0xE7, 0x9F, 0xE7, 0x9F, 0xE7, 0x9F, 0xE7, 0x9F,
  0xE7, 0x9F, 0xE7, 0x9F, 0xE7, 0x9F, 0xE7, 0x9F, 0xE7, 0x9F, 0xE7, 0x9F, 0xE7, 0x9F, 0xE7, 0x9F, 0xE7, 0x9F, 0x08, 0x22, 0x6E, 0xDF, 0x6E, 0xDF,
  0x6E, 0xDF, 0x6E, 0xDF, 0x6E, 0xDF, 0x6E, 0xDF, 0x56, 0xBF, 0xAD, 0x97, 0xAD, 0x97, 0x08, 0x22, 0x2E, 0x7F, 0x00, 0x00, 0x00, 0x00, 0x00, 0x00,
  0x00, 0x00, 0x00, 0x00, 0x00, 0x00, 0x2E, 0x7F, 0x08, 0x22, 0xAD, 0x77, 0xAD, 0x77, 0x4E, 0xBF, 0x5E, 0xDF, 0x5E, 0xDF, 0x5E, 0xDF, 0x5E, 0xDF,
  0x5E, 0xDF, 0x5E, 0xDF, 0x08, 0x22, 0xDF, 0x5F, 0xDF, 0x5F, 0xDF, 0x5F, 0xDF, 0x5F, 0xDF, 0x5F, 0xDF, 0x5F, 0xDF, 0x5F, 0x25, 0x7B, 0x25, 0x7B,
  0x25, 0x7B, 0x25, 0x7B, 0xDF, 0x5F, 0xDF, 0x5F, 0xDF, 0x5F, 0xDF, 0x5F, 0xDF, 0x5F, 0xDF, 0x5F, 0xDF, 0x5F, 0x08, 0x22, 0x5E, 0xDF, 0x5E, 0xDF,
  0x5E, 0xDF, 0x5E, 0xDF, 0x5E, 0xDF, 0x5E, 0xDF, 0x4E, 0xBF, 0xAD, 0x77, 0xAD, 0x77, 0x08, 0x22, 0x2E, 0x7F, 0x00, 0x00, 0x00, 0x00, 0x00, 0x00,
  0x00, 0x00, 0x00, 0x00, 0x00, 0x00, 0x2E, 0x7F, 0x08, 0x22, 0xA5, 0x56, 0xA5, 0x56, 0x3D, 0xBB, 0x3D, 0xBB, 0x45, 0xDB, 0x45, 0xDB, 0x45, 0xDB,
  0x45, 0xDB, 0x45, 0xDB, 0x08, 0x22, 0xCF, 0x1F, 0xCF, 0x1F, 0xCF, 0x1F, 0xCF, 0x1F, 0xCF, 0x1F, 0xCF, 0x1F, 0x25, 0x7B, 0x25, 0x7B, 0xBF, 0x9F,
  0xBF, 0x9F, 0x25, 0x7B, 0x25, 0x7B, 0xCF, 0x1F, 0xCF, 0x1F, 0xCF, 0x1F, 0xCF, 0x1F, 0xCF, 0x1F, 0xCF, 0x1F, 0x08, 0x22, 0x45, 0xDB, 0x45, 0xDB,
  0x45, 0xDB, 0x45, 0xDB, 0x45, 0xDB, 0x3D, 0xBB, 0x3D, 0xBB, 0xA5, 0x56, 0xA5, 0x56, 0x08, 0x22, 0x2E, 0x7F, 0x00, 0x00, 0x00, 0x00, 0x00, 0x00,
  0x00, 0x00, 0x00, 0x00, 0x00, 0x00, 0x2E, 0x7F, 0x08, 0x22, 0x9D, 0x16, 0x9D, 0x16, 0x3E, 0x9F, 0x3E, 0x9F, 0x3E, 0x9F, 0x3E, 0x9F, 0x3E, 0x9F,
  0x3E, 0x9F, 0x3E, 0x9F, 0x08, 0x22, 0xBE, 0xFF, 0xBE, 0xFF, 0xBE, 0xFF, 0xBE, 0xFF, 0xBE, 0xFF, 0xBE, 0xFF, 0x25, 0x7B, 0xBF, 0x9F, 0xBF, 0x9F,
  0xBF, 0x9F, 0xBF, 0x9F, 0x25, 0x7B, 0xBE, 0xFF, 0xBE, 0xFF, 0xBE, 0xFF, 0xBE, 0xFF, 0xBE, 0xFF, 0xBE, 0xFF, 0x08, 0x22, 0x3E, 0x9F, 0x3E, 0x9F,
  0x3E, 0x9F, 0x3E, 0x9F, 0x3E, 0x9F, 0x3E, 0x9F, 0x3E, 0x9F, 0x9D, 0x16, 0x9D, 0x16, 0x08, 0x22, 0x2E, 0x7F, 0x00, 0x00, 0x00, 0x00, 0x00, 0x00,
  0x00, 0x00, 0x00, 0x00, 0x00, 0x00, 0x2E, 0x7F, 0x08, 0x22, 0x9C, 0xF5, 0x9C, 0xF5, 0x3E, 0x9F, 0x3E, 0x9F, 0x3E, 0x9F, 0x3E, 0x9F, 0x3E, 0x9F,
  0x3E, 0x9F, 0x3E, 0x9F, 0x08, 0x22, 0xB6, 0xBF, 0xB6, 0xBF, 0xB6, 0xBF, 0xB6, 0xBF, 0xB6, 0xBF, 0xB6, 0xBF, 0x25, 0x7B, 0x25, 0x7B, 0xBF, 0x9F,
  0xBF, 0x9F, 0x25, 0x7B, 0x25, 0x7B, 0xB6, 0xBF, 0xB6, 0xBF, 0xB6, 0xBF, 0xB6, 0xBF, 0xB6, 0xBF, 0xB6, 0xBF, 0x08, 0x22, 0x3E, 0x9F, 0x3E, 0x9F,
  0x3E, 0x9F, 0x3E, 0x9F, 0x3E, 0x9F, 0x3E, 0x9F, 0x3E, 0x9F, 0x9C, 0xF5, 0x9C, 0xF5, 0x08, 0x22, 0x2E, 0x7F, 0x00, 0x00, 0x00, 0x00, 0x00, 0x00,
  0x00, 0x00, 0x00, 0x00, 0x00, 0x00, 0x2E, 0x7F, 0x08, 0x22, 0x94, 0xD5, 0x94, 0xD5, 0x2D, 0x9B, 0x2D, 0x9B, 0x2D, 0x9B, 0x2D, 0x9B, 0x2D, 0x9B,
  0x2D, 0x9B, 0x2D, 0x9B, 0x08, 0x22, 0xA6, 0x7F, 0xA6, 0x7F, 0xA6, 0x7F, 0xA6, 0x7F, 0xA6, 0x7F, 0xA6, 0x7F, 0x25, 0x7B, 0x25, 0x7B, 0x25, 0x7B,
  0x25, 0x7B, 0x25, 0x7B, 0x25, 0x7B, 0xA6, 0x7F, 0xA6, 0x7F, 0xA6, 0x7F, 0xA6, 0x7F, 0xA6, 0x7F, 0xA6, 0x7F, 0x08, 0x22, 0x2D, 0x9B, 0x2D, 0x9B,
  0x2D, 0x9B, 0x2D, 0x9B, 0x2D, 0x9B, 0x2D, 0x9B, 0x2D, 0x9B, 0x94, 0xD5, 0x94, 0xD5, 0x08, 0x22, 0x2E, 0x7F, 0x00, 0x00, 0x00, 0x00, 0x00, 0x00,
  0x00, 0x00, 0x00, 0x00, 0x00, 0x00, 0x2E, 0x7F, 0x08, 0x22, 0x94, 0xB4, 0x94, 0xB4, 0x2E, 0x7F, 0x2E, 0x7F, 0x2E, 0x7F, 0x2E, 0x7F, 0x2E, 0x7F,
  0x2E, 0x7F, 0x2E, 0x7F, 0x08, 0x22, 0x96, 0x3F, 0x96, 0x3F, 0x96, 0x3F, 0x96, 0x3F, 0x96, 0x3F, 0x96, 0x3F, 0x25, 0x7B, 0x25, 0x7B, 0x25, 0x7B,
  0x25, 0x7B, 0x25, 0x7B, 0x25, 0x7B, 0x96, 0x3F, 0x96, 0x3F, 0x96, 0x3F, 0x96, 0x3F, 0x96, 0x3F, 0x96, 0x3F, 0x08, 0x22, 0x2E, 0x7F, 0x2E, 0x7F,
  0x2E, 0x7F, 0x2E, 0x7F, 0x2E, 0x7F, 0x2E, 0x7F, 0x2E, 0x7F, 0x94, 0xB4, 0x94, 0xB4, 0x08, 0x22, 0x2E, 0x7F, 0x00, 0x00, 0x00, 0x00, 0x00, 0x00,
  0x00, 0x00, 0x00, 0x00, 0x00, 0x00, 0x2E, 0x7F, 0x08, 0x22, 0x8C, 0x94, 0x8C, 0x94, 0x12, 0xEE, 0x12, 0xEE, 0x12, 0xEE, 0x12, 0xEE, 0x12, 0xEE,
  0x12, 0xEE, 0x12, 0xEE, 0x08, 0x22, 0xFC, 0x1A, 0xFC, 0x1A, 0xFC, 0x1A, 0xFC, 0x1A, 0xFC, 0x1A, 0xFC, 0x1A, 0x25, 0x7B, 0x25, 0x7B, 0x25, 0x7B,
  0x25, 0x7B, 0x25, 0x7B, 0x25, 0x7B, 0xFC, 0x1A, 0xFC, 0x1A, 0xFC, 0x1A, 0xFC, 0x1A, 0xFC, 0x1A, 0xFC, 0x1A, 0x08, 0x22, 0x12, 0xEE, 0x12, 0xEE,
  0x12, 0xEE, 0x12, 0xEE, 0x12, 0xEE, 0x12, 0xEE, 0x12, 0xEE, 0x8C, 0x94, 0x8C, 0x94, 0x08, 0x22, 0x2E, 0x7F, 0x00, 0x00, 0x00, 0x00, 0x00, 0x00,
  0x00, 0x00, 0x00, 0x00, 0x00, 0x00, 0x2E, 0x7F, 0x08, 0x22, 0x8C, 0x73, 0x8C, 0x73, 0x12, 0xAD, 0x12, 0xAD, 0x12, 0xAD, 0x12, 0xAD, 0x12, 0xAD,
  0x12, 0xAD, 0x12, 0xAD, 0x08, 0x22, 0xFC, 0x7A, 0xFC, 0x7A, 0xFC, 0x7A, 0xFC, 0x7A, 0xFC, 0x7A, 0xFC, 0x7A, 0x25, 0x7B, 0x25, 0x7B, 0x25, 0x7B,
  0x25, 0x7B, 0x25, 0x7B, 0x25, 0x7B, 0xFC, 0x7A, 0xFC, 0x7A, 0xFC, 0x7A, 0xFC, 0x7A, 0xFC, 0x7A, 0xFC, 0x7A, 0x08, 0x22, 0x12, 0xAD, 0x12, 0xAD,
  0x12, 0xAD, 0x12, 0xAD, 0x12, 0xAD, 0x12, 0xAD, 0x12, 0xAD, 0x8C, 0x73, 0x8C, 0x73, 0x08, 0x22, 0x2E, 0x7F, 0x00, 0x00, 0x00, 0x00, 0x00, 0x00,
  0x00, 0x00, 0x00, 0x00, 0x00, 0x00, 0x2E, 0x7F, 0x08, 0x22, 0x84, 0x53, 0x84, 0x53, 0x13, 0x70, 0x13, 0x70, 0x13, 0x70, 0x13, 0x70, 0x13, 0x70,
  0x13, 0x70, 0x13, 0x70, 0x08, 0x22, 0xFC, 0xDB, 0xFC, 0xDB, 0xFC, 0xDB, 0xFC, 0xDB, 0xFC, 0xDB, 0xFC, 0xDB, 0x25, 0x7B, 0x25, 0x7B, 0x25, 0x7B,
  0x25, 0x7B, 0x25, 0x7B, 0x25, 0x7B, 0xFC, 0xDB, 0xFC, 0xDB, 0xFC, 0xDB, 0xFC, 0xDB, 0xFC, 0xDB, 0xFC, 0xDB, 0x08, 0x22, 0x13, 0x70, 0x13, 0x70,
  0x13, 0x70, 0x13, 0x70, 0x13, 0x70, 0x13, 0x70, 0x13, 0x70, 0x84, 0x53, 0x84, 0x53, 0x08, 0x22, 0x2E, 0x7F, 0x00, 0x00, 0x00, 0x00, 0x00, 0x00,
  0x00, 0x00, 0x00, 0x00, 0x00, 0x00, 0x2E, 0x7F, 0x08, 0x22, 0x84, 0x32, 0x84, 0x32, 0x13, 0x91, 0x13, 0x91, 0x13, 0x91, 0x13, 0x91, 0x13, 0x91,
  0x13, 0x91, 0x13, 0x91, 0x08, 0x22, 0xFD, 0x3B, 0xFD, 0x3B, 0xFD, 0x3B, 0xFD, 0x3B, 0xFD, 0x3B, 0xFD, 0x3B, 0x25, 0x7B, 0x25, 0x7B, 0x25, 0x7B,
  0x25, 0x7B, 0x25, 0x7B, 0x25, 0x7B, 0xFD, 0x3B, 0xFD, 0x3B, 0xFD, 0x3B, 0xFD, 0x3B, 0xFD, 0x3B, 0xFD, 0x3B, 0x08, 0x22, 0x13, 0x91, 0x13, 0x91,
  0x13, 0x91, 0x13, 0x91, 0x13, 0x91, 0x13, 0x91, 0x13, 0x91, 0x84, 0x32, 0x84, 0x32, 0x08, 0x22, 0x2E, 0x7F, 0x00, 0x00, 0x00, 0x00, 0x00, 0x00,
  0x00, 0x00, 0x00, 0x00, 0x00, 0x00, 0x2E, 0x7F, 0x08, 0x22, 0x7C, 0x12, 0x7C, 0x12, 0x13, 0x30, 0x13, 0x30, 0x13, 0x30, 0x13, 0x30, 0x13, 0x30,
  0x13, 0x30, 0x13, 0x30, 0x08, 0x22, 0xFD, 0x9C, 0xFD, 0x9C, 0xFD, 0x9C, 0xFD, 0x9C, 0xFD, 0x9C, 0xFD, 0x9C, 0x25, 0x7B, 0x25, 0x7B, 0x25, 0x7B,
  0x25, 0x7B, 0x25, 0x7B, 0x25, 0x7B, 0xFD, 0x9C, 0xFD, 0x9C, 0xFD, 0x9C, 0xFD, 0x9C, 0xFD, 0x9C, 0xFD, 0x9C, 0x08, 0x22, 0x13, 0x30, 0x13, 0x30,
  0x13, 0x30, 0x13, 0x30, 0x13, 0x30, 0x13, 0x30, 0x13, 0x30, 0x7C, 0x12, 0x7C, 0x12, 0x08, 0x22, 0x2E, 0x7F, 0x00, 0x00, 0x00, 0x00, 0x00, 0x00,
  0x00, 0x00, 0x00, 0x00, 0x00, 0x00, 0x2E, 0x7F, 0x08, 0x22, 0x7B, 0xF1, 0x7B, 0xF1, 0x1B, 0xF3, 0x1B, 0xF3, 0x1B, 0xF3, 0x1B, 0xF3, 0x1B, 0xF3,
  0x1B, 0xF3, 0x1B, 0xF3, 0x08, 0x22, 0xFD, 0xFD, 0xFD, 0xFD, 0xFD, 0xFD, 0xFD, 0xFD, 0xFD, 0xFD, 0xFD, 0xFD, 0xFD, 0xFD, 0x25, 0x7B, 0x25, 0x7B,
  0x25, 0x7B, 0x25, 0x7B, 0xFD, 0xFD, 0xFD, 0xFD, 0xFD, 0xFD, 0xFD, 0xFD, 0xFD, 0xFD, 0xFD, 0xFD, 0xFD, 0xFD, 0x08, 0x22, 0x1B, 0xF3, 0x1B, 0xF3,
  0x1B, 0xF3, 0x1B, 0xF3, 0x1B, 0xF3, 0x1B, 0xF3, 0x1B, 0xF3, 0x7B, 0xF1, 0x7B, 0xF1, 0x08, 0x22, 0x2E, 0x7F, 0x00, 0x00, 0x00, 0x00, 0x00, 0x00,
  0x00, 0x00, 0x00, 0x00, 0x00, 0x00, 0x2E, 0x7F, 0x08, 0x22, 0x73, 0xD1, 0x73, 0xD1, 0x1C, 0x34, 0x1C, 0x34, 0x1C, 0x34, 0x1C, 0x34, 0x1C, 0x34,
  0x1C, 0x34, 0x1C, 0x34, 0x08, 0x22, 0xFE, 0x5D, 0xFE, 0x5D, 0xFE, 0x5D, 0xFE, 0x5D, 0xFE, 0x5D, 0xFE, 0x5D, 0xFE, 0x5D, 0xFE, 0x5D, 0xFE, 0x5D,
  0xFE, 0x5D, 0xFE, 0x5D, 0xFE, 0x5D, 0xFE, 0x5D, 0xFE, 0x5D, 0xFE, 0x5D, 0xFE, 0x5D, 0xFE, 0x5D, 0xFE, 0x5D, 0x08, 0x22, 0x1C, 0x34, 0x1C, 0x34,
  0x1C, 0x34, 0x1C, 0x34, 0x1C, 0x34, 0x1C, 0x34, 0x1C, 0x34, 0x73, 0xD1, 0x73, 0xD1, 0x08, 0x22, 0x2E, 0x7F, 0x00, 0x00, 0x00, 0x00, 0x00, 0x00,
  0x00, 0x00, 0x00, 0x00, 0x00, 0x00, 0x2E, 0x7F, 0x08, 0x22, 0x73, 0xB0, 0x73, 0xB0, 0x13, 0xB2, 0x13, 0xB2, 0x13, 0xB2, 0x13, 0xB2, 0x13, 0xB2,
  0x13, 0xB2, 0x13, 0xB2, 0x08, 0x22, 0xFE, 0xBE, 0xFE, 0xBE, 0xFE, 0xBE, 0xFE, 0xBE, 0xFE, 0xBE, 0xFE, 0xBE, 0xFE, 0xBE, 0xFE, 0xBE, 0xFE, 0xBE,
  0xFE, 0xBE, 0xFE, 0xBE, 0xFE, 0xBE, 0xFE, 0xBE, 0xFE, 0xBE, 0xFE, 0xBE, 0xFE, 0xBE, 0xFE, 0xBE, 0xFE, 0xBE, 0x08, 0x22, 0x13, 0xB2, 0x13, 0xB2,
  0x13, 0xB2, 0x13, 0xB2, 0x13, 0xB2, 0x13, 0xB2, 0x13, 0xB2, 0x73, 0xB0, 0x73, 0xB0, 0x08, 0x22, 0x2E, 0x7F, 0x00, 0x00, 0x00, 0x00, 0x00, 0x00,
  0x00, 0x00, 0x00, 0x00, 0x00, 0x00, 0x2E, 0x7F, 0x08, 0x22, 0x6B, 0x90, 0x6B, 0x90, 0x1C, 0x96, 0x1C, 0x96, 0x1C, 0x96, 0x1C, 0x96, 0x1C, 0x96,
  0x1C, 0x96, 0x1C, 0x96, 0x08, 0x22, 0x08, 0x22, 0xFF, 0x1E, 0xFF, 0x1E, 0xFF, 0x1E, 0xFF, 0x1E, 0xFF, 0x1E, 0xFF, 0x1E, 0xFF, 0x1E, 0xFF, 0x1E,
  0xFF, 0x1E, 0xFF, 0x1E, 0xFF, 0x1E, 0xFF, 0x1E, 0xFF, 0x1E, 0xFF, 0x1E, 0xFF, 0x1E, 0xFF, 0x1E, 0x08, 0x22, 0x08, 0x22, 0x1C, 0x96, 0x1C, 0x96,
  0x1C, 0x96, 0x1C, 0x96, 0x1C, 0x96, 0x1C, 0x96, 0x1C, 0x96, 0x6B, 0x90, 0x6B, 0x90, 0x08, 0x22, 0x2E, 0x7F, 0x00, 0x00, 0x00, 0x00, 0x00, 0x00,
  0x00, 0x00, 0x00, 0x00, 0x00, 0x00, 0x2E, 0x7F, 0x08, 0x22, 0x6B, 0x6F, 0x6B, 0x6F, 0x1C, 0xB7, 0x1C, 0xB7, 0x1C, 0xB7, 0x1C, 0xB7, 0x1C, 0xB7,
  0x1C, 0xB7, 0x1C, 0xB7, 0x1C, 0xB7, 0x08, 0x22, 0x08, 0x22, 0x08, 0x22, 0x08, 0x22, 0x08, 0x22, 0x08, 0x22, 0x08, 0x22, 0x08, 0x22, 0x08, 0x22,
  0x08, 0x22, 0x08, 0x22, 0x08, 0x22, 0x08, 0x22, 0x08, 0x22, 0x08, 0x22, 0x08, 0x22, 0x08, 0x22, 0x08, 0x22, 0x1C, 0xB7, 0x1C, 0xB7, 0x1C, 0xB7,
  0x1C, 0xB7, 0x1C, 0xB7, 0x1C, 0xB7, 0x1C, 0xB7, 0x1C, 0xB7, 0x6B, 0x6F, 0x6B, 0x6F, 0x08, 0x22, 0x2E, 0x7F, 0x00, 0x00, 0x00, 0x00, 0x00, 0x00,
  0x00, 0x00, 0x00, 0x00, 0x00, 0x00, 0x2E, 0x7F, 0x08, 0x22, 0x63, 0x4F, 0x63, 0x4F, 0x1C, 0x35, 0x1C, 0x35, 0x1C, 0x35, 0x1C, 0x35, 0x1C, 0x35,
  0x1C, 0x35, 0x1C, 0x35, 0x1C, 0x35, 0x1C, 0x35, 0x1C, 0x35, 0x1C, 0x35, 0x1C, 0x35, 0x1C, 0x35, 0x1C, 0x35, 0x1C, 0x35, 0x1C, 0x35, 0x1C, 0x35,
  0x1C, 0x35, 0x1C, 0x35, 0x1C, 0x35, 0x1C, 0x35, 0x1C, 0x35, 0x1C, 0x35, 0x1C, 0x35, 0x1C, 0x35, 0x1C, 0x35, 0x1C, 0x35, 0x1C, 0x35, 0x1C, 0x35,
  0x1C, 0x35, 0x1C, 0x35, 0x1C, 0x35, 0x1C, 0x35, 0x1C, 0x35, 0x63, 0x4F, 0x63, 0x4F, 0x08, 0x22, 0x2E, 0x7F, 0x00, 0x00, 0x00, 0x00, 0x00, 0x00,
  0x00, 0x00, 0x00, 0x00, 0x00, 0x00, 0x2E, 0x7F, 0x08, 0x22, 0x63, 0x2E, 0x63, 0x2E, 0x25, 0x39, 0x25, 0x39, 0x25, 0x39, 0x25, 0x39, 0x25, 0x39,
  0x25, 0x39, 0x25, 0x39, 0x25, 0x39, 0x25, 0x39, 0x25, 0x39, 0x25, 0x39, 0x25, 0x39, 0x25, 0x39, 0x25, 0x39, 0x25, 0x39, 0x25, 0x39, 0x25, 0x39,
  0x25, 0x39, 0x25, 0x39, 0x25, 0x39, 0x25, 0x39, 0x25, 0x39, 0x25, 0x39, 0x25, 0x39, 0x25, 0x39, 0x25, 0x39, 0x25, 0x39, 0x25, 0x39, 0x25, 0x39,
  0x25, 0x39, 0x25, 0x39, 0x25, 0x39, 0x25, 0x39, 0x25, 0x39, 0x63, 0x2E, 0x63, 0x2E, 0x08, 0x22, 0x2E, 0x7F, 0x00, 0x00, 0x00, 0x00, 0x00, 0x00,
  0x00, 0x00, 0x00, 0x00, 0x00, 0x00, 0x2E, 0x7F, 0x08, 0x22, 0x5B, 0x0E, 0x5B, 0x0E, 0x25, 0x5A, 0x25, 0x5A, 0x25, 0x5A, 0x25, 0x5A, 0x25, 0x5A,
  0x25, 0x5A, 0x25, 0x5A, 0x25, 0x5A, 0x25, 0x5A, 0x25, 0x5A, 0x25, 0x5A, 0x25, 0x5A, 0x25, 0x5A, 0x25, 0x5A, 0x25, 0x5A, 0x25, 0x5A, 0x25, 0x5A,
  0x25, 0x5A, 0x25, 0x5A, 0x25, 0x5A, 0x25, 0x5A, 0x25, 0x5A, 0x25, 0x5A, 0x25, 0x5A, 0x25, 0x5A, 0x25, 0x5A, 0x25, 0x5A, 0x25, 0x5A, 0x25, 0x5A,
  0x25, 0x5A, 0x25, 0x5A, 0x25, 0x5A, 0x25, 0x5A, 0x25, 0x5A, 0x5B, 0x0E, 0x5B, 0x0E, 0x08, 0x22, 0x2E, 0x7F, 0x00, 0x00, 0x00, 0x00, 0x00, 0x00,
  0x00, 0x00, 0x00, 0x00, 0x00, 0x00, 0x2E, 0x7F, 0x08, 0x22, 0x5A, 0xED, 0x5A, 0xED, 0x1C, 0xB7, 0x1C, 0xB7, 0x1C, 0xB7, 0x1C, 0xB7, 0x1C, 0xB7,
  0x1C, 0xB7, 0x1C, 0xB7, 0x1C, 0xB7, 0x1C, 0xB7, 0x1C, 0xB7, 0x1C, 0xB7, 0x1C, 0xB7, 0x1C, 0xB7, 0x1C, 0xB7, 0x1C, 0xB7, 0x1C, 0xB7, 0x1C, 0xB7,
  0x1C, 0xB7, 0x1C, 0xB7, 0x1C, 0xB7, 0x1C, 0xB7, 0x1C, 0xB7, 0x1C, 0xB7, 0x1C, 0xB7, 0x1C, 0xB7, 0x1C, 0xB7, 0x1C, 0xB7, 0x1C, 0xB7, 0x1C, 0xB7,
  0x1C, 0xB7, 0x1C, 0xB7, 0x1C, 0xB7, 0x1C, 0xB7, 0x1C, 0xB7, 0x5A, 0xED, 0x5A, 0xED, 0x08, 0x22, 0x2E, 0x7F, 0x00, 0x00, 0x00, 0x00, 0x00, 0x00,
  0x00, 0x00, 0x00, 0x00, 0x00, 0x00, 0x2E, 0x7F, 0x08, 0x22, 0x52, 0xCD, 0x52, 0xCD, 0x25, 0xBC, 0x25, 0xBC, 0x25, 0xBC, 0x25, 0xBC, 0x25, 0xBC,
  0x25, 0xBC, 0x25, 0xBC, 0x25, 0xBC, 0x25, 0xBC, 0x25, 0xBC, 0x25, 0xBC, 0x25, 0xBC, 0x25, 0xBC, 0x25, 0xBC, 0x25, 0xBC, 0x25, 0xBC, 0x25, 0xBC,
  0x25, 0xBC, 0x25, 0xBC, 0x25, 0xBC, 0x25, 0xBC, 0x25, 0xBC, 0x25, 0xBC, 0x25, 0xBC, 0x25, 0xBC, 0x25, 0xBC, 0x25, 0xBC, 0x25, 0xBC, 0x25, 0xBC,
  0x25, 0xBC, 0x25, 0xBC, 0x25, 0xBC, 0x25, 0xBC, 0x25, 0xBC, 0x52, 0xCD, 0x52, 0xCD, 0x08, 0x22, 0x2E, 0x7F, 0x00, 0x00, 0x00, 0x00, 0x00, 0x00,
  0x00, 0x00, 0x00, 0x00, 0x00, 0x00, 0x2E, 0x7F, 0x08, 0x22, 0x52, 0xAC, 0x52, 0xAC, 0x52, 0xAC, 0x25, 0xFD, 0x25, 0xFD, 0x25, 0xFD, 0x25, 0xFD,
  0x25, 0xFD, 0x25, 0xFD, 0x25, 0xFD, 0x25, 0xFD, 0x25, 0xFD, 0x25, 0xFD, 0x25, 0xFD, 0x25, 0xFD, 0x25, 0xFD, 0x25, 0xFD, 0x25, 0xFD, 0x25, 0xFD,
  0x25, 0xFD, 0x25, 0xFD, 0x25, 0xFD, 0x25, 0xFD, 0x25, 0xFD, 0x25, 0xFD, 0x25, 0xFD, 0x25, 0xFD, 0x25, 0xFD, 0x25, 0xFD, 0x25, 0xFD, 0x25, 0xFD,
  0x25, 0xFD, 0x25, 0xFD, 0x25, 0xFD, 0x25, 0xFD, 0x52, 0xAC, 0x52, 0xAC, 0x52, 0xAC, 0x08, 0x22, 0x2E, 0x7F, 0x00, 0x00, 0x00, 0x00, 0x00, 0x00,
  0x00, 0x00, 0x00, 0x00, 0x00, 0x00, 0x2E, 0x7F, 0x08, 0x22, 0x08, 0x22, 0x4A, 0x8C, 0x42, 0x2A, 0x42, 0x2A, 0x25, 0x3A, 0x25, 0x3A, 0x25, 0x3A,
  0x25, 0x3A, 0x25, 0x3A, 0x25, 0x3A, 0x25, 0x3A, 0x25, 0x3A, 0x25, 0x3A, 0x25, 0x3A, 0x25, 0x3A, 0x25, 0x3A, 0x25, 0x3A, 0x25, 0x3A, 0x25, 0x3A,
  0x25, 0x3A, 0x25, 0x3A, 0x25, 0x3A, 0x25, 0x3A, 0x25, 0x3A, 0x25, 0x3A, 0x25, 0x3A, 0x25, 0x3A, 0x25, 0x3A, 0x25, 0x3A, 0x25, 0x3A, 0x25, 0x3A,
  0x25, 0x3A, 0x25, 0x3A, 0x25, 0x3A, 0x42, 0x2A, 0x42, 0x2A, 0x4A, 0x8C, 0x08, 0x22, 0x08, 0x22, 0x2E, 0x7F, 0x00, 0x00, 0x00, 0x00, 0x00, 0x00,
  0x00, 0x00, 0x00, 0x00, 0x00, 0x00, 0x2E, 0x7F, 0x2E, 0x7F, 0x08, 0x22, 0x4A, 0x6B, 0x4A, 0x6B, 0x4A, 0x6B, 0x4A, 0x6B, 0x4A, 0x6B, 0x4A, 0x6B,
  0x4A, 0x6B, 0x4A, 0x6B, 0x4A, 0x6B, 0x4A, 0x6B, 0x4A, 0x6B, 0x4A, 0x6B, 0x4A, 0x6B, 0x4A, 0x6B, 0x4A, 0x6B, 0x4A, 0x6B, 0x4A, 0x6B, 0x4A, 0x6B,
  0x4A, 0x6B, 0x4A, 0x6B, 0x4A, 0x6B, 0x4A, 0x6B, 0x4A, 0x6B, 0x4A, 0x6B, 0x4A, 0x6B, 0x4A, 0x6B, 0x4A, 0x6B, 0x4A, 0x6B, 0x4A, 0x6B, 0x4A, 0x6B,
  0x4A, 0x6B, 0x4A, 0x6B, 0x4A, 0x6B, 0x4A, 0x6B, 0x4A, 0x6B, 0x4A, 0x6B, 0x08, 0x22, 0x2E, 0x7F, 0x2E, 0x7F, 0x00, 0x00, 0x00, 0x00, 0x00, 0x00,
  0x00, 0x00, 0x00, 0x00, 0x00, 0x00, 0x00, 0x00, 0x2E, 0x7F, 0x08, 0x22, 0x08, 0x22, 0x08, 0x22, 0x42, 0x4B, 0x42, 0x4B, 0x42, 0x4B, 0x42, 0x4B,
  0x42, 0x4B, 0x42, 0x4B, 0x42, 0x4B, 0x42, 0x4B, 0x42, 0x4B, 0x42, 0x4B, 0x42, 0x4B, 0x42, 0x4B, 0x42, 0x4B, 0x42, 0x4B, 0x42, 0x4B, 0x42, 0x4B,
  0x42, 0x4B, 0x42, 0x4B, 0x42, 0x4B, 0x42, 0x4B, 0x42, 0x4B, 0x42, 0x4B, 0x42, 0x4B, 0x42, 0x4B, 0x42, 0x4B, 0x42, 0x4B, 0x42, 0x4B, 0x42, 0x4B,
  0x42, 0x4B, 0x42, 0x4B, 0x42, 0x4B, 0x42, 0x4B, 0x08, 0x22, 0x08, 0x22, 0x08, 0x22, 0x2E, 0x7F, 0x00, 0x00, 0x00, 0x00, 0x00, 0x00, 0x00, 0x00,
  0x00, 0x00, 0x00, 0x00, 0x00, 0x00, 0x00, 0x00, 0x00, 0x00, 0x2E, 0x7F, 0x2E, 0x7F, 0x08, 0x22, 0x08, 0x22, 0x08, 0x22, 0x08, 0x22, 0x08, 0x22,
  0x08, 0x22, 0x08, 0x22, 0x08, 0x22, 0x08, 0x22, 0x08, 0x22, 0x08, 0x22, 0x08, 0x22, 0x08, 0x22, 0x08, 0x22, 0x08, 0x22, 0x08, 0x22, 0x08, 0x22,
  0x08, 0x22, 0x08, 0x22, 0x08, 0x22, 0x08, 0x22, 0x08, 0x22, 0x08, 0x22, 0x08, 0x22, 0x08, 0x22, 0x08, 0x22, 0x08, 0x22, 0x08, 0x22, 0x08, 0x22,
  0x08, 0x22, 0x08, 0x22, 0x08, 0x22, 0x08, 0x22, 0x08, 0x22, 0x2E, 0x7F, 0x2E, 0x7F, 0x00, 0x00, 0x00, 0x00, 0x00, 0x00, 0x00, 0x00, 0x00, 0x00,
  0x00, 0x00, 0x00, 0x00, 0x00, 0x00, 0x00, 0x00, 0x00, 0x00, 0x00, 0x00, 0x2E, 0x7F, 0x2E, 0x7F, 0x2E, 0x7F, 0x2E, 0x7F, 0x2E, 0x7F, 0x2E, 0x7F,
  0x2E, 0x7F, 0x2E, 0x7F, 0x2E, 0x7F, 0x2E, 0x7F, 0x2E, 0x7F, 0x2E, 0x7F, 0x2E, 0x7F, 0x2E, 0x7F, 0x2E, 0x7F, 0x2E, 0x7F, 0x2E, 0x7F, 0x2E, 0x7F,
  0x2E, 0x7F, 0x2E, 0x7F, 0x2E, 0x7F, 0x2E, 0x7F, 0x2E, 0x7F, 0x2E, 0x7F, 0x2E, 0x7F, 0x2E, 0x7F, 0x2E, 0x7F, 0x2E, 0x7F, 0x2E, 0x7F, 0x2E, 0x7F,
  0x2E, 0x7F, 0x2E, 0x7F, 0x2E, 0x7F, 0x2E, 0x7F, 0x2E, 0x7F, 0x2E, 0x7F, 0x00, 0x00, 0x00, 0x00, 0x00, 0x00, 0x00, 0x00, 0x00, 0x00, 0x00, 0x00,
  0x00, 0x00, 0x00, 0x00, 0x00, 0x00, 0x00, 0x00, 0x00, 0x00, 0x00, 0x00, 0x00, 0x00, 0x00, 0x00, 0x00, 0x00, 0x00, 0x00, 0x00, 0x00, 0x00, 0x00,
  0x00, 0x00, 0x00, 0x00, 0x00, 0x00, 0x00, 0x00, 0x00, 0x00, 0x00, 0x00, 0x00, 0x00, 0x00, 0x00, 0x00, 0x00, 0x00, 0x00, 0x00, 0x00, 0x00, 0x00,
  0x00, 0x00, 0x00, 0x00, 0x00, 0x00, 0x00, 0x00, 0x00, 0x00, 0x00, 0x00, 0x00, 0x00, 0x00, 0x00, 0x00, 0x00, 0x00, 0x00, 0x00, 0x00, 0x00, 0x00,
  0x00, 0x00, 0x00, 0x00, 0x00, 0x00, 0x00, 0x00, 0x00, 0x00, 0x00, 0x00, 0x00, 0x00, 0x00, 0x00, 0x00, 0x00, 0x00, 0x00, 0x00, 0x00, 0x00, 0x00,
  0x00, 0x00, 0x00, 0x00, 0x00, 0x00, 0x00, 0x00, 0x00, 0x00, 0x00, 0x00, 0x00, 0x00, 0x00, 0x00, 0x00, 0x00, 0x00, 0x00, 0x00, 0x00, 0x00, 0x00,
  0x00, 0x00, 0x00, 0x00, 0x00, 0x00, 0x00, 0x00, 0x00, 0x00, 0x00, 0x00, 0x00, 0x00, 0x00, 0x00, 0x00, 0x00, 0x00, 0x00, 0x00, 0x00, 0x00, 0x00,
  0x00, 0x00, 0x00, 0x00, 0x00, 0x00, 0x00, 0x00, 0x00, 0x00, 0x00, 0x00, 0x00, 0x00, 0x00, 0x00, 0x00, 0x00, 0x00, 0x00, 0x00, 0x00, 0x00, 0x00,
  0x00, 0x00, 0x00, 0x00, 0x00, 0x00, 0x00, 0x00, 0x00, 0x00, 0x00, 0x00, 0x00, 0x00, 0x00, 0x00, 0x00, 0x00, 0x00, 0x00, 0x00, 0x00, 0x00, 0x00,
  0x00, 0x00, 0x00, 0x00, 0x00, 0x00, 0x00, 0x00, 0x00, 0x00, 0x00, 0x00, 0x00, 0x00, 0x00, 0x00, 0x00, 0x00, 0x00, 0x00, 0x00, 0x00, 0x00, 0x00,
  0x00, 0x00, 0x00, 0x00, 0x00, 0x00, 0x00, 0x00, 0x00, 0x00, 0x00, 0x00, 0x00, 0x00, 0x00, 0x00, 0x00, 0x00, 0x00, 0x00, 0x00, 0x00, 0x00, 0x00,
  0x00, 0x00, 0x00, 0x00, 0x00, 0x00, 0x00, 0x00, 0x00, 0x00, 0x00, 0x00, 0x00, 0x00, 0x00, 0x00, 0x00, 0x00, 0x00, 0x00, 0x00, 0x00, 0x00, 0x00,
  0x00, 0x00, 0x00, 0x00, 0x00, 0x00, 0x00, 0x00, 0x00, 0x00, 0x00, 0x00, 0x00, 0x00, 0x00, 0x00, 0x00, 0x00, 0x00, 0x00, 0x00, 0x00, 0x00, 0x00,
};

/* Cola green apagada: mosaico 48x8, se repite hacia arriba */
uint8_t hold_tail_green[768] = {
  0x00, 0x00, 0x00, 0x00, 0x00, 0x00, 0x00, 0x00, 0x00, 0x00, 0x00, 0x00, 0x00, 0x00, 0x00, 0x00, 0x00, 0x00, 0x00, 0x00, 0x00, 0x00, 0x00, 0x00,
  0x01, 0x83, 0x01, 0x83, 0x01, 0x83, 0x1C, 0x6B, 0x1C, 0x6B, 0x1C, 0x6B, 0x1C, 0x6B, 0x1E, 0x8F, 0x1E, 0x8F, 0x1E, 0x8F, 0x67, 0xF6, 0x67, 0xF6,
  0x67, 0xF6, 0x67, 0xF6, 0x1E, 0x8F, 0x1E, 0x8F, 0x1E, 0x8F, 0x1C, 0x6B, 0x1C, 0x6B, 0x1C, 0x6B, 0x1C, 0x6B, 0x01, 0x83, 0x01, 0x83, 0x01, 0x83,
  0x00, 0x00, 0x00, 0x00, 0x00, 0x00, 0x00, 0x00, 0x00, 0x00, 0x00, 0x00, 0x00, 0x00, 0x00, 0x00, 0x00, 0x00, 0x00, 0x00, 0x00, 0x00, 0x00, 0x00,
  0x00, 0x00, 0x00, 0x00, 0x00, 0x00, 0x00, 0x00, 0x00, 0x00, 0x00, 0x00, 0x00, 0x00, 0x00, 0x00, 0x00, 0x00, 0x00, 0x00, 0x00, 0x00, 0x00, 0x00,
  0x01, 0x83, 0x01, 0x83, 0x01, 0x83, 0x1C, 0x6B, 0x1C, 0x6B, 0x1C, 0x6B, 0x1C, 0x6B, 0x1E, 0x8F, 0x1E, 0x8F, 0x1E, 0x8F, 0x67, 0xF6, 0x67, 0xF6,
  0x67, 0xF6, 0x67, 0xF6, 0x1E, 0x8F, 0x1E, 0x8F, 0x1E, 0x8F, 0x1C, 0x6B, 0x1C, 0x6B, 0x1C, 0x6B, 0x1C, 0x6B, 0x01, 0x83, 0x01, 0x83, 0x01, 0x83,
  0x00, 0x00, 0x00, 0x00, 0x00, 0x00, 0x00, 0x00, 0x00, 0x00, 0x00, 0x00, 0x00, 0x00, 0x00, 0x00, 0x00, 0x00, 0x00, 0x00, 0x00, 0x00, 0x00, 0x00,
  0x00, 0x00, 0x00, 0x00, 0x00, 0x00, 0x00, 0x00, 0x00, 0x00, 0x00, 0x00, 0x00, 0x00, 0x00, 0x00, 0x00, 0x00, 0x00, 0x00, 0x00, 0x00, 0x00, 0x00,
  0x01, 0x83, 0x01, 0x83, 0x01, 0x83, 0x04, 0x08, 0x04, 0x08, 0x04, 0x08, 0x04, 0x08, 0x06, 0x6D, 0x06, 0x6D, 0x06, 0x6D, 0x4F, 0xF5, 0x4F, 0xF5,
  0x4F, 0xF5, 0x4F, 0xF5, 0x06, 0x6D, 0x06, 0x6D, 0x06, 0x6D, 0x04, 0x08, 0x04, 0x08, 0x04, 0x08, 0x04, 0x08, 0x01, 0x83, 0x01, 0x83, 0x01, 0x83,
  0x00, 0x00, 0x00, 0x00, 0x00, 0x00, 0x00, 0x00, 0x00, 0x00, 0x00, 0x00, 0x00, 0x00, 0x00, 0x00, 0x00, 0x00, 0x00, 0x00, 0x00, 0x00, 0x00, 0x00,
  0x00, 0x00, 0x00, 0x00, 0x00, 0x00, 0x00, 0x00, 0x00, 0x00, 0x00, 0x00, 0x00, 0x00, 0x00, 0x00, 0x00, 0x00, 0x00, 0x00, 0x00, 0x00, 0x00, 0x00,
  0x01, 0x83, 0x01, 0x83, 0x01, 0x83, 0x04, 0x08, 0x04, 0x08, 0x04, 0x08, 0x04, 0x08, 0x06, 0x6D, 0x06, 0x6D, 0x06, 0x6D, 0x4F, 0xF5, 0x4F, 0xF5,
  0x4F, 0xF5, 0x4F, 0xF5, 0x06, 0x6D, 0x06, 0x6D, 0x06, 0x6D, 0x04, 0x08, 0x04, 0x08, 0x04, 0x08, 0x04, 0x08, 0x01, 0x83, 0x01, 0x83, 0x01, 0x83,
  0x00, 0x00, 0x00, 0x00, 0x00, 0x00, 0x00, 0x00, 0x00, 0x00, 0x00, 0x00, 0x00, 0x00, 0x00, 0x00, 0x00, 0x00, 0x00, 0x00, 0x00, 0x00, 0x00, 0x00,
  0x00, 0x00, 0x00, 0x00, 0x00, 0x00, 0x00, 0x00, 0x00, 0x00, 0x00, 0x00, 0x00, 0x00, 0x00, 0x00, 0x00, 0x00, 0x00, 0x00, 0x00, 0x00, 0x00, 0x00,
  0x01, 0x83, 0x01, 0x83, 0x01, 0x83, 0x04, 0x08, 0x04, 0x08, 0x04, 0x08, 0x04, 0x08, 0x06, 0x6D, 0x06, 0x6D, 0x06, 0x6D, 0x4F, 0xF5, 0x4F, 0xF5,
  0x4F, 0xF5, 0x4F, 0xF5, 0x06, 0x6D, 0x06, 0x6D, 0x06, 0x6D, 0x04, 0x08, 0x04, 0x08, 0x04, 0x08, 0x04, 0x08, 0x01, 0x83, 0x01, 0x83, 0x01, 0x83,
  0x00, 0x00, 0x00, 0x00, 0x00, 0x00, 0x00, 0x00, 0x00, 0x00, 0x00, 0x00, 0x00, 0x00, 0x00, 0x00, 0x00, 0x00, 0x00, 0x00, 0x00, 0x00, 0x00, 0x00,
  0x00, 0x00, 0x00, 0x00, 0x00, 0x00, 0x00, 0x00, 0x00, 0x00, 0x00, 0x00, 0x00, 0x00, 0x00, 0x00, 0x00, 0x00, 0x00, 0x00, 0x00, 0x00, 0x00, 0x00,
  0x01, 0x83, 0x01, 0x83, 0x01, 0x83, 0x04, 0x08, 0x04, 0x08, 0x04, 0x08, 0x04, 0x08, 0x06, 0x6D, 0x06, 0x6D, 0x06, 0x6D, 0x4F, 0xF5, 0x4F, 0xF5,
  0x4F, 0xF5, 0x4F, 0xF5, 0x06, 0x6D, 0x06, 0x6D, 0x06, 0x6D, 0x04, 0x08, 0x04, 0x08, 0x04, 0x08, 0x04, 0x08, 0x01, 0x83, 0x01, 0x83, 0x01, 0x83,
  0x00, 0x00, 0x00, 0x00, 0x00, 0x00, 0x00, 0x00, 0x00, 0x00, 0x00, 0x00, 0x00, 0x00, 0x00, 0x00, 0x00, 0x00, 0x00, 0x00, 0x00, 0x00, 0x00, 0x00,
  0x00, 0x00, 0x00, 0x00, 0x00, 0x00, 0x00, 0x00, 0x00, 0x00, 0x00, 0x00, 0x00, 0x00, 0x00, 0x00, 0x00, 0x00, 0x00, 0x00, 0x00, 0x00, 0x00, 0x00,
  0x01, 0x83, 0x01, 0x83, 0x01, 0x83, 0x04, 0x08, 0x04, 0x08, 0x04, 0x08, 0x04, 0x08, 0x06, 0x6D, 0x06, 0x6D, 0x06, 0x6D, 0x4F, 0xF5, 0x4F, 0xF5,
  0x4F, 0xF5, 0x4F, 0xF5, 0x06, 0x6D, 0x06, 0x6D, 0x06, 0x6D, 0x04, 0x08, 0x04, 0x08, 0x04, 0x08, 0x04, 0x08, 0x01, 0x83, 0x01, 0x83, 0x01, 0x83,
  0x00, 0x00, 0x00, 0x00, 0x00, 0x00, 0x00, 0x00, 0x00, 0x00, 0x00, 0x00, 0x00, 0x00, 0x00, 0x00, 0x00, 0x00, 0x00, 0x00, 0x00, 0x00, 0x00, 0x00,
  0x00, 0x00, 0x00, 0x00, 0x00, 0x00, 0x00, 0x00, 0x00, 0x00, 0x00, 0x00, 0x00, 0x00, 0x00, 0x00, 0x00, 0x00, 0x00, 0x00, 0x00, 0x00, 0x00, 0x00,
  0x01, 0x83, 0x01, 0x83, 0x01, 0x83, 0x04, 0x08, 0x04, 0x08, 0x04, 0x08, 0x04, 0x08, 0x06, 0x6D, 0x06, 0x6D, 0x06, 0x6D, 0x4F, 0xF5, 0x4F, 0xF5,
  0x4F, 0xF5, 0x4F, 0xF5, 0x06, 0x6D, 0x06, 0x6D, 0x06, 0x6D, 0x04, 0x08, 0x04, 0x08, 0x04, 0x08, 0x04, 0x08, 0x01, 0x83, 0x01, 0x83, 0x01, 0x83,
  0x00, 0x00, 0x00, 0x00, 0x00, 0x00, 0x00, 0x00, 0x00, 0x00, 0x00, 0x00, 0x00, 0x00, 0x00, 0x00, 0x00, 0x00, 0x00, 0x00, 0x00, 0x00, 0x00, 0x00,
};

/* Cola green encendida (sostenida): mosaico 48x8, se repite hacia arriba */
uint8_t hold_tail_green_on[768] = {
  0x00, 0x00, 0x00, 0x00, 0x00, 0x00, 0x00, 0x00, 0x00, 0x00, 0x00, 0x00, 0x00, 0x00, 0x00, 0x00, 0x00, 0x00, 0x00, 0x00, 0x00, 0x00, 0x00, 0x00,
  0x03, 0x26, 0x03, 0x26, 0x03, 0x26, 0x67, 0xF6, 0x67, 0xF6, 0x67, 0xF6, 0x67, 0xF6, 0xD7, 0xFD, 0xD7, 0xFD, 0xD7, 0xFD, 0xFF, 0xFF, 0xFF, 0xFF,
  0xFF, 0xFF, 0xFF, 0xFF, 0xD7, 0xFD, 0xD7, 0xFD, 0xD7, 0xFD, 0x67, 0xF6, 0x67, 0xF6, 0x67, 0xF6, 0x67, 0xF6, 0x03, 0x26, 0x03, 0x26, 0x03, 0x26,
  0x00, 0x00, 0x00, 0x00, 0x00, 0x00, 0x00, 0x00, 0x00, 0x00, 0x00, 0x00, 0x00, 0x00, 0x00, 0x00, 0x00, 0x00, 0x00, 0x00, 0x00, 0x00, 0x00, 0x00,
  0x00, 0x00, 0x00, 0x00, 0x00, 0x00, 0x00, 0x00, 0x00, 0x00, 0x00, 0x00, 0x00, 0x00, 0x00, 0x00, 0x00, 0x00, 0x00, 0x00, 0x00, 0x00, 0x00, 0x00,
  0x03, 0x26, 0x03, 0x26, 0x03, 0x26, 0x67, 0xF6, 0x67, 0xF6, 0x67, 0xF6, 0x67, 0xF6, 0xD7, 0xFD, 0xD7, 0xFD, 0xD7, 0xFD, 0xFF, 0xFF, 0xFF, 0xFF,
  0xFF, 0xFF, 0xFF, 0xFF, 0xD7, 0xFD, 0xD7, 0xFD, 0xD7, 0xFD, 0x67, 0xF6, 0x67, 0xF6, 0x67, 0xF6, 0x67, 0xF6, 0x03, 0x26, 0x03, 0x26, 0x03, 0x26,
  0x00, 0x00, 0x00, 0x00, 0x00, 0x00, 0x00, 0x00, 0x00, 0x00, 0x00, 0x00, 0x00, 0x00, 0x00, 0x00, 0x00, 0x00, 0x00, 0x00, 0x00, 0x00, 0x00, 0x00,
  0x00, 0x00, 0x00, 0x00, 0x00, 0x00, 0x00, 0x00, 0x00, 0x00, 0x00, 0x00, 0x00, 0x00, 0x00, 0x00, 0x00, 0x00, 0x00, 0x00, 0x00, 0x00, 0x00, 0x00,
  0x03, 0x26, 0x03, 0x26, 0x03, 0x26, 0x07, 0xF0, 0x07, 0xF0, 0x07, 0xF0, 0x07, 0xF0, 0xB7, 0xFB, 0xB7, 0xFB, 0xB7, 0xFB, 0xFF, 0xFF, 0xFF, 0xFF,
  0xFF, 0xFF, 0xFF, 0xFF, 0xB7, 0xFB, 0xB7, 0xFB, 0xB7, 0xFB, 0x07, 0xF0, 0x07, 0xF0, 0x07, 0xF0, 0x07, 0xF0, 0x03, 0x26, 0x03, 0x26, 0x03, 0x26,
  0x00, 0x00, 0x00, 0x00, 0x00, 0x00, 0x00, 0x00, 0x00, 0x00, 0x00, 0x00, 0x00, 0x00, 0x00, 0x00, 0x00, 0x00, 0x00, 0x00, 0x00, 0x00, 0x00, 0x00,
  0x00, 0x00, 0x00, 0x00, 0x00, 0x00, 0x00, 0x00, 0x00, 0x00, 0x00, 0x00, 0x00, 0x00, 0x00, 0x00, 0x00, 0x00, 0x00, 0x00, 0x00, 0x00, 0x00, 0x00,
  0x03, 0x26, 0x03, 0x26, 0x03, 0x26, 0x07, 0xF0, 0x07, 0xF0, 0x07, 0xF0, 0x07, 0xF0, 0xB7, 0xFB, 0xB7, 0xFB, 0xB7, 0xFB, 0xFF, 0xFF, 0xFF, 0xFF,
  0xFF, 0xFF, 0xFF, 0xFF, 0xB7, 0xFB, 0xB7, 0xFB, 0xB7, 0xFB, 0x07, 0xF0, 0x07, 0xF0, 0x07, 0xF0, 0x07, 0xF0, 0x03, 0x26, 0x03, 0x26, 0x03, 0x26,
  0x00, 0x00, 0x00, 0x00, 0x00, 0x00, 0x00, 0x00, 0x00, 0x00, 0x00, 0x00, 0x00, 0x00, 0x00, 0x00, 0x00, 0x00, 0x00, 0x00, 0x00, 0x00, 0x00, 0x00,
  0x00, 0x00, 0x00, 0x00, 0x00, 0x00, 0x00, 0x00, 0x00, 0x00, 0x00, 0x00, 0x00, 0x00, 0x00, 0x00, 0x00, 0x00, 0x00, 0x00, 0x00, 0x00, 0x00, 0x00,
  0x03, 0x26, 0x03, 0x26, 0x03, 0x26, 0x07, 0xF0, 0x07, 0xF0, 0x07, 0xF0, 0x07, 0xF0, 0xB7, 0xFB, 0xB7, 0xFB, 0xB7, 0xFB, 0xFF, 0xFF, 0xFF, 0xFF,
  0xFF, 0xFF, 0xFF, 0xFF, 0xB7, 0xFB, 0xB7, 0xFB, 0xB7, 0xFB, 0x07, 0xF0, 0x07, 0xF0, 0x07, 0xF0, 0x07, 0xF0, 0x03, 0x26, 0x03, 0x26, 0x03, 0x26,
  0x00, 0x00, 0x00, 0x00, 0x00, 0x00, 0x00, 0x00, 0x00, 0x00, 0x00, 0x00, 0x00, 0x00, 0x00, 0x00, 0x00, 0x00, 0x00, 0x00, 0x00, 0x00, 0x00, 0x00,
  0x00, 0x00, 0x00, 0x00, 0x00, 0x00, 0x00, 0x00, 0x00, 0x00, 0x00, 0x00, 0x00, 0x00, 0x00, 0x00, 0x00, 0x00, 0x00, 0x00, 0x00, 0x00, 0x00, 0x00,
  0x03, 0x26, 0x03, 0x26, 0x03, 0x26, 0x07, 0xF0, 0x07, 0xF0, 0x07, 0xF0, 0x07, 0xF0, 0xB7, 0xFB, 0xB7, 0xFB, 0xB7, 0xFB, 0xFF, 0xFF, 0xFF, 0xFF,
  0xFF, 0xFF, 0xFF, 0xFF, 0xB7, 0xFB, 0xB7, 0xFB, 0xB7, 0xFB, 0x07, 0xF0, 0x07, 0xF0, 0x07, 0xF0, 0x07, 0xF0, 0x03, 0x26, 0x03, 0x26, 0x03, 0x26,
  0x00, 0x00, 0x00, 0x00, 0x00, 0x00, 0x00, 0x00, 0x00, 0x00, 0x00, 0x00, 0x00, 0x00, 0x00, 0x00, 0x00, 0x00, 0x00, 0x00, 0x00, 0x00, 0x00, 0x00,
  0x00, 0x00, 0x00, 0x00, 0x00, 0x00, 0x00, 0x00, 0x00, 0x00, 0x00, 0x00, 0x00, 0x00, 0x00, 0x00, 0x00, 0x00, 0x00, 0x00, 0x00, 0x00, 0x00, 0x00,
  0x03, 0x26, 0x03, 0x26, 0x03, 0x26, 0x07, 0xF0, 0x07, 0xF0, 0x07, 0xF0, 0x07, 0xF0, 0xB7, 0xFB, 0xB7, 0xFB, 0xB7, 0xFB, 0xFF, 0xFF, 0xFF, 0xFF,
  0xFF, 0xFF, 0xFF, 0xFF, 0xB7, 0xFB, 0xB7, 0xFB, 0xB7, 0xFB, 0x07, 0xF0, 0x07, 0xF0, 0x07, 0xF0, 0x07, 0xF0, 0x03, 0x26, 0x03, 0x26, 0x03, 0x26,
  0x00, 0x00, 0x00, 0x00, 0x00, 0x00, 0x00, 0x00, 0x00, 0x00, 0x00, 0x00, 0x00, 0x00, 0x00, 0x00, 0x00, 0x00, 0x00, 0x00, 0x00, 0x00, 0x00, 0x00,
  0x00, 0x00, 0x00, 0x00, 0x00, 0x00, 0x00, 0x00, 0x00, 0x00, 0x00, 0x00, 0x00, 0x00, 0x00, 0x00, 0x00, 0x00, 0x00, 0x00, 0x00, 0x00, 0x00, 0x00,
  0x03, 0x26, 0x03, 0x26, 0x03, 0x26, 0x07, 0xF0, 0x07, 0xF0, 0x07, 0xF0, 0x07, 0xF0, 0xB7, 0xFB, 0xB7, 0xFB, 0xB7, 0xFB, 0xFF, 0xFF, 0xFF, 0xFF,
  0xFF, 0xFF, 0xFF, 0xFF, 0xB7, 0xFB, 0xB7, 0xFB, 0xB7, 0xFB, 0x07, 0xF0, 0x07, 0xF0, 0x07, 0xF0, 0x07, 0xF0, 0x03, 0x26, 0x03, 0x26, 0x03, 0x26,
  0x00, 0x00, 0x00, 0x00, 0x00, 0x00, 0x00, 0x00, 0x00, 0x00, 0x00, 0x00, 0x00, 0x00, 0x00, 0x00, 0x00, 0x00, 0x00, 0x00, 0x00, 0x00, 0x00, 0x00,
};

/* Cola red apagada: mosaico 48x8, se repite hacia arriba */
uint8_t hold_tail_red[768] = {
  0x00, 0x00, 0x00, 0x00, 0x00, 0x00, 0x00, 0x00, 0x00, 0x00, 0x00, 0x00, 0x00, 0x00, 0x00, 0x00, 0x00, 0x00, 0x00, 0x00, 0x00, 0x00, 0x00, 0x00,
  0x30, 0x42, 0x30, 0x42, 0x30, 0x42, 0x89, 0x89, 0x89, 0x89, 0x89, 0x89, 0x89, 0x89, 0xD1, 0xCD, 0xD1, 0xCD, 0xD1, 0xCD, 0xFB, 0xD4, 0xFB, 0xD4,
  0xFB, 0xD4, 0xFB, 0xD4, 0xD1, 0xCD, 0xD1, 0xCD, 0xD1, 0xCD, 0x89, 0x89, 0x89, 0x89, 0x89, 0x89, 0x89, 0x89, 0x30, 0x42, 0x30, 0x42, 0x30, 0x42,
  0x00, 0x00, 0x00, 0x00, 0x00, 0x00, 0x00, 0x00, 0x00, 0x00, 0x00, 0x00, 0x00, 0x00, 0x00, 0x00, 0x00, 0x00, 0x00, 0x00, 0x00, 0x00, 0x00, 0x00,
  0x00, 0x00, 0x00, 0x00, 0x00, 0x00, 0x00, 0x00, 0x00, 0x00, 0x00, 0x00, 0x00, 0x00, 0x00, 0x00, 0x00, 0x00, 0x00, 0x00, 0x00, 0x00, 0x00, 0x00,
  0x30, 0x42, 0x30, 0x42, 0x30, 0x42, 0x89, 0x89, 0x89, 0x89, 0x89, 0x89, 0x89, 0x89, 0xD1, 0xCD, 0xD1, 0xCD, 0xD1, 0xCD, 0xFB, 0xD4, 0xFB, 0xD4,
  0xFB, 0xD4, 0xFB, 0xD4, 0xD1, 0xCD, 0xD1, 0xCD, 0xD1, 0xCD, 0x89, 0x89, 0x89, 0x89, 0x89, 0x89, 0x89, 0x89, 0x30, 0x42, 0x30, 0x42, 0x30, 0x42,
  0x00, 0x00, 0x00, 0x00, 0x00, 0x00, 0x00, 0x00, 0x00, 0x00, 0x00, 0x00, 0x00, 0x00, 0x00, 0x00, 0x00, 0x00, 0x00, 0x00, 0x00, 0x00, 0x00, 0x00,
  0x00, 0x00, 0x00, 0x00, 0x00, 0x00, 0x00, 0x00, 0x00, 0x00, 0x00, 0x00, 0x00, 0x00, 0x00, 0x00, 0x00, 0x00, 0x00, 0x00, 0x00, 0x00, 0x00, 0x00,
  0x30, 0x42, 0x30, 0x42, 0x30, 0x42, 0x80, 0xA6, 0x80, 0xA6, 0x80, 0xA6, 0x80, 0xA6, 0xC9, 0x0B, 0xC9, 0x0B, 0xC9, 0x0B, 0xFB, 0x53, 0xFB, 0x53,
  0xFB, 0x53, 0xFB, 0x53, 0xC9, 0x0B, 0xC9, 0x0B, 0xC9, 0x0B, 0x80, 0xA6, 0x80, 0xA6, 0x80, 0xA6, 0x80, 0xA6, 0x30, 0x42, 0x30, 0x42, 0x30, 0x42,
  0x00, 0x00, 0x00, 0x00, 0x00, 0x00, 0x00, 0x00, 0x00, 0x00, 0x00, 0x00, 0x00, 0x00, 0x00, 0x00, 0x00, 0x00, 0x00, 0x00, 0x00, 0x00, 0x00, 0x00,
  0x00, 0x00, 0x00, 0x00, 0x00, 0x00, 0x00, 0x00, 0x00, 0x00, 0x00, 0x00, 0x00, 0x00, 0x00, 0x00, 0x00, 0x00, 0x00, 0x00, 0x00, 0x00, 0x00, 0x00,
  0x30, 0x42, 0x30, 0x42, 0x30, 0x42, 0x80, 0xA6, 0x80, 0xA6, 0x80, 0xA6, 0x80, 0xA6, 0xC9, 0x0B, 0xC9, 0x0B, 0xC9, 0x0B, 0xFB, 0x53, 0xFB, 0x53,
  0xFB, 0x53, 0xFB, 0x53, 0xC9, 0x0B, 0xC9, 0x0B, 0xC9, 0x0B, 0x80, 0xA6, 0x80, 0xA6, 0x80, 0xA6, 0x80, 0xA6, 0x30, 0x42, 0x30, 0x42, 0x30, 0x42,
  0x00, 0x00, 0x00, 0x00, 0x00, 0x00, 0x00, 0x00, 0x00, 0x00, 0x00, 0x00, 0x00, 0x00, 0x00, 0x00, 0x00, 0x00, 0x00, 0x00, 0x00, 0x00, 0x00, 0x00,
  0x00, 0x00, 0x00, 0x00, 0x00, 0x00, 0x00, 0x00, 0x00, 0x00, 0x00, 0x00, 0x00, 0x00, 0x00, 0x00, 0x00, 0x00, 0x00, 0x00, 0x00, 0x00, 0x00, 0x00,
  0x30, 0x42, 0x30, 0x42, 0x30, 0x42, 0x80, 0xA6, 0x80, 0xA6, 0x80, 0xA6, 0x80, 0xA6, 0xC9, 0x0B, 0xC9, 0x0B, 0xC9, 0x0B, 0xFB, 0x53, 0xFB, 0x53,
  0xFB, 0x53, 0xFB, 0x53, 0xC9, 0x0B, 0xC9, 0x0B, 0xC9, 0x0B, 0x80, 0xA6, 0x80, 0xA6, 0x80, 0xA6, 0x80, 0xA6, 0x30, 0x42, 0x30, 0x42, 0x30, 0x42,
  0x00, 0x00, 0x00, 0x00, 0x00, 0x00, 0x00, 0x00, 0x00, 0x00, 0x00, 0x00, 0x00, 0x00, 0x00, 0x00, 0x00, 0x00, 0x00, 0x00, 0x00, 0x00, 0x00, 0x00,
  0x00, 0x00, 0x00, 0x00, 0x00, 0x00, 0x00, 0x00, 0x00, 0x00, 0x00, 0x00, 0x00, 0x00, 0x00, 0x00, 0x00, 0x00, 0x00, 0x00, 0x00, 0x00, 0x00, 0x00,
  0x30, 0x42, 0x30, 0x42, 0x30, 0x42, 0x80, 0xA6, 0x80, 0xA6, 0x80, 0xA6, 0x80, 0xA6, 0xC9, 0x0B, 0xC9, 0x0B, 0xC9, 0x0B, 0xFB, 0x53, 0xFB, 0x53,
  0xFB, 0x53, 0xFB, 0x53, 0xC9, 0x0B, 0xC9, 0x0B, 0xC9, 0x0B, 0x80, 0xA6, 0x80, 0xA6, 0x80, 0xA6, 0x80, 0xA6, 0x30, 0x42, 0x30, 0x42, 0x30, 0x42,
  0x00, 0x00, 0x00, 0x00, 0x00, 0x00, 0x00, 0x00, 0x00, 0x00, 0x00, 0x00, 0x00, 0x00, 0x00, 0x00, 0x00, 0x00, 0x00, 0x00, 0x00, 0x00, 0x00, 0x00,
  0x00, 0x00, 0x00, 0x00, 0x00, 0x00, 0x00, 0x00, 0x00, 0x00, 0x00, 0x00, 0x00, 0x00, 0x00, 0x00, 0x00, 0x00, 0x00, 0x00, 0x00, 0x00, 0x00, 0x00,
  0x30, 0x42, 0x30, 0x42, 0x30, 0x42, 0x80, 0xA6, 0x80, 0xA6, 0x80, 0xA6, 0x80, 0xA6, 0xC9, 0x0B, 0xC9, 0x0B, 0xC9, 0x0B, 0xFB, 0x53, 0xFB, 0x53,
  0xFB, 0x53, 0xFB, 0x53, 0xC9, 0x0B, 0xC9, 0x0B, 0xC9, 0x0B, 0x80, 0xA6, 0x80, 0xA6, 0x80, 0xA6, 0x80, 0xA6, 0x30, 0x42, 0x30, 0x42, 0x30, 0x42,
  0x00, 0x00, 0x00, 0x00, 0x00, 0x00, 0x00, 0x00, 0x00, 0x00, 0x00, 0x00, 0x00, 0x00, 0x00, 0x00, 0x00, 0x00, 0x00, 0x00, 0x00, 0x00, 0x00, 0x00,
  0x00, 0x00, 0x00, 0x00, 0x00, 0x00, 0x00, 0x00, 0x00, 0x00, 0x00, 0x00, 0x00, 0x00, 0x00, 0x00, 0x00, 0x00, 0x00, 0x00, 0x00, 0x00, 0x00, 0x00,
  0x30, 0x42, 0x30, 0x42, 0x30, 0x42, 0x80, 0xA6, 0x80, 0xA6, 0x80, 0xA6, 0x80, 0xA6, 0xC9, 0x0B, 0xC9, 0x0B, 0xC9, 0x0B, 0xFB, 0x53, 0xFB, 0x53,
  0xFB, 0x53, 0xFB, 0x53, 0xC9, 0x0B, 0xC9, 0x0B, 0xC9, 0x0B, 0x80, 0xA6, 0x80, 0xA6, 0x80, 0xA6, 0x80, 0xA6, 0x30, 0x42, 0x30, 0x42, 0x30, 0x42,
  0x00, 0x00, 0x00, 0x00, 0x00, 0x00, 0x00, 0x00, 0x00, 0x00, 0x00, 0x00, 0x00, 0x00, 0x00, 0x00, 0x00, 0x00, 0x00, 0x00, 0x00, 0x00, 0x00, 0x00,
};

/* Cola red encendida (sostenida): mosaico 48x8, se repite hacia arriba */
uint8_t hold_tail_red_on[768] = {
  0x00, 0x00, 0x00, 0x00, 0x00, 0x00, 0x00, 0x00, 0x00, 0x00, 0x00, 0x00, 0x00, 0x00, 0x00, 0x00, 0x00, 0x00, 0x00, 0x00, 0x00, 0x00, 0x00, 0x00,
  0x60, 0x85, 0x60, 0x85, 0x60, 0x85, 0xFB, 0xF5, 0xFB, 0xF5, 0xFB, 0xF5, 0xFB, 0xF5, 0xFE, 0xDC, 0xFE, 0xDC, 0xFE, 0xDC, 0xFF, 0xFF, 0xFF, 0xFF,
  0xFF, 0xFF, 0xFF, 0xFF, 0xFE, 0xDC, 0xFE, 0xDC, 0xFE, 0xDC, 0xFB, 0xF5, 0xFB, 0xF5, 0xFB, 0xF5, 0xFB, 0xF5, 0x60, 0x85, 0x60, 0x85, 0x60, 0x85,
  0x00, 0x00, 0x00, 0x00, 0x00, 0x00, 0x00, 0x00, 0x00, 0x00, 0x00, 0x00, 0x00, 0x00, 0x00, 0x00, 0x00, 0x00, 0x00, 0x00, 0x00, 0x00, 0x00, 0x00,
  0x00, 0x00, 0x00, 0x00, 0x00, 0x00, 0x00, 0x00, 0x00, 0x00, 0x00, 0x00, 0x00, 0x00, 0x00, 0x00, 0x00, 0x00, 0x00, 0x00, 0x00, 0x00, 0x00, 0x00,
  0x60, 0x85, 0x60, 0x85, 0x60, 0x85, 0xFB, 0xF5, 0xFB, 0xF5, 0xFB, 0xF5, 0xFB, 0xF5, 0xFE, 0xDC, 0xFE, 0xDC, 0xFE, 0xDC, 0xFF, 0xFF, 0xFF, 0xFF,
  0xFF, 0xFF, 0xFF, 0xFF, 0xFE, 0xDC, 0xFE, 0xDC, 0xFE, 0xDC, 0xFB, 0xF5, 0xFB, 0xF5, 0xFB, 0xF5, 0xFB, 0xF5, 0x60, 0x85, 0x60, 0x85, 0x60, 0x85,
  0x00, 0x00, 0x00, 0x00, 0x00, 0x00, 0x00, 0x00, 0x00, 0x00, 0x00, 0x00, 0x00, 0x00, 0x00, 0x00, 0x00, 0x00, 0x00, 0x00, 0x00, 0x00, 0x00, 0x00,
  0x00, 0x00, 0x00, 0x00, 0x00, 0x00, 0x00, 0x00, 0x00, 0x00, 0x00, 0x00, 0x00, 0x00, 0x00, 0x00, 0x00, 0x00, 0x00, 0x00, 0x00, 0x00, 0x00, 0x00,
  0x60, 0x85, 0x60, 0x85, 0x60, 0x85, 0xF9, 0x4D, 0xF9, 0x4D, 0xF9, 0x4D, 0xF9, 0x4D, 0xFD, 0xFA, 0xFD, 0xFA, 0xFD, 0xFA, 0xFF, 0xFF, 0xFF, 0xFF,
  0xFF, 0xFF, 0xFF, 0xFF, 0xFD, 0xFA, 0xFD, 0xFA, 0xFD, 0xFA, 0xF9, 0x4D, 0xF9, 0x4D, 0xF9, 0x4D, 0xF9, 0x4D, 0x60, 0x85, 0x60, 0x85, 0x60, 0x85,
  0x00, 0x00, 0x00, 0x00, 0x00, 0x00, 0x00, 0x00, 0x00, 0x00, 0x00, 0x00, 0x00, 0x00, 0x00, 0x00, 0x00, 0x00, 0x00, 0x00, 0x00, 0x00, 0x00, 0x00,
  0x00, 0x00, 0x00, 0x00, 0x00, 0x00, 0x00, 0x00, 0x00, 0x00, 0x00, 0x00, 0x00, 0x00, 0x00, 0x00, 0x00, 0x00, 0x00, 0x00, 0x00, 0x00, 0x00, 0x00,
  0x60, 0x85, 0x60, 0x85, 0x60, 0x85, 0xF9, 0x4D, 0xF9, 0x4D, 0xF9, 0x4D, 0xF9, 0x4D, 0xFD, 0xFA, 0xFD, 0xFA, 0xFD, 0xFA, 0xFF, 0xFF, 0xFF, 0xFF,
  0xFF, 0xFF, 0xFF, 0xFF, 0xFD, 0xFA, 0xFD, 0xFA, 0xFD, 0xFA, 0xF9, 0x4D, 0xF9, 0x4D, 0xF9, 0x4D, 0xF9, 0x4D, 0x60, 0x85, 0x60, 0x85, 0x60, 0x85,
  0x00, 0x00, 0x00, 0x00, 0x00, 0x00, 0x00, 0x00, 0x00, 0x00, 0x00, 0x00, 0x00, 0x00, 0x00, 0x00, 0x00, 0x00, 0x00, 0x00, 0x00, 0x00, 0x00, 0x00,
  0x00, 0x00, 0x00, 0x00, 0x00, 0x00, 0x00, 0x00, 0x00, 0x00, 0x00, 0x00, 0x00, 0x00, 0x00, 0x00, 0x00, 0x00, 0x00, 0x00, 0x00, 0x00, 0x00, 0x00,
  0x60, 0x85, 0x60, 0x85, 0x60, 0x85, 0xF9, 0x4D, 0xF9, 0x4D, 0xF9, 0x4D, 0xF9, 0x4D, 0xFD, 0xFA, 0xFD, 0xFA, 0xFD, 0xFA, 0xFF, 0xFF, 0xFF, 0xFF,
  0xFF, 0xFF, 0xFF, 0xFF, 0xFD, 0xFA, 0xFD, 0xFA, 0xFD, 0xFA, 0xF9, 0x4D, 0xF9, 0x4D, 0xF9, 0x4D, 0xF9, 0x4D, 0x60, 0x85, 0x60, 0x85, 0x60, 0x85,
  0x00, 0x00, 0x00, 0x00, 0x00, 0x00, 0x00, 0x00, 0x00, 0x00, 0x00, 0x00, 0x00, 0x00, 0x00, 0x00, 0x00, 0x00, 0x00, 0x00, 0x00, 0x00, 0x00, 0x00,
  0x00, 0x00, 0x00, 0x00, 0x00, 0x00, 0x00, 0x00, 0x00, 0x00, 0x00, 0x00, 0x00, 0x00, 0x00, 0x00, 0x00, 0x00, 0x00, 0x00, 0x00, 0x00, 0x00, 0x00,
  0x60, 0x85, 0x60, 0x85, 0x60, 0x85, 0xF9, 0x4D, 0xF9, 0x4D, 0xF9, 0x4D, 0xF9, 0x4D, 0xFD, 0xFA, 0xFD, 0xFA, 0xFD, 0xFA, 0xFF, 0xFF, 0xFF, 0xFF,
  0xFF, 0xFF, 0xFF, 0xFF, 0xFD, 0xFA, 0xFD, 0xFA, 0xFD, 0xFA, 0xF9, 0x4D, 0xF9, 0x4D, 0xF9, 0x4D, 0xF9, 0x4D, 0x60, 0x85, 0x60, 0x85, 0x60, 0x85,
  0x00, 0x00, 0x00, 0x00, 0x00, 0x00, 0x00, 0x00, 0x00, 0x00, 0x00, 0x00, 0x00, 0x00, 0x00, 0x00, 0x00, 0x00, 0x00, 0x00, 0x00, 0x00, 0x00, 0x00,
  0x00, 0x00, 0x00, 0x00, 0x00, 0x00, 0x00, 0x00, 0x00, 0x00, 0x00, 0x00, 0x00, 0x00, 0x00, 0x00, 0x00, 0x00, 0x00, 0x00, 0x00, 0x00, 0x00, 0x00,
  0x60, 0x85, 0x60, 0x85, 0x60, 0x85, 0xF9, 0x4D, 0xF9, 0x4D, 0xF9, 0x4D, 0xF9, 0x4D, 0xFD, 0xFA, 0xFD, 0xFA, 0xFD, 0xFA, 0xFF, 0xFF, 0xFF, 0xFF,
  0xFF, 0xFF, 0xFF, 0xFF, 0xFD, 0xFA, 0xFD, 0xFA, 0xFD, 0xFA, 0xF9, 0x4D, 0xF9, 0x4D, 0xF9, 0x4D, 0xF9, 0x4D, 0x60, 0x85, 0x60, 0x85, 0x60, 0x85,
  0x00, 0x00, 0x00, 0x00, 0x00, 0x00, 0x00, 0x00, 0x00, 0x00, 0x00, 0x00, 0x00, 0x00, 0x00, 0x00, 0x00, 0x00, 0x00, 0x00, 0x00, 0x00, 0x00, 0x00,
  0x00, 0x00, 0x00, 0x00, 0x00, 0x00, 0x00, 0x00, 0x00, 0x00, 0x00, 0x00, 0x00, 0x00, 0x00, 0x00, 0x00, 0x00, 0x00, 0x00, 0x00, 0x00, 0x00, 0x00,
  0x60, 0x85, 0x60, 0x85, 0x60, 0x85, 0xF9, 0x4D, 0xF9, 0x4D, 0xF9, 0x4D, 0xF9, 0x4D, 0xFD, 0xFA, 0xFD, 0xFA, 0xFD, 0xFA, 0xFF, 0xFF, 0xFF, 0xFF,
  0xFF, 0xFF, 0xFF, 0xFF, 0xFD, 0xFA, 0xFD, 0xFA, 0xFD, 0xFA, 0xF9, 0x4D, 0xF9, 0x4D, 0xF9, 0x4D, 0xF9, 0x4D, 0x60, 0x85, 0x60, 0x85, 0x60, 0x85,
  0x00, 0x00, 0x00, 0x00, 0x00, 0x00, 0x00, 0x00, 0x00, 0x00, 0x00, 0x00, 0x00, 0x00, 0x00, 0x00, 0x00, 0x00, 0x00, 0x00, 0x00, 0x00, 0x00, 0x00,
};

/* Cola yellow apagada: mosaico 48x8, se repite hacia arriba */
uint8_t hold_tail_yellow[768] = {
  0x00, 0x00, 0x00, 0x00, 0x00, 0x00, 0x00, 0x00, 0x00, 0x00, 0x00, 0x00, 0x00, 0x00, 0x00, 0x00, 0x00, 0x00, 0x00, 0x00, 0x00, 0x00, 0x00, 0x00,
  0x31, 0x61, 0x31, 0x61, 0x31, 0x61, 0x8C, 0x06, 0x8C, 0x06, 0x8C, 0x06, 0x8C, 0x06, 0xD5, 0xE7, 0xD5, 0xE7, 0xD5, 0xE7, 0xFF, 0x6F, 0xFF, 0x6F,
  0xFF, 0x6F, 0xFF, 0x6F, 0xD5, 0xE7, 0xD5, 0xE7, 0xD5, 0xE7, 0x8C, 0x06, 0x8C, 0x06, 0x8C, 0x06, 0x8C, 0x06, 0x31, 0x61, 0x31, 0x61, 0x31, 0x61,
  0x00, 0x00, 0x00, 0x00, 0x00, 0x00, 0x00, 0x00, 0x00, 0x00, 0x00, 0x00, 0x00, 0x00, 0x00, 0x00, 0x00, 0x00, 0x00, 0x00, 0x00, 0x00, 0x00, 0x00,
  0x00, 0x00, 0x00, 0x00, 0x00, 0x00, 0x00, 0x00, 0x00, 0x00, 0x00, 0x00, 0x00, 0x00, 0x00, 0x00, 0x00, 0x00, 0x00, 0x00, 0x00, 0x00, 0x00, 0x00,
  0x31, 0x61, 0x31, 0x61, 0x31, 0x61, 0x8C, 0x06, 0x8C, 0x06, 0x8C, 0x06, 0x8C, 0x06, 0xD5, 0xE7, 0xD5, 0xE7, 0xD5, 0xE7, 0xFF, 0x6F, 0xFF, 0x6F,
  0xFF, 0x6F, 0xFF, 0x6F, 0xD5, 0xE7, 0xD5, 0xE7, 0xD5, 0xE7, 0x8C, 0x06, 0x8C, 0x06, 0x8C, 0x06, 0x8C, 0x06, 0x31, 0x61, 0x31, 0x61, 0x31, 0x61,
  0x00, 0x00, 0x00, 0x00, 0x00, 0x00, 0x00, 0x00, 0x00, 0x00, 0x00, 0x00, 0x00, 0x00, 0x00, 0x00, 0x00, 0x00, 0x00, 0x00, 0x00, 0x00, 0x00, 0x00,
  0x00, 0x00, 0x00, 0x00, 0x00, 0x00, 0x00, 0x00, 0x00, 0x00, 0x00, 0x00, 0x00, 0x00, 0x00, 0x00, 0x00, 0x00, 0x00, 0x00, 0x00, 0x00, 0x00, 0x00,
  0x31, 0x61, 0x31, 0x61, 0x31, 0x61, 0x83, 0x82, 0x83, 0x82, 0x83, 0x82, 0x83, 0x82, 0xCD, 0xA4, 0xCD, 0xA4, 0xCD, 0xA4, 0xFF, 0x4D, 0xFF, 0x4D,
  0xFF, 0x4D, 0xFF, 0x4D, 0xCD, 0xA4, 0xCD, 0xA4, 0xCD, 0xA4, 0x83, 0x82, 0x83, 0x82, 0x83, 0x82, 0x83, 0x82, 0x31, 0x61, 0x31, 0x61, 0x31, 0x61,
  0x00, 0x00, 0x00, 0x00, 0x00, 0x00, 0x00, 0x00, 0x00, 0x00, 0x00, 0x00, 0x00, 0x00, 0x00, 0x00, 0x00, 0x00, 0x00, 0x00, 0x00, 0x00, 0x00, 0x00,
  0x00, 0x00, 0x00, 0x00, 0x00, 0x00, 0x00, 0x00, 0x00, 0x00, 0x00, 0x00, 0x00, 0x00, 0x00, 0x00, 0x00, 0x00, 0x00, 0x00, 0x00, 0x00, 0x00, 0x00,
  0x31, 0x61, 0x31, 0x61, 0x31, 0x61, 0x83, 0x82, 0x83, 0x82, 0x83, 0x82, 0x83, 0x82, 0xCD, 0xA4, 0xCD, 0xA4, 0xCD, 0xA4, 0xFF, 0x4D, 0xFF, 0x4D,
  0xFF, 0x4D, 0xFF, 0x4D, 0xCD, 0xA4, 0xCD, 0xA4, 0xCD, 0xA4, 0x83, 0x82, 0x83, 0x82, 0x83, 0x82, 0x83, 0x82, 0x31, 0x61, 0x31, 0x61, 0x31, 0x61,
  0x00, 0x00, 0x00, 0x00, 0x00, 0x00, 0x00, 0x00, 0x00, 0x00, 0x00, 0x00, 0x00, 0x00, 0x00, 0x00, 0x00, 0x00, 0x00, 0x00, 0x00, 0x00, 0x00, 0x00,
  0x00, 0x00, 0x00, 0x00, 0x00, 0x00, 0x00, 0x00, 0x00, 0x00, 0x00, 0x00, 0x00, 0x00, 0x00, 0x00, 0x00, 0x00, 0x00, 0x00, 0x00, 0x00, 0x00, 0x00,
  0x31, 0x61, 0x31, 0x61, 0x31, 0x61, 0x83, 0x82, 0x83, 0x82, 0x83, 0x82, 0x83, 0x82, 0xCD, 0xA4, 0xCD, 0xA4, 0xCD, 0xA4, 0xFF, 0x4D, 0xFF, 0x4D,
  0xFF, 0x4D, 0xFF, 0x4D, 0xCD, 0xA4, 0xCD, 0xA4, 0xCD, 0xA4, 0x83, 0x82, 0x83, 0x82, 0x83, 0x82, 0x83, 0x82, 0x31, 0x61, 0x31, 0x61, 0x31, 0x61,
  0x00, 0x00, 0x00, 0x00, 0x00, 0x00, 0x00, 0x00, 0x00, 0x00, 0x00, 0x00, 0x00, 0x00, 0x00, 0x00, 0x00, 0x00, 0x00, 0x00, 0x00, 0x00, 0x00, 0x00,
  0x00, 0x00, 0x00, 0x00, 0x00, 0x00, 0x00, 0x00, 0x00, 0x00, 0x00, 0x00, 0x00, 0x00, 0x00, 0x00, 0x00, 0x00, 0x00, 0x00, 0x00, 0x00, 0x00, 0x00,
  0x31, 0x61, 0x31, 0x61, 0x31, 0x61, 0x83, 0x82, 0x83, 0x82, 0x83, 0x82, 0x83, 0x82, 0xCD, 0xA4, 0xCD, 0xA4, 0xCD, 0xA4, 0xFF, 0x4D, 0xFF, 0x4D,
  0xFF, 0x4D, 0xFF, 0x4D, 0xCD, 0xA4, 0xCD, 0xA4, 0xCD, 0xA4, 0x83, 0x82, 0x83, 0x82, 0x83, 0x82, 0x83, 0x82, 0x31, 0x61, 0x31, 0x61, 0x31, 0x61,
  0x00, 0x00, 0x00, 0x00, 0x00, 0x00, 0x00, 0x00, 0x00, 0x00, 0x00, 0x00, 0x00, 0x00, 0x00, 0x00, 0x00, 0x00, 0x00, 0x00, 0x00, 0x00, 0x00, 0x00,
  0x00, 0x00, 0x00, 0x00, 0x00, 0x00, 0x00, 0x00, 0x00, 0x00, 0x00, 0x00, 0x00, 0x00, 0x00, 0x00, 0x00, 0x00, 0x00, 0x00, 0x00, 0x00, 0x00, 0x00,
  0x31, 0x61, 0x31, 0x61, 0x31, 0x61, 0x83, 0x82, 0x83, 0x82, 0x83, 0x82, 0x83, 0x82, 0xCD, 0xA4, 0xCD, 0xA4, 0xCD, 0xA4, 0xFF, 0x4D, 0xFF, 0x4D,
  0xFF, 0x4D, 0xFF, 0x4D, 0xCD, 0xA4, 0xCD, 0xA4, 0xCD, 0xA4, 0x83, 0x82, 0x83, 0x82, 0x83, 0x82, 0x83, 0x82, 0x31, 0x61, 0x31, 0x61, 0x31, 0x61,
  0x00, 0x00, 0x00, 0x00, 0x00, 0x00, 0x00, 0x00, 0x00, 0x00, 0x00, 0x00, 0x00, 0x00, 0x00, 0x00, 0x00, 0x00, 0x00, 0x00, 0x00, 0x00, 0x00, 0x00,
  0x00, 0x00, 0x00, 0x00, 0x00, 0x00, 0x00, 0x00, 0x00, 0x00, 0x00, 0x00, 0x00, 0x00, 0x00, 0x00, 0x00, 0x00, 0x00, 0x00, 0x00, 0x00, 0x00, 0x00,
  0x31, 0x61, 0x31, 0x61, 0x31, 0x61, 0x83, 0x82, 0x83, 0x82, 0x83, 0x82, 0x83, 0x82, 0xCD, 0xA4, 0xCD, 0xA4, 0xCD, 0xA4, 0xFF, 0x4D, 0xFF, 0x4D,
  0xFF, 0x4D, 0xFF, 0x4D, 0xCD, 0xA4, 0xCD, 0xA4, 0xCD, 0xA4, 0x83, 0x82, 0x83, 0x82, 0x83, 0x82, 0x83, 0x82, 0x31, 0x61, 0x31, 0x61, 0x31, 0x61,
  0x00, 0x00, 0x00, 0x00, 0x00, 0x00, 0x00, 0x00, 0x00, 0x00, 0x00, 0x00, 0x00, 0x00, 0x00, 0x00, 0x00, 0x00, 0x00, 0x00, 0x00, 0x00, 0x00, 0x00,
};

/* Cola yellow encendida (sostenida): mosaico 48x8, se repite hacia arriba */
uint8_t hold_tail_yellow_on[768] = {
  0x00, 0x00, 0x00, 0x00, 0x00, 0x00, 0x00, 0x00, 0x00, 0x00, 0x00, 0x00, 0x00, 0x00, 0x00, 0x00, 0x00, 0x00, 0x00, 0x00, 0x00, 0x00, 0x00, 0x00,
  0x62, 0xC2, 0x62, 0xC2, 0x62, 0xC2, 0xFF, 0x6F, 0xFF, 0x6F, 0xFF, 0x6F, 0xFF, 0x6F, 0xFF, 0xDB, 0xFF, 0xDB, 0xFF, 0xDB, 0xFF, 0xFF, 0xFF, 0xFF,
  0xFF, 0xFF, 0xFF, 0xFF, 0xFF, 0xDB, 0xFF, 0xDB, 0xFF, 0xDB, 0xFF, 0x6F, 0xFF, 0x6F, 0xFF, 0x6F, 0xFF, 0x6F, 0x62, 0xC2, 0x62, 0xC2, 0x62, 0xC2,
  0x00, 0x00, 0x00, 0x00, 0x00, 0x00, 0x00, 0x00, 0x00, 0x00, 0x00, 0x00, 0x00, 0x00, 0x00, 0x00, 0x00, 0x00, 0x00, 0x00, 0x00, 0x00, 0x00, 0x00,
  0x00, 0x00, 0x00, 0x00, 0x00, 0x00, 0x00, 0x00, 0x00, 0x00, 0x00, 0x00, 0x00, 0x00, 0x00, 0x00, 0x00, 0x00, 0x00, 0x00, 0x00, 0x00, 0x00, 0x00,
  0x62, 0xC2, 0x62, 0xC2, 0x62, 0xC2, 0xFF, 0x6F, 0xFF, 0x6F, 0xFF, 0x6F, 0xFF, 0x6F, 0xFF, 0xDB, 0xFF, 0xDB, 0xFF, 0xDB, 0xFF, 0xFF, 0xFF, 0xFF,
  0xFF, 0xFF, 0xFF, 0xFF, 0xFF, 0xDB, 0xFF, 0xDB, 0xFF, 0xDB, 0xFF, 0x6F, 0xFF, 0x6F, 0xFF, 0x6F, 0xFF, 0x6F, 0x62, 0xC2, 0x62, 0xC2, 0x62, 0xC2,
  0x00, 0x00, 0x00, 0x00, 0x00, 0x00, 0x00, 0x00, 0x00, 0x00, 0x00, 0x00, 0x00, 0x00, 0x00, 0x00, 0x00, 0x00, 0x00, 0x00, 0x00, 0x00, 0x00, 0x00,
  0x00, 0x00, 0x00, 0x00, 0x00, 0x00, 0x00, 0x00, 0x00, 0x00, 0x00, 0x00, 0x00, 0x00, 0x00, 0x00, 0x00, 0x00, 0x00, 0x00, 0x00, 0x00, 0x00, 0x00,
  0x62, 0xC2, 0x62, 0xC2, 0x62, 0xC2, 0xFF, 0x05, 0xFF, 0x05, 0xFF, 0x05, 0xFF, 0x05, 0xFF, 0xB7, 0xFF, 0xB7, 0xFF, 0xB7, 0xFF, 0xFF, 0xFF, 0xFF,
  0xFF, 0xFF, 0xFF, 0xFF, 0xFF, 0xB7, 0xFF, 0xB7, 0xFF, 0xB7, 0xFF, 0x05, 0xFF, 0x05, 0xFF, 0x05, 0xFF, 0x05, 0x62, 0xC2, 0x62, 0xC2, 0x62, 0xC2,
  0x00, 0x00, 0x00, 0x00, 0x00, 0x00, 0x00, 0x00, 0x00, 0x00, 0x00, 0x00, 0x00, 0x00, 0x00, 0x00, 0x00, 0x00, 0x00, 0x00, 0x00, 0x00, 0x00, 0x00,
  0x00, 0x00, 0x00, 0x00, 0x00, 0x00, 0x00, 0x00, 0x00, 0x00, 0x00, 0x00, 0x00, 0x00, 0x00, 0x00, 0x00, 0x00, 0x00, 0x00, 0x00, 0x00, 0x00, 0x00,
  0x62, 0xC2, 0x62, 0xC2, 0x62, 0xC2, 0xFF, 0x05, 0xFF, 0x05, 0xFF, 0x05, 0xFF, 0x05, 0xFF, 0xB7, 0xFF, 0xB7, 0xFF, 0xB7, 0xFF, 0xFF, 0xFF, 0xFF,
  0xFF, 0xFF, 0xFF, 0xFF, 0xFF, 0xB7, 0xFF, 0xB7, 0xFF, 0xB7, 0xFF, 0x05, 0xFF, 0x05, 0xFF, 0x05, 0xFF, 0x05, 0x62, 0xC2, 0x62, 0xC2, 0x62, 0xC2,
  0x00, 0x00, 0x00, 0x00, 0x00, 0x00, 0x00, 0x00, 0x00, 0x00, 0x00, 0x00, 0x00, 0x00, 0x00, 0x00, 0x00, 0x00, 0x00, 0x00, 0x00, 0x00, 0x00, 0x00,
  0x00, 0x00, 0x00, 0x00, 0x00, 0x00, 0x00, 0x00, 0x00, 0x00, 0x00, 0x00, 0x00, 0x00, 0x00, 0x00, 0x00, 0x00, 0x00, 0x00, 0x00, 0x00, 0x00, 0x00,
  0x62, 0xC2, 0x62, 0xC2, 0x62, 0xC2, 0xFF, 0x05, 0xFF, 0x05, 0xFF, 0x05, 0xFF, 0x05, 0xFF, 0xB7, 0xFF, 0xB7, 0xFF, 0xB7, 0xFF, 0xFF, 0xFF, 0xFF,
  0xFF, 0xFF, 0xFF, 0xFF, 0xFF, 0xB7, 0xFF, 0xB7, 0xFF, 0xB7, 0xFF, 0x05, 0xFF, 0x05, 0xFF, 0x05, 0xFF, 0x05, 0x62, 0xC2, 0x62, 0xC2, 0x62, 0xC2,
  0x00, 0x00, 0x00, 0x00, 0x00, 0x00, 0x00, 0x00, 0x00, 0x00, 0x00, 0x00, 0x00, 0x00, 0x00, 0x00, 0x00, 0x00, 0x00, 0x00, 0x00, 0x00, 0x00, 0x00,
  0x00, 0x00, 0x00, 0x00, 0x00, 0x00, 0x00, 0x00, 0x00, 0x00, 0x00, 0x00, 0x00, 0x00, 0x00, 0x00, 0x00, 0x00, 0x00, 0x00, 0x00, 0x00, 0x00, 0x00,
  0x62, 0xC2, 0x62, 0xC2, 0x62, 0xC2, 0xFF, 0x05, 0xFF, 0x05, 0xFF, 0x05, 0xFF, 0x05, 0xFF, 0xB7, 0xFF, 0xB7, 0xFF, 0xB7, 0xFF, 0xFF, 0xFF, 0xFF,
  0xFF, 0xFF, 0xFF, 0xFF, 0xFF, 0xB7, 0xFF, 0xB7, 0xFF, 0xB7, 0xFF, 0x05, 0xFF, 0x05, 0xFF, 0x05, 0xFF, 0x05, 0x62, 0xC2, 0x62, 0xC2, 0x62, 0xC2,
  0x00, 0x00, 0x00, 0x00, 0x00, 0x00, 0x00, 0x00, 0x00, 0x00, 0x00, 0x00, 0x00, 0x00, 0x00, 0x00, 0x00, 0x00, 0x00, 0x00, 0x00, 0x00, 0x00, 0x00,
  0x00, 0x00, 0x00, 0x00, 0x00, 0x00, 0x00, 0x00, 0x00, 0x00, 0x00, 0x00, 0x00, 0x00, 0x00, 0x00, 0x00, 0x00, 0x00, 0x00, 0x00, 0x00, 0x00, 0x00,
  0x62, 0xC2, 0x62, 0xC2, 0x62, 0xC2, 0xFF, 0x05, 0xFF, 0x05, 0xFF, 0x05, 0xFF, 0x05, 0xFF, 0xB7, 0xFF, 0xB7, 0xFF, 0xB7, 0xFF, 0xFF, 0xFF, 0xFF,
  0xFF, 0xFF, 0xFF, 0xFF, 0xFF, 0xB7, 0xFF, 0xB7, 0xFF, 0xB7, 0xFF, 0x05, 0xFF, 0x05, 0xFF, 0x05, 0xFF, 0x05, 0x62, 0xC2, 0x62, 0xC2, 0x62, 0xC2,
  0x00, 0x00, 0x00, 0x00, 0x00, 0x00, 0x00, 0x00, 0x00, 0x00, 0x00, 0x00, 0x00, 0x00, 0x00, 0x00, 0x00, 0x00, 0x00, 0x00, 0x00, 0x00, 0x00, 0x00,
  0x00, 0x00, 0x00, 0x00, 0x00, 0x00, 0x00, 0x00, 0x00, 0x00, 0x00, 0x00, 0x00, 0x00, 0x00, 0x00, 0x00, 0x00, 0x00, 0x00, 0x00, 0x00, 0x00, 0x00,
  0x62, 0xC2, 0x62, 0xC2, 0x62, 0xC2, 0xFF, 0x05, 0xFF, 0x05, 0xFF, 0x05, 0xFF, 0x05, 0xFF, 0xB7, 0xFF, 0xB7, 0xFF, 0xB7, 0xFF, 0xFF, 0xFF, 0xFF,
  0xFF, 0xFF, 0xFF, 0xFF, 0xFF, 0xB7, 0xFF, 0xB7, 0xFF, 0xB7, 0xFF, 0x05, 0xFF, 0x05, 0xFF, 0x05, 0xFF, 0x05, 0x62, 0xC2, 0x62, 0xC2, 0x62, 0xC2,
  0x00, 0x00, 0x00, 0x00, 0x00, 0x00, 0x00, 0x00, 0x00, 0x00, 0x00, 0x00, 0x00, 0x00, 0x00, 0x00, 0x00, 0x00, 0x00, 0x00, 0x00, 0x00, 0x00, 0x00,
};

/* Cola blue apagada: mosaico 48x8, se repite hacia arriba */
uint8_t hold_tail_blue[768] = {
  0x00, 0x00, 0x00, 0x00, 0x00, 0x00, 0x00, 0x00, 0x00, 0x00, 0x00, 0x00, 0x00, 0x00, 0x00, 0x00, 0x00, 0x00, 0x00, 0x00, 0x00, 0x00, 0x00, 0x00,
  0x09, 0x46, 0x09, 0x46, 0x09, 0x46, 0x33, 0xD1, 0x33, 0xD1, 0x33, 0xD1, 0x33, 0xD1, 0x3D, 0x7A, 0x3D, 0x7A, 0x3D, 0x7A, 0x7F, 0x1F, 0x7F, 0x1F,
  0x7F, 0x1F, 0x7F, 0x1F, 0x3D, 0x7A, 0x3D, 0x7A, 0x3D, 0x7A, 0x33, 0xD1, 0x33, 0xD1, 0x33, 0xD1, 0x33, 0xD1, 0x09, 0x46, 0x09, 0x46, 0x09, 0x46,
  0x00, 0x00, 0x00, 0x00, 0x00, 0x00, 0x00, 0x00, 0x00, 0x00, 0x00, 0x00, 0x00, 0x00, 0x00, 0x00, 0x00, 0x00, 0x00, 0x00, 0x00, 0x00, 0x00, 0x00,
  0x00, 0x00, 0x00, 0x00, 0x00, 0x00, 0x00, 0x00, 0x00, 0x00, 0x00, 0x00, 0x00, 0x00, 0x00, 0x00, 0x00, 0x00, 0x00, 0x00, 0x00, 0x00, 0x00, 0x00,
  0x09, 0x46, 0x09, 0x46, 0x09, 0x46, 0x33, 0xD1, 0x33, 0xD1, 0x33, 0xD1, 0x33, 0xD1, 0x3D, 0x7A, 0x3D, 0x7A, 0x3D, 0x7A, 0x7F, 0x1F, 0x7F, 0x1F,
  0x7F, 0x1F, 0x7F, 0x1F, 0x3D, 0x7A, 0x3D, 0x7A, 0x3D, 0x7A, 0x33, 0xD1, 0x33, 0xD1, 0x33, 0xD1, 0x33, 0xD1, 0x09, 0x46, 0x09, 0x46, 0x09, 0x46,
  0x00, 0x00, 0x00, 0x00, 0x00, 0x00, 0x00, 0x00, 0x00, 0x00, 0x00, 0x00, 0x00, 0x00, 0x00, 0x00, 0x00, 0x00, 0x00, 0x00, 0x00, 0x00, 0x00, 0x00,
  0x00, 0x00, 0x00, 0x00, 0x00, 0x00, 0x00, 0x00, 0x00, 0x00, 0x00, 0x00, 0x00, 0x00, 0x00, 0x00, 0x00, 0x00, 0x00, 0x00, 0x00, 0x00, 0x00, 0x00,
  0x09, 0x46, 0x09, 0x46, 0x09, 0x46, 0x13, 0x30, 0x13, 0x30, 0x13, 0x30, 0x13, 0x30, 0x25, 0x39, 0x25, 0x39, 0x25, 0x39, 0x6E, 0xFF, 0x6E, 0xFF,
  0x6E, 0xFF, 0x6E, 0xFF, 0x25, 0x39, 0x25, 0x39, 0x25, 0x39, 0x13, 0x30, 0x13, 0x30, 0x13, 0x30, 0x13, 0x30, 0x09, 0x46, 0x09, 0x46, 0x09, 0x46,
  0x00, 0x00, 0x00, 0x00, 0x00, 0x00, 0x00, 0x00, 0x00, 0x00, 0x00, 0x00, 0x00, 0x00, 0x00, 0x00, 0x00, 0x00, 0x00, 0x00, 0x00, 0x00, 0x00, 0x00,
  0x00, 0x00, 0x00, 0x00, 0x00, 0x00, 0x00, 0x00, 0x00, 0x00, 0x00, 0x00, 0x00, 0x00, 0x00, 0x00, 0x00, 0x00, 0x00, 0x00, 0x00, 0x00, 0x00, 0x00,
  0x09, 0x46, 0x09, 0x46, 0x09, 0x46, 0x13, 0x30, 0x13, 0x30, 0x13, 0x30, 0x13, 0x30, 0x25, 0x39, 0x25, 0x39, 0x25, 0x39, 0x6E, 0xFF, 0x6E, 0xFF,
  0x6E, 0xFF, 0x6E, 0xFF, 0x25, 0x39, 0x25, 0x39, 0x25, 0x39, 0x13, 0x30, 0x13, 0x30, 0x13, 0x30, 0x13, 0x30, 0x09, 0x46, 0x09, 0x46, 0x09, 0x46,
  0x00, 0x00, 0x00, 0x00, 0x00, 0x00, 0x00, 0x00, 0x00, 0x00, 0x00, 0x00, 0x00, 0x00, 0x00, 0x00, 0x00, 0x00, 0x00, 0x00, 0x00, 0x00, 0x00, 0x00,
  0x00, 0x00, 0x00, 0x00, 0x00, 0x00, 0x00, 0x00, 0x00, 0x00, 0x00, 0x00, 0x00, 0x00, 0x00, 0x00, 0x00, 0x00, 0x00, 0x00, 0x00, 0x00, 0x00, 0x00,
  0x09, 0x46, 0x09, 0x46, 0x09, 0x46, 0x13, 0x30, 0x13, 0x30, 0x13, 0x30, 0x13, 0x30, 0x25, 0x39, 0x25, 0x39, 0x25, 0x39, 0x6E, 0xFF, 0x6E, 0xFF,
  0x6E, 0xFF, 0x6E, 0xFF, 0x25, 0x39, 0x25, 0x39, 0x25, 0x39, 0x13, 0x30, 0x13, 0x30, 0x13, 0x30, 0x13, 0x30, 0x09, 0x46, 0x09, 0x46, 0x09, 0x46,
  0x00, 0x00, 0x00, 0x00, 0x00, 0x00, 0x00, 0x00, 0x00, 0x00, 0x00, 0x00, 0x00, 0x00, 0x00, 0x00, 0x00, 0x00, 0x00, 0x00, 0x00, 0x00, 0x00, 0x00,
  0x00, 0x00, 0x00, 0x00, 0x00, 0x00, 0x00, 0x00, 0x00, 0x00, 0x00, 0x00, 0x00, 0x00, 0x00, 0x00, 0x00, 0x00, 0x00, 0x00, 0x00, 0x00, 0x00, 0x00,
  0x09, 0x46, 0x09, 0x46, 0x09, 0x46, 0x13, 0x30, 0x13, 0x30, 0x13, 0x30, 0x13, 0x30, 0x25, 0x39, 0x25, 0x39, 0x25, 0x39, 0x6E, 0xFF, 0x6E, 0xFF,
  0x6E, 0xFF, 0x6E, 0xFF, 0x25, 0x39, 0x25, 0x39, 0x25, 0x39, 0x13, 0x30, 0x13, 0x30, 0x13, 0x30, 0x13, 0x30, 0x09, 0x46, 0x09, 0x46, 0x09, 0x46,
  0x00, 0x00, 0x00, 0x00, 0x00, 0x00, 0x00, 0x00, 0x00, 0x00, 0x00, 0x00, 0x00, 0x00, 0x00, 0x00, 0x00, 0x00, 0x00, 0x00, 0x00, 0x00, 0x00, 0x00,
  0x00, 0x00, 0x00, 0x00, 0x00, 0x00, 0x00, 0x00, 0x00, 0x00, 0x00, 0x00, 0x00, 0x00, 0x00, 0x00, 0x00, 0x00, 0x00, 0x00, 0x00, 0x00, 0x00, 0x00,
  0x09, 0x46, 0x09, 0x46, 0x09, 0x46, 0x13, 0x30, 0x13, 0x30, 0x13, 0x30, 0x13, 0x30, 0x25, 0x39, 0x25, 0x39, 0x25, 0x39, 0x6E, 0xFF, 0x6E, 0xFF,
  0x6E, 0xFF, 0x6E, 0xFF, 0x25, 0x39, 0x25, 0x39, 0x25, 0x39, 0x13, 0x30, 0x13, 0x30, 0x13, 0x30, 0x13, 0x30, 0x09, 0x46, 0x09, 0x46, 0x09, 0x46,
  0x00, 0x00, 0x00, 0x00, 0x00, 0x00, 0x00, 0x00, 0x00, 0x00, 0x00, 0x00, 0x00, 0x00, 0x00, 0x00, 0x00, 0x00, 0x00, 0x00, 0x00, 0x00, 0x00, 0x00,
  0x00, 0x00, 0x00, 0x00, 0x00, 0x00, 0x00, 0x00, 0x00, 0x00, 0x00, 0x00, 0x00, 0x00, 0x00, 0x00, 0x00, 0x00, 0x00, 0x00, 0x00, 0x00, 0x00, 0x00,
  0x09, 0x46, 0x09, 0x46, 0x09, 0x46, 0x13, 0x30, 0x13, 0x30, 0x13, 0x30, 0x13, 0x30, 0x25, 0x39, 0x25, 0x39, 0x25, 0x39, 0x6E, 0xFF, 0x6E, 0xFF,
  0x6E, 0xFF, 0x6E, 0xFF, 0x25, 0x39, 0x25, 0x39, 0x25, 0x39, 0x13, 0x30, 0x13, 0x30, 0x13, 0x30, 0x13, 0x30, 0x09, 0x46, 0x09, 0x46, 0x09, 0x46,
  0x00, 0x00, 0x00, 0x00, 0x00, 0x00, 0x00, 0x00, 0x00, 0x00, 0x00, 0x00, 0x00, 0x00, 0x00, 0x00, 0x00, 0x00, 0x00, 0x00, 0x00, 0x00, 0x00, 0x00,
};

/* Cola blue encendida (sostenida): mosaico 48x8, se repite hacia arriba */
uint8_t hold_tail_blue_on[768] = {
  0x00, 0x00, 0x00, 0x00, 0x00, 0x00, 0x00, 0x00, 0x00, 0x00, 0x00, 0x00, 0x00, 0x00, 0x00, 0x00, 0x00, 0x00, 0x00, 0x00, 0x00, 0x00, 0x00, 0x00,
  0x12, 0x8C, 0x12, 0x8C, 0x12, 0x8C, 0x7F, 0x1F, 0x7F, 0x1F, 0x7F, 0x1F, 0x7F, 0x1F, 0xDF, 0xBF, 0xDF, 0xBF, 0xDF, 0xBF, 0xFF, 0xFF, 0xFF, 0xFF,
  0xFF, 0xFF, 0xFF, 0xFF, 0xDF, 0xBF, 0xDF, 0xBF, 0xDF, 0xBF, 0x7F, 0x1F, 0x7F, 0x1F, 0x7F, 0x1F, 0x7F, 0x1F, 0x12, 0x8C, 0x12, 0x8C, 0x12, 0x8C,
  0x00, 0x00, 0x00, 0x00, 0x00, 0x00, 0x00, 0x00, 0x00, 0x00, 0x00, 0x00, 0x00, 0x00, 0x00, 0x00, 0x00, 0x00, 0x00, 0x00, 0x00, 0x00, 0x00, 0x00,
  0x00, 0x00, 0x00, 0x00, 0x00, 0x00, 0x00, 0x00, 0x00, 0x00, 0x00, 0x00, 0x00, 0x00, 0x00, 0x00, 0x00, 0x00, 0x00, 0x00, 0x00, 0x00, 0x00, 0x00,
  0x12, 0x8C, 0x12, 0x8C, 0x12, 0x8C, 0x7F, 0x1F, 0x7F, 0x1F, 0x7F, 0x1F, 0x7F, 0x1F, 0xDF, 0xBF, 0xDF, 0xBF, 0xDF, 0xBF, 0xFF, 0xFF, 0xFF, 0xFF,
  0xFF, 0xFF, 0xFF, 0xFF, 0xDF, 0xBF, 0xDF, 0xBF, 0xDF, 0xBF, 0x7F, 0x1F, 0x7F, 0x1F, 0x7F, 0x1F, 0x7F, 0x1F, 0x12, 0x8C, 0x12, 0x8C, 0x12, 0x8C,
  0x00, 0x00, 0x00, 0x00, 0x00, 0x00, 0x00, 0x00, 0x00, 0x00, 0x00, 0x00, 0x00, 0x00, 0x00, 0x00, 0x00, 0x00, 0x00, 0x00, 0x00, 0x00, 0x00, 0x00,
  0x00, 0x00, 0x00, 0x00, 0x00, 0x00, 0x00, 0x00, 0x00, 0x00, 0x00, 0x00, 0x00, 0x00, 0x00, 0x00, 0x00, 0x00, 0x00, 0x00, 0x00, 0x00, 0x00, 0x00,
  0x12, 0x8C, 0x12, 0x8C, 0x12, 0x8C, 0x2E, 0x7F, 0x2E, 0x7F, 0x2E, 0x7F, 0x2E, 0x7F, 0xBF, 0x9F, 0xBF, 0x9F, 0xBF, 0x9F, 0xFF, 0xFF, 0xFF, 0xFF,
  0xFF, 0xFF, 0xFF, 0xFF, 0xBF, 0x9F, 0xBF, 0x9F, 0xBF, 0x9F, 0x2E, 0x7F, 0x2E, 0x7F, 0x2E, 0x7F, 0x2E, 0x7F, 0x12, 0x8C, 0x12, 0x8C, 0x12, 0x8C,
  0x00, 0x00, 0x00, 0x00, 0x00, 0x00, 0x00, 0x00, 0x00, 0x00, 0x00, 0x00, 0x00, 0x00, 0x00, 0x00, 0x00, 0x00, 0x00, 0x00, 0x00, 0x00, 0x00, 0x00,
  0x00, 0x00, 0x00, 0x00, 0x00, 0x00, 0x00, 0x00, 0x00, 0x00, 0x00, 0x00, 0x00, 0x00, 0x00, 0x00, 0x00, 0x00, 0x00, 0x00, 0x00, 0x00, 0x00, 0x00,
  0x12, 0x8C, 0x12, 0x8C, 0x12, 0x8C, 0x2E, 0x7F, 0x2E, 0x7F, 0x2E, 0x7F, 0x2E, 0x7F, 0xBF, 0x9F, 0xBF, 0x9F, 0xBF, 0x9F, 0xFF, 0xFF, 0xFF, 0xFF,
  0xFF, 0xFF, 0xFF, 0xFF, 0xBF, 0x9F, 0xBF, 0x9F, 0xBF, 0x9F, 0x2E, 0x7F, 0x2E, 0x7F, 0x2E, 0x7F, 0x2E, 0x7F, 0x12, 0x8C, 0x12, 0x8C, 0x12, 0x8C,
  0x00, 0x00, 0x00, 0x00, 0x00, 0x00, 0x00, 0x00, 0x00, 0x00, 0x00, 0x00, 0x00, 0x00, 0x00, 0x00, 0x00, 0x00, 0x00, 0x00, 0x00, 0x00, 0x00, 0x00,
  0x00, 0x00, 0x00, 0x00, 0x00, 0x00, 0x00, 0x00, 0x00, 0x00, 0x00, 0x00, 0x00, 0x00, 0x00, 0x00, 0x00, 0x00, 0x00, 0x00, 0x00, 0x00, 0x00, 0x00,
  0x12, 0x8C, 0x12, 0x8C, 0x12, 0x8C, 0x2E, 0x7F, 0x2E, 0x7F, 0x2E, 0x7F, 0x2E, 0x7F, 0xBF, 0x9F, 0xBF, 0x9F, 0xBF, 0x9F, 0xFF, 0xFF, 0xFF, 0xFF,
  0xFF, 0xFF, 0xFF, 0xFF, 0xBF, 0x9F, 0xBF, 0x9F, 0xBF, 0x9F, 0x2E, 0x7F, 0x2E, 0x7F, 0x2E, 0x7F, 0x2E, 0x7F, 0x12, 0x8C, 0x12, 0x8C, 0x12, 0x8C,
  0x00, 0x00, 0x00, 0x00, 0x00, 0x00, 0x00, 0x00, 0x00, 0x00, 0x00, 0x00, 0x00, 0x00, 0x00, 0x00, 0x00, 0x00, 0x00, 0x00, 0x00, 0x00, 0x00, 0x00,
  0x00, 0x00, 0x00, 0x00, 0x00, 0x00, 0x00, 0x00, 0x00, 0x00, 0x00, 0x00, 0x00, 0x00, 0x00, 0x00, 0x00, 0x00, 0x00, 0x00, 0x00, 0x00, 0x00, 0x00,
  0x12, 0x8C, 0x12, 0x8C, 0x12, 0x8C, 0x2E, 0x7F, 0x2E, 0x7F, 0x2E, 0x7F, 0x2E, 0x7F, 0xBF, 0x9F, 0xBF, 0x9F, 0xBF, 0x9F, 0xFF, 0xFF, 0xFF, 0xFF,
  0xFF, 0xFF, 0xFF, 0xFF, 0xBF, 0x9F, 0xBF, 0x9F, 0xBF, 0x9F, 0x2E, 0x7F, 0x2E, 0x7F, 0x2E, 0x7F, 0x2E, 0x7F, 0x12, 0x8C, 0x12, 0x8C, 0x12, 0x8C,
  0x00, 0x00, 0x00, 0x00, 0x00, 0x00, 0x00, 0x00, 0x00, 0x00, 0x00, 0x00, 0x00, 0x00, 0x00, 0x00, 0x00, 0x00, 0x00, 0x00, 0x00, 0x00, 0x00, 0x00,
  0x00, 0x00, 0x00, 0x00, 0x00, 0x00, 0x00, 0x00, 0x00, 0x00, 0x00, 0x00, 0x00, 0x00, 0x00, 0x00, 0x00, 0x00, 0x00, 0x00, 0x00, 0x00, 0x00, 0x00,
  0x12, 0x8C, 0x12, 0x8C, 0x12, 0x8C, 0x2E, 0x7F, 0x2E, 0x7F, 0x2E, 0x7F, 0x2E, 0x7F, 0xBF, 0x9F, 0xBF, 0x9F, 0xBF, 0x9F, 0xFF, 0xFF, 0xFF, 0xFF,
  0xFF, 0xFF, 0xFF, 0xFF, 0xBF, 0x9F, 0xBF, 0x9F, 0xBF, 0x9F, 0x2E, 0x7F, 0x2E, 0x7F, 0x2E, 0x7F, 0x2E, 0x7F, 0x12, 0x8C, 0x12, 0x8C, 0x12, 0x8C,
  0x00, 0x00, 0x00, 0x00, 0x00, 0x00, 0x00, 0x00, 0x00, 0x00, 0x00, 0x00, 0x00, 0x00, 0x00, 0x00, 0x00, 0x00, 0x00, 0x00, 0x00, 0x00, 0x00, 0x00,
  0x00, 0x00, 0x00, 0x00, 0x00, 0x00, 0x00, 0x00, 0x00, 0x00, 0x00, 0x00, 0x00, 0x00, 0x00, 0x00, 0x00, 0x00, 0x00, 0x00, 0x00, 0x00, 0x00, 0x00,
  0x12, 0x8C, 0x12, 0x8C, 0x12, 0x8C, 0x2E, 0x7F, 0x2E, 0x7F, 0x2E, 0x7F, 0x2E, 0x7F, 0xBF, 0x9F, 0xBF, 0x9F, 0xBF, 0x9F, 0xFF, 0xFF, 0xFF, 0xFF,
  0xFF, 0xFF, 0xFF, 0xFF, 0xBF, 0x9F, 0xBF, 0x9F, 0xBF, 0x9F, 0x2E, 0x7F, 0x2E, 0x7F, 0x2E, 0x7F, 0x2E, 0x7F, 0x12, 0x8C, 0x12, 0x8C, 0x12, 0x8C,
  0x00, 0x00, 0x00, 0x00, 0x00, 0x00, 0x00, 0x00, 0x00, 0x00, 0x00, 0x00, 0x00, 0x00, 0x00, 0x00, 0x00, 0x00, 0x00, 0x00, 0x00, 0x00, 0x00, 0x00,
};

uint8_t * const gh_btn_sheet[GH_NUM_CARRILES] = { btn_green, btn_red, btn_yellow, btn_blue };
uint8_t * const gh_note[GH_NUM_CARRILES]      = { note_green, note_red, note_yellow, note_blue };
uint8_t * const gh_hold_head[GH_NUM_CARRILES] = { hold_head_green, hold_head_red, hold_head_yellow, hold_head_blue };
uint8_t * const gh_hold_tail[GH_NUM_CARRILES] = { hold_tail_green, hold_tail_red, hold_tail_yellow, hold_tail_blue };
uint8_t * const gh_hold_tail_on[GH_NUM_CARRILES] = { hold_tail_green_on, hold_tail_red_on, hold_tail_yellow_on, hold_tail_blue_on };
